snapshot_id,recorded_at,app_version,date,course,race_no,race_name,surface,distance,going,horse_no,horse_name,mark,rank,win_prob,top3_prob,base_ai_index,day_adjustment,ai_index,odds,popularity,body_weight,body_weight_diff,snapshot_type,post_time,minutes_before_post,auto_generated,bet_style,bet_budget,bet_plan_json,bet_stake,bet_payout,bet_profit,bet_roi,bet_hit_count,bet_ticket_count,bet_refund_count,bet_status,bet_ticket_results_json,bet_settled_at,actual_finish,actual_win,actual_top3,settled_at,result_url
2026-09-27|中山|1R|05dd07330c91443f|morning|NA,2026-09-26T20:16:58+09:00,1.7,2026-09-27,中山,1R,2歳未勝利,ダート,1200,重,1,ドナチャージ,☆,7,0.0324654217075694,0.0248467353638175,6.878771231598735,0.0,6.878771231598735,25.5,7,,,morning,,,True,標準,2000.0,"[{""スタイル"":""標準"",""券種"":""単勝"",""買い目"":""13 ワレモコウ"",""狙い"":""◎の勝ち切り"",""金額"":300,""予算内比率"":""15%""},{""スタイル"":""標準"",""券種"":""馬連"",""買い目"":""13 ワレモコウ - 2 エコロブラン"",""狙い"":""◎－○の本線"",""金額"":300,""予算内比率"":""15%""},{""スタイル"":""標準"",""券種"":""ワイド"",""買い目"":""13 ワレモコウ - 2 エコロブラン"",""狙い"":""◎－○の安定側"",""金額"":300,""予算内比率"":""15%""},{""スタイル"":""標準"",""券種"":""馬連"",""買い目"":""13 ワレモコウ - 11 ジェミニディウ"",""狙い"":""◎－▲の押さえ"",""金額"":200,""予算内比率"":""10%""},{""スタイル"":""標準"",""券種"":""ワイド"",""買い目"":""13 ワレモコウ - 11 ジェミニディウ"",""狙い"":""◎－▲"",""金額"":200,""予算内比率"":""10%""},{""スタイル"":""標準"",""券種"":""三連複"",""買い目"":""13 ワレモコウ - 2 エコロブラン - 11 ジェミニディウ"",""狙い"":""◎○▲の中心"",""金額"":300,""予算内比率"":""15%""},{""スタイル"":""標準"",""券種"":""三連複"",""買い目"":""13 ワレモコウ - 2 エコロブラン - 4 ノーブルミント"",""狙い"":""◎○－△"",""金額"":200,""予算内比率"":""10%""},{""スタイル"":""標準"",""券種"":""三連複"",""買い目"":""13 ワレモコウ - 11 ジェミニディウ - 7 マリノエスプレッソ"",""狙い"":""◎▲－△"",""金額"":200,""予算内比率"":""10%""}]",,,,,,,,,,,,,,,
2026-09-27|中山|1R|05dd07330c91443f|morning|NA,2026-09-26T20:16:58+09:00,1.7,2026-09-27,中山,1R,2歳未勝利,ダート,1200,重,2,エコロブラン,○,2,0.093238710267471,0.0396748135935712,12.134105096733212,0.0,12.134105096733212,4.1,2,,,morning,,,True,標準,2000.0,"[{""スタイル"":""標準"",""券種"":""単勝"",""買い目"":""13 ワレモコウ"",""狙い"":""◎の勝ち切り"",""金額"":300,""予算内比率"":""15%""},{""スタイル"":""標準"",""券種"":""馬連"",""買い目"":""13 ワレモコウ - 2 エコロブラン"",""狙い"":""◎－○の本線"",""金額"":300,""予算内比率"":""15%""},{""スタイル"":""標準"",""券種"":""ワイド"",""買い目"":""13 ワレモコウ - 2 エコロブラン"",""狙い"":""◎－○の安定側"",""金額"":300,""予算内比率"":""15%""},{""スタイル"":""標準"",""券種"":""馬連"",""買い目"":""13 ワレモコウ - 11 ジェミニディウ"",""狙い"":""◎－▲の押さえ"",""金額"":200,""予算内比率"":""10%""},{""スタイル"":""標準"",""券種"":""ワイド"",""買い目"":""13 ワレモコウ - 11 ジェミニディウ"",""狙い"":""◎－▲"",""金額"":200,""予算内比率"":""10%""},{""スタイル"":""標準"",""券種"":""三連複"",""買い目"":""13 ワレモコウ - 2 エコロブラン - 11 ジェミニディウ"",""狙い"":""◎○▲の中心"",""金額"":300,""予算内比率"":""15%""},{""スタイル"":""標準"",""券種"":""三連複"",""買い目"":""13 ワレモコウ - 2 エコロブラン - 4 ノーブルミント"",""狙い"":""◎○－△"",""金額"":200,""予算内比率"":""10%""},{""スタイル"":""標準"",""券種"":""三連複"",""買い目"":""13 ワレモコウ - 11 ジェミニディウ - 7 マリノエスプレッソ"",""狙い"":""◎▲－△"",""金額"":200,""予算内比率"":""10%""}]",,,,,,,,,,,,,,,
2026-09-27|中山|1R|05dd07330c91443f|morning|NA,2026-09-26T20:16:58+09:00,1.7,2026-09-27,中山,1R,2歳未勝利,ダート,1200,重,3,リングスター,×,14,0.018135715875606,0.018486408579433,5.496417419213303,0.0,5.496417419213303,76.6,14,,,morning,,,True,標準,2000.0,"[{""スタイル"":""標準"",""券種"":""単勝"",""買い目"":""13 ワレモコウ"",""狙い"":""◎の勝ち切り"",""金額"":300,""予算内比率"":""15%""},{""スタイル"":""標準"",""券種"":""馬連"",""買い目"":""13 ワレモコウ - 2 エコロブラン"",""狙い"":""◎－○の本線"",""金額"":300,""予算内比率"":""15%""},{""スタイル"":""標準"",""券種"":""ワイド"",""買い目"":""13 ワレモコウ - 2 エコロブラン"",""狙い"":""◎－○の安定側"",""金額"":300,""予算内比率"":""15%""},{""スタイル"":""標準"",""券種"":""馬連"",""買い目"":""13 ワレモコウ - 11 ジェミニディウ"",""狙い"":""◎－▲の押さえ"",""金額"":200,""予算内比率"":""10%""},{""スタイル"":""標準"",""券種"":""ワイド"",""買い目"":""13 ワレモコウ - 11 ジェミニディウ"",""狙い"":""◎－▲"",""金額"":200,""予算内比率"":""10%""},{""スタイル"":""標準"",""券種"":""三連複"",""買い目"":""13 ワレモコウ - 2 エコロブラン - 11 ジェミニディウ"",""狙い"":""◎○▲の中心"",""金額"":300,""予算内比率"":""15%""},{""スタイル"":""標準"",""券種"":""三連複"",""買い目"":""13 ワレモコウ - 2 エコロブラン - 4 ノーブルミント"",""狙い"":""◎○－△"",""金額"":200,""予算内比率"":""10%""},{""スタイル"":""標準"",""券種"":""三連複"",""買い目"":""13 ワレモコウ - 11 ジェミニディウ - 7 マリノエスプレッソ"",""狙い"":""◎▲－△"",""金額"":200,""予算内比率"":""10%""}]",,,,,,,,,,,,,,,
2026-09-27|中山|1R|05dd07330c91443f|morning|NA,2026-09-26T20:16:58+09:00,1.7,2026-09-27,中山,1R,2歳未勝利,ダート,1200,重,4,ノーブルミント,△,4,0.0638844031805644,0.0315618329618991,9.548167830499755,0.0,9.548167830499755,10.1,5,,,morning,,,True,標準,2000.0,"[{""スタイル"":""標準"",""券種"":""単勝"",""買い目"":""13 ワレモコウ"",""狙い"":""◎の勝ち切り"",""金額"":300,""予算内比率"":""15%""},{""スタイル"":""標準"",""券種"":""馬連"",""買い目"":""13 ワレモコウ - 2 エコロブラン"",""狙い"":""◎－○の本線"",""金額"":300,""予算内比率"":""15%""},{""スタイル"":""標準"",""券種"":""ワイド"",""買い目"":""13 ワレモコウ - 2 エコロブラン"",""狙い"":""◎－○の安定側"",""金額"":300,""予算内比率"":""15%""},{""スタイル"":""標準"",""券種"":""馬連"",""買い目"":""13 ワレモコウ - 11 ジェミニディウ"",""狙い"":""◎－▲の押さえ"",""金額"":200,""予算内比率"":""10%""},{""スタイル"":""標準"",""券種"":""ワイド"",""買い目"":""13 ワレモコウ - 11 ジェミニディウ"",""狙い"":""◎－▲"",""金額"":200,""予算内比率"":""10%""},{""スタイル"":""標準"",""券種"":""三連複"",""買い目"":""13 ワレモコウ - 2 エコロブラン - 11 ジェミニディウ"",""狙い"":""◎○▲の中心"",""金額"":300,""予算内比率"":""15%""},{""スタイル"":""標準"",""券種"":""三連複"",""買い目"":""13 ワレモコウ - 2 エコロブラン - 4 ノーブルミント"",""狙い"":""◎○－△"",""金額"":200,""予算内比率"":""10%""},{""スタイル"":""標準"",""券種"":""三連複"",""買い目"":""13 ワレモコウ - 11 ジェミニディウ - 7 マリノエスプレッソ"",""狙い"":""◎▲－△"",""金額"":200,""予算内比率"":""10%""}]",,,,,,,,,,,,,,,
2026-09-27|中山|1R|05dd07330c91443f|morning|NA,2026-09-26T20:16:58+09:00,1.7,2026-09-27,中山,1R,2歳未勝利,ダート,1200,重,5,プリンセスロッティ,注,8,0.0289767184002925,0.0250448537214045,6.629554058869255,0.0,6.629554058869255,35.3,9,,,morning,,,True,標準,2000.0,"[{""スタイル"":""標準"",""券種"":""単勝"",""買い目"":""13 ワレモコウ"",""狙い"":""◎の勝ち切り"",""金額"":300,""予算内比率"":""15%""},{""スタイル"":""標準"",""券種"":""馬連"",""買い目"":""13 ワレモコウ - 2 エコロブラン"",""狙い"":""◎－○の本線"",""金額"":300,""予算内比率"":""15%""},{""スタイル"":""標準"",""券種"":""ワイド"",""買い目"":""13 ワレモコウ - 2 エコロブラン"",""狙い"":""◎－○の安定側"",""金額"":300,""予算内比率"":""15%""},{""スタイル"":""標準"",""券種"":""馬連"",""買い目"":""13 ワレモコウ - 11 ジェミニディウ"",""狙い"":""◎－▲の押さえ"",""金額"":200,""予算内比率"":""10%""},{""スタイル"":""標準"",""券種"":""ワイド"",""買い目"":""13 ワレモコウ - 11 ジェミニディウ"",""狙い"":""◎－▲"",""金額"":200,""予算内比率"":""10%""},{""スタイル"":""標準"",""券種"":""三連複"",""買い目"":""13 ワレモコウ - 2 エコロブラン - 11 ジェミニディウ"",""狙い"":""◎○▲の中心"",""金額"":300,""予算内比率"":""15%""},{""スタイル"":""標準"",""券種"":""三連複"",""買い目"":""13 ワレモコウ - 2 エコロブラン - 4 ノーブルミント"",""狙い"":""◎○－△"",""金額"":200,""予算内比率"":""10%""},{""スタイル"":""標準"",""券種"":""三連複"",""買い目"":""13 ワレモコウ - 11 ジェミニディウ - 7 マリノエスプレッソ"",""狙い"":""◎▲－△"",""金額"":200,""予算内比率"":""10%""}]",,,,,,,,,,,,,,,
2026-09-27|中山|1R|05dd07330c91443f|morning|NA,2026-09-26T20:16:58+09:00,1.7,2026-09-27,中山,1R,2歳未勝利,ダート,1200,重,6,ニシノドリーマー,×,16,0.0032936041787374,0.002762266034944,3.607813924251873,0.0,3.607813924251873,999.9,16,,,morning,,,True,標準,2000.0,"[{""スタイル"":""標準"",""券種"":""単勝"",""買い目"":""13 ワレモコウ"",""狙い"":""◎の勝ち切り"",""金額"":300,""予算内比率"":""15%""},{""スタイル"":""標準"",""券種"":""馬連"",""買い目"":""13 ワレモコウ - 2 エコロブラン"",""狙い"":""◎－○の本線"",""金額"":300,""予算内比率"":""15%""},{""スタイル"":""標準"",""券種"":""ワイド"",""買い目"":""13 ワレモコウ - 2 エコロブラン"",""狙い"":""◎－○の安定側"",""金額"":300,""予算内比率"":""15%""},{""スタイル"":""標準"",""券種"":""馬連"",""買い目"":""13 ワレモコウ - 11 ジェミニディウ"",""狙い"":""◎－▲の押さえ"",""金額"":200,""予算内比率"":""10%""},{""スタイル"":""標準"",""券種"":""ワイド"",""買い目"":""13 ワレモコウ - 11 ジェミニディウ"",""狙い"":""◎－▲"",""金額"":200,""予算内比率"":""10%""},{""スタイル"":""標準"",""券種"":""三連複"",""買い目"":""13 ワレモコウ - 2 エコロブラン - 11 ジェミニディウ"",""狙い"":""◎○▲の中心"",""金額"":300,""予算内比率"":""15%""},{""スタイル"":""標準"",""券種"":""三連複"",""買い目"":""13 ワレモコウ - 2 エコロブラン - 4 ノーブルミント"",""狙い"":""◎○－△"",""金額"":200,""予算内比率"":""10%""},{""スタイル"":""標準"",""券種"":""三連複"",""買い目"":""13 ワレモコウ - 11 ジェミニディウ - 7 マリノエスプレッソ"",""狙い"":""◎▲－△"",""金額"":200,""予算内比率"":""10%""}]",,,,,,,,,,,,,,,
2026-09-27|中山|1R|05dd07330c91443f|morning|NA,2026-09-26T20:16:58+09:00,1.7,2026-09-27,中山,1R,2歳未勝利,ダート,1200,重,7,マリノエスプレッソ,△,5,0.051049999375888,0.0347424836563581,8.753926301173589,0.0,8.753926301173589,7.9,4,,,morning,,,True,標準,2000.0,"[{""スタイル"":""標準"",""券種"":""単勝"",""買い目"":""13 ワレモコウ"",""狙い"":""◎の勝ち切り"",""金額"":300,""予算内比率"":""15%""},{""スタイル"":""標準"",""券種"":""馬連"",""買い目"":""13 ワレモコウ - 2 エコロブラン"",""狙い"":""◎－○の本線"",""金額"":300,""予算内比率"":""15%""},{""スタイル"":""標準"",""券種"":""ワイド"",""買い目"":""13 ワレモコウ - 2 エコロブラン"",""狙い"":""◎－○の安定側"",""金額"":300,""予算内比率"":""15%""},{""スタイル"":""標準"",""券種"":""馬連"",""買い目"":""13 ワレモコウ - 11 ジェミニディウ"",""狙い"":""◎－▲の押さえ"",""金額"":200,""予算内比率"":""10%""},{""スタイル"":""標準"",""券種"":""ワイド"",""買い目"":""13 ワレモコウ - 11 ジェミニディウ"",""狙い"":""◎－▲"",""金額"":200,""予算内比率"":""10%""},{""スタイル"":""標準"",""券種"":""三連複"",""買い目"":""13 ワレモコウ - 2 エコロブラン - 11 ジェミニディウ"",""狙い"":""◎○▲の中心"",""金額"":300,""予算内比率"":""15%""},{""スタイル"":""標準"",""券種"":""三連複"",""買い目"":""13 ワレモコウ - 2 エコロブラン - 4 ノーブルミント"",""狙い"":""◎○－△"",""金額"":200,""予算内比率"":""10%""},{""スタイル"":""標準"",""券種"":""三連複"",""買い目"":""13 ワレモコウ - 11 ジェミニディウ - 7 マリノエスプレッソ"",""狙い"":""◎▲－△"",""金額"":200,""予算内比率"":""10%""}]",,,,,,,,,,,,,,,
2026-09-27|中山|1R|05dd07330c91443f|morning|NA,2026-09-26T20:16:58+09:00,1.7,2026-09-27,中山,1R,2歳未勝利,ダート,1200,重,8,ベアベルヴォワ,×,13,0.0173840232629948,0.0198637313217098,5.50945166240789,0.0,5.50945166240789,65.6,13,,,morning,,,True,標準,2000.0,"[{""スタイル"":""標準"",""券種"":""単勝"",""買い目"":""13 ワレモコウ"",""狙い"":""◎の勝ち切り"",""金額"":300,""予算内比率"":""15%""},{""スタイル"":""標準"",""券種"":""馬連"",""買い目"":""13 ワレモコウ - 2 エコロブラン"",""狙い"":""◎－○の本線"",""金額"":300,""予算内比率"":""15%""},{""スタイル"":""標準"",""券種"":""ワイド"",""買い目"":""13 ワレモコウ - 2 エコロブラン"",""狙い"":""◎－○の安定側"",""金額"":300,""予算内比率"":""15%""},{""スタイル"":""標準"",""券種"":""馬連"",""買い目"":""13 ワレモコウ - 11 ジェミニディウ"",""狙い"":""◎－▲の押さえ"",""金額"":200,""予算内比率"":""10%""},{""スタイル"":""標準"",""券種"":""ワイド"",""買い目"":""13 ワレモコウ - 11 ジェミニディウ"",""狙い"":""◎－▲"",""金額"":200,""予算内比率"":""10%""},{""スタイル"":""標準"",""券種"":""三連複"",""買い目"":""13 ワレモコウ - 2 エコロブラン - 11 ジェミニディウ"",""狙い"":""◎○▲の中心"",""金額"":300,""予算内比率"":""15%""},{""スタイル"":""標準"",""券種"":""三連複"",""買い目"":""13 ワレモコウ - 2 エコロブラン - 4 ノーブルミント"",""狙い"":""◎○－△"",""金額"":200,""予算内比率"":""10%""},{""スタイル"":""標準"",""券種"":""三連複"",""買い目"":""13 ワレモコウ - 11 ジェミニディウ - 7 マリノエスプレッソ"",""狙い"":""◎▲－△"",""金額"":200,""予算内比率"":""10%""}]",,,,,,,,,,,,,,,
2026-09-27|中山|1R|05dd07330c91443f|morning|NA,2026-09-26T20:16:58+09:00,1.7,2026-09-27,中山,1R,2歳未勝利,ダート,1200,重,9,ノヴァフォルス,×,15,0.0063839281069152,0.0106944736081722,4.233957804825455,0.0,4.233957804825455,131.3,15,,,morning,,,True,標準,2000.0,"[{""スタイル"":""標準"",""券種"":""単勝"",""買い目"":""13 ワレモコウ"",""狙い"":""◎の勝ち切り"",""金額"":300,""予算内比率"":""15%""},{""スタイル"":""標準"",""券種"":""馬連"",""買い目"":""13 ワレモコウ - 2 エコロブラン"",""狙い"":""◎－○の本線"",""金額"":300,""予算内比率"":""15%""},{""スタイル"":""標準"",""券種"":""ワイド"",""買い目"":""13 ワレモコウ - 2 エコロブラン"",""狙い"":""◎－○の安定側"",""金額"":300,""予算内比率"":""15%""},{""スタイル"":""標準"",""券種"":""馬連"",""買い目"":""13 ワレモコウ - 11 ジェミニディウ"",""狙い"":""◎－▲の押さえ"",""金額"":200,""予算内比率"":""10%""},{""スタイル"":""標準"",""券種"":""ワイド"",""買い目"":""13 ワレモコウ - 11 ジェミニディウ"",""狙い"":""◎－▲"",""金額"":200,""予算内比率"":""10%""},{""スタイル"":""標準"",""券種"":""三連複"",""買い目"":""13 ワレモコウ - 2 エコロブラン - 11 ジェミニディウ"",""狙い"":""◎○▲の中心"",""金額"":300,""予算内比率"":""15%""},{""スタイル"":""標準"",""券種"":""三連複"",""買い目"":""13 ワレモコウ - 2 エコロブラン - 4 ノーブルミント"",""狙い"":""◎○－△"",""金額"":200,""予算内比率"":""10%""},{""スタイル"":""標準"",""券種"":""三連複"",""買い目"":""13 ワレモコウ - 11 ジェミニディウ - 7 マリノエスプレッソ"",""狙い"":""◎▲－△"",""金額"":200,""予算内比率"":""10%""}]",,,,,,,,,,,,,,,
2026-09-27|中山|1R|05dd07330c91443f|morning|NA,2026-09-26T20:16:58+09:00,1.7,2026-09-27,中山,1R,2歳未勝利,ダート,1200,重,10,アオイスミレ,注,9,0.0280945702636242,0.0241890075234606,6.521240283999241,0.0,6.521240283999241,34.0,8,,,morning,,,True,標準,2000.0,"[{""スタイル"":""標準"",""券種"":""単勝"",""買い目"":""13 ワレモコウ"",""狙い"":""◎の勝ち切り"",""金額"":300,""予算内比率"":""15%""},{""スタイル"":""標準"",""券種"":""馬連"",""買い目"":""13 ワレモコウ - 2 エコロブラン"",""狙い"":""◎－○の本線"",""金額"":300,""予算内比率"":""15%""},{""スタイル"":""標準"",""券種"":""ワイド"",""買い目"":""13 ワレモコウ - 2 エコロブラン"",""狙い"":""◎－○の安定側"",""金額"":300,""予算内比率"":""15%""},{""スタイル"":""標準"",""券種"":""馬連"",""買い目"":""13 ワレモコウ - 11 ジェミニディウ"",""狙い"":""◎－▲の押さえ"",""金額"":200,""予算内比率"":""10%""},{""スタイル"":""標準"",""券種"":""ワイド"",""買い目"":""13 ワレモコウ - 11 ジェミニディウ"",""狙い"":""◎－▲"",""金額"":200,""予算内比率"":""10%""},{""スタイル"":""標準"",""券種"":""三連複"",""買い目"":""13 ワレモコウ - 2 エコロブラン - 11 ジェミニディウ"",""狙い"":""◎○▲の中心"",""金額"":300,""予算内比率"":""15%""},{""スタイル"":""標準"",""券種"":""三連複"",""買い目"":""13 ワレモコウ - 2 エコロブラン - 4 ノーブルミント"",""狙い"":""◎○－△"",""金額"":200,""予算内比率"":""10%""},{""スタイル"":""標準"",""券種"":""三連複"",""買い目"":""13 ワレモコウ - 11 ジェミニディウ - 7 マリノエスプレッソ"",""狙い"":""◎▲－△"",""金額"":200,""予算内比率"":""10%""}]",,,,,,,,,,,,,,,
2026-09-27|中山|1R|05dd07330c91443f|morning|NA,2026-09-26T20:16:58+09:00,1.7,2026-09-27,中山,1R,2歳未勝利,ダート,1200,重,11,ジェミニディウ,▲,3,0.0759518206722409,0.0361837661951152,10.675570724217584,0.0,10.675570724217584,5.0,3,,,morning,,,True,標準,2000.0,"[{""スタイル"":""標準"",""券種"":""単勝"",""買い目"":""13 ワレモコウ"",""狙い"":""◎の勝ち切り"",""金額"":300,""予算内比率"":""15%""},{""スタイル"":""標準"",""券種"":""馬連"",""買い目"":""13 ワレモコウ - 2 エコロブラン"",""狙い"":""◎－○の本線"",""金額"":300,""予算内比率"":""15%""},{""スタイル"":""標準"",""券種"":""ワイド"",""買い目"":""13 ワレモコウ - 2 エコロブラン"",""狙い"":""◎－○の安定側"",""金額"":300,""予算内比率"":""15%""},{""スタイル"":""標準"",""券種"":""馬連"",""買い目"":""13 ワレモコウ - 11 ジェミニディウ"",""狙い"":""◎－▲の押さえ"",""金額"":200,""予算内比率"":""10%""},{""スタイル"":""標準"",""券種"":""ワイド"",""買い目"":""13 ワレモコウ - 11 ジェミニディウ"",""狙い"":""◎－▲"",""金額"":200,""予算内比率"":""10%""},{""スタイル"":""標準"",""券種"":""三連複"",""買い目"":""13 ワレモコウ - 2 エコロブラン - 11 ジェミニディウ"",""狙い"":""◎○▲の中心"",""金額"":300,""予算内比率"":""15%""},{""スタイル"":""標準"",""券種"":""三連複"",""買い目"":""13 ワレモコウ - 2 エコロブラン - 4 ノーブルミント"",""狙い"":""◎○－△"",""金額"":200,""予算内比率"":""10%""},{""スタイル"":""標準"",""券種"":""三連複"",""買い目"":""13 ワレモコウ - 11 ジェミニディウ - 7 マリノエスプレッソ"",""狙い"":""◎▲－△"",""金額"":200,""予算内比率"":""10%""}]",,,,,,,,,,,,,,,
2026-09-27|中山|1R|05dd07330c91443f|morning|NA,2026-09-26T20:16:58+09:00,1.7,2026-09-27,中山,1R,2歳未勝利,ダート,1200,重,12,ノーブルパラス,×,11,0.0208793837767316,0.0214453274221885,5.848149021387275,0.0,5.848149021387275,57.4,11,,,morning,,,True,標準,2000.0,"[{""スタイル"":""標準"",""券種"":""単勝"",""買い目"":""13 ワレモコウ"",""狙い"":""◎の勝ち切り"",""金額"":300,""予算内比率"":""15%""},{""スタイル"":""標準"",""券種"":""馬連"",""買い目"":""13 ワレモコウ - 2 エコロブラン"",""狙い"":""◎－○の本線"",""金額"":300,""予算内比率"":""15%""},{""スタイル"":""標準"",""券種"":""ワイド"",""買い目"":""13 ワレモコウ - 2 エコロブラン"",""狙い"":""◎－○の安定側"",""金額"":300,""予算内比率"":""15%""},{""スタイル"":""標準"",""券種"":""馬連"",""買い目"":""13 ワレモコウ - 11 ジェミニディウ"",""狙い"":""◎－▲の押さえ"",""金額"":200,""予算内比率"":""10%""},{""スタイル"":""標準"",""券種"":""ワイド"",""買い目"":""13 ワレモコウ - 11 ジェミニディウ"",""狙い"":""◎－▲"",""金額"":200,""予算内比率"":""10%""},{""スタイル"":""標準"",""券種"":""三連複"",""買い目"":""13 ワレモコウ - 2 エコロブラン - 11 ジェミニディウ"",""狙い"":""◎○▲の中心"",""金額"":300,""予算内比率"":""15%""},{""スタイル"":""標準"",""券種"":""三連複"",""買い目"":""13 ワレモコウ - 2 エコロブラン - 4 ノーブルミント"",""狙い"":""◎○－△"",""金額"":200,""予算内比率"":""10%""},{""スタイル"":""標準"",""券種"":""三連複"",""買い目"":""13 ワレモコウ - 11 ジェミニディウ - 7 マリノエスプレッソ"",""狙い"":""◎▲－△"",""金額"":200,""予算内比率"":""10%""}]",,,,,,,,,,,,,,,
2026-09-27|中山|1R|05dd07330c91443f|morning|NA,2026-09-26T20:16:58+09:00,1.7,2026-09-27,中山,1R,2歳未勝利,ダート,1200,重,13,ワレモコウ,◎,1,0.4712224428467497,0.7716515014038936,73.58257507019468,0.0,73.58257507019468,3.0,1,,,morning,,,True,標準,2000.0,"[{""スタイル"":""標準"",""券種"":""単勝"",""買い目"":""13 ワレモコウ"",""狙い"":""◎の勝ち切り"",""金額"":300,""予算内比率"":""15%""},{""スタイル"":""標準"",""券種"":""馬連"",""買い目"":""13 ワレモコウ - 2 エコロブラン"",""狙い"":""◎－○の本線"",""金額"":300,""予算内比率"":""15%""},{""スタイル"":""標準"",""券種"":""ワイド"",""買い目"":""13 ワレモコウ - 2 エコロブラン"",""狙い"":""◎－○の安定側"",""金額"":300,""予算内比率"":""15%""},{""スタイル"":""標準"",""券種"":""馬連"",""買い目"":""13 ワレモコウ - 11 ジェミニディウ"",""狙い"":""◎－▲の押さえ"",""金額"":200,""予算内比率"":""10%""},{""スタイル"":""標準"",""券種"":""ワイド"",""買い目"":""13 ワレモコウ - 11 ジェミニディウ"",""狙い"":""◎－▲"",""金額"":200,""予算内比率"":""10%""},{""スタイル"":""標準"",""券種"":""三連複"",""買い目"":""13 ワレモコウ - 2 エコロブラン - 11 ジェミニディウ"",""狙い"":""◎○▲の中心"",""金額"":300,""予算内比率"":""15%""},{""スタイル"":""標準"",""券種"":""三連複"",""買い目"":""13 ワレモコウ - 2 エコロブラン - 4 ノーブルミント"",""狙い"":""◎○－△"",""金額"":200,""予算内比率"":""10%""},{""スタイル"":""標準"",""券種"":""三連複"",""買い目"":""13 ワレモコウ - 11 ジェミニディウ - 7 マリノエスプレッソ"",""狙い"":""◎▲－△"",""金額"":200,""予算内比率"":""10%""}]",,,,,,,,,,,,,,,
2026-09-27|中山|1R|05dd07330c91443f|morning|NA,2026-09-26T20:16:58+09:00,1.7,2026-09-27,中山,1R,2歳未勝利,ダート,1200,重,14,ウマッター,注,10,0.0241817171070249,0.0291255819205762,6.477442225440918,0.0,6.477442225440918,41.7,10,,,morning,,,True,標準,2000.0,"[{""スタイル"":""標準"",""券種"":""単勝"",""買い目"":""13 ワレモコウ"",""狙い"":""◎の勝ち切り"",""金額"":300,""予算内比率"":""15%""},{""スタイル"":""標準"",""券種"":""馬連"",""買い目"":""13 ワレモコウ - 2 エコロブラン"",""狙い"":""◎－○の本線"",""金額"":300,""予算内比率"":""15%""},{""スタイル"":""標準"",""券種"":""ワイド"",""買い目"":""13 ワレモコウ - 2 エコロブラン"",""狙い"":""◎－○の安定側"",""金額"":300,""予算内比率"":""15%""},{""スタイル"":""標準"",""券種"":""馬連"",""買い目"":""13 ワレモコウ - 11 ジェミニディウ"",""狙い"":""◎－▲の押さえ"",""金額"":200,""予算内比率"":""10%""},{""スタイル"":""標準"",""券種"":""ワイド"",""買い目"":""13 ワレモコウ - 11 ジェミニディウ"",""狙い"":""◎－▲"",""金額"":200,""予算内比率"":""10%""},{""スタイル"":""標準"",""券種"":""三連複"",""買い目"":""13 ワレモコウ - 2 エコロブラン - 11 ジェミニディウ"",""狙い"":""◎○▲の中心"",""金額"":300,""予算内比率"":""15%""},{""スタイル"":""標準"",""券種"":""三連複"",""買い目"":""13 ワレモコウ - 2 エコロブラン - 4 ノーブルミント"",""狙い"":""◎○－△"",""金額"":200,""予算内比率"":""10%""},{""スタイル"":""標準"",""券種"":""三連複"",""買い目"":""13 ワレモコウ - 11 ジェミニディウ - 7 マリノエスプレッソ"",""狙い"":""◎▲－△"",""金額"":200,""予算内比率"":""10%""}]",,,,,,,,,,,,,,,
2026-09-27|中山|1R|05dd07330c91443f|morning|NA,2026-09-26T20:16:58+09:00,1.7,2026-09-27,中山,1R,2歳未勝利,ダート,1200,重,15,シュネルアステリア,×,12,0.0208793837767316,0.0214453274221885,5.848149021387275,0.0,5.848149021387275,57.4,12,,,morning,,,True,標準,2000.0,"[{""スタイル"":""標準"",""券種"":""単勝"",""買い目"":""13 ワレモコウ"",""狙い"":""◎の勝ち切り"",""金額"":300,""予算内比率"":""15%""},{""スタイル"":""標準"",""券種"":""馬連"",""買い目"":""13 ワレモコウ - 2 エコロブラン"",""狙い"":""◎－○の本線"",""金額"":300,""予算内比率"":""15%""},{""スタイル"":""標準"",""券種"":""ワイド"",""買い目"":""13 ワレモコウ - 2 エコロブラン"",""狙い"":""◎－○の安定側"",""金額"":300,""予算内比率"":""15%""},{""スタイル"":""標準"",""券種"":""馬連"",""買い目"":""13 ワレモコウ - 11 ジェミニディウ"",""狙い"":""◎－▲の押さえ"",""金額"":200,""予算内比率"":""10%""},{""スタイル"":""標準"",""券種"":""ワイド"",""買い目"":""13 ワレモコウ - 11 ジェミニディウ"",""狙い"":""◎－▲"",""金額"":200,""予算内比率"":""10%""},{""スタイル"":""標準"",""券種"":""三連複"",""買い目"":""13 ワレモコウ - 2 エコロブラン - 11 ジェミニディウ"",""狙い"":""◎○▲の中心"",""金額"":300,""予算内比率"":""15%""},{""スタイル"":""標準"",""券種"":""三連複"",""買い目"":""13 ワレモコウ - 2 エコロブラン - 4 ノーブルミント"",""狙い"":""◎○－△"",""金額"":200,""予算内比率"":""10%""},{""スタイル"":""標準"",""券種"":""三連複"",""買い目"":""13 ワレモコウ - 11 ジェミニディウ - 7 マリノエスプレッソ"",""狙い"":""◎▲－△"",""金額"":200,""予算内比率"":""10%""}]",,,,,,,,,,,,,,,
2026-09-27|中山|1R|05dd07330c91443f|morning|NA,2026-09-26T20:16:58+09:00,1.7,2026-09-27,中山,1R,2歳未勝利,ダート,1200,重,16,パルセノスミハ,☆,6,0.0439781572008576,0.0320557833150857,8.094330911045434,0.0,8.094330911045434,16.7,6,,,morning,,,True,標準,2000.0,"[{""スタイル"":""標準"",""券種"":""単勝"",""買い目"":""13 ワレモコウ"",""狙い"":""◎の勝ち切り"",""金額"":300,""予算内比率"":""15%""},{""スタイル"":""標準"",""券種"":""馬連"",""買い目"":""13 ワレモコウ - 2 エコロブラン"",""狙い"":""◎－○の本線"",""金額"":300,""予算内比率"":""15%""},{""スタイル"":""標準"",""券種"":""ワイド"",""買い目"":""13 ワレモコウ - 2 エコロブラン"",""狙い"":""◎－○の安定側"",""金額"":300,""予算内比率"":""15%""},{""スタイル"":""標準"",""券種"":""馬連"",""買い目"":""13 ワレモコウ - 11 ジェミニディウ"",""狙い"":""◎－▲の押さえ"",""金額"":200,""予算内比率"":""10%""},{""スタイル"":""標準"",""券種"":""ワイド"",""買い目"":""13 ワレモコウ - 11 ジェミニディウ"",""狙い"":""◎－▲"",""金額"":200,""予算内比率"":""10%""},{""スタイル"":""標準"",""券種"":""三連複"",""買い目"":""13 ワレモコウ - 2 エコロブラン - 11 ジェミニディウ"",""狙い"":""◎○▲の中心"",""金額"":300,""予算内比率"":""15%""},{""スタイル"":""標準"",""券種"":""三連複"",""買い目"":""13 ワレモコウ - 2 エコロブラン - 4 ノーブルミント"",""狙い"":""◎○－△"",""金額"":200,""予算内比率"":""10%""},{""スタイル"":""標準"",""券種"":""三連複"",""買い目"":""13 ワレモコウ - 11 ジェミニディウ - 7 マリノエスプレッソ"",""狙い"":""◎▲－△"",""金額"":200,""予算内比率"":""10%""}]",,,,,,,,,,,,,,,
2026-09-27|中山|2R|f37fc818e14154aa|morning|NA,2026-09-26T20:16:59+09:00,1.7,2026-09-27,中山,2R,2歳未勝利,芝,2000,重,1,ゴーゼンチュー,注,10,0.0250565800493761,0.0274302899910811,7.113091241389396,0.0,7.113091241389396,45.6,10,,,morning,,,True,標準,2000.0,"[{""スタイル"":""標準"",""券種"":""単勝"",""買い目"":""2 プリンキパトゥス"",""狙い"":""◎の勝ち切り"",""金額"":300,""予算内比率"":""15%""},{""スタイル"":""標準"",""券種"":""馬連"",""買い目"":""2 プリンキパトゥス - 7 コウサイリクリ"",""狙い"":""◎－○の本線"",""金額"":300,""予算内比率"":""15%""},{""スタイル"":""標準"",""券種"":""ワイド"",""買い目"":""2 プリンキパトゥス - 7 コウサイリクリ"",""狙い"":""◎－○の安定側"",""金額"":300,""予算内比率"":""15%""},{""スタイル"":""標準"",""券種"":""馬連"",""買い目"":""2 プリンキパトゥス - 12 レジームチェンジ"",""狙い"":""◎－▲の押さえ"",""金額"":200,""予算内比率"":""10%""},{""スタイル"":""標準"",""券種"":""ワイド"",""買い目"":""2 プリンキパトゥス - 12 レジームチェンジ"",""狙い"":""◎－▲"",""金額"":200,""予算内比率"":""10%""},{""スタイル"":""標準"",""券種"":""三連複"",""買い目"":""2 プリンキパトゥス - 7 コウサイリクリ - 12 レジームチェンジ"",""狙い"":""◎○▲の中心"",""金額"":300,""予算内比率"":""15%""},{""スタイル"":""標準"",""券種"":""三連複"",""買い目"":""2 プリンキパトゥス - 7 コウサイリクリ - 6 トーセンマスラオ"",""狙い"":""◎○－△"",""金額"":200,""予算内比率"":""10%""},{""スタイル"":""標準"",""券種"":""三連複"",""買い目"":""2 プリンキパトゥス - 12 レジームチェンジ - 4 ニューロファイター"",""狙い"":""◎▲－△"",""金額"":200,""予算内比率"":""10%""}]",,,,,,,,,,,,,,,
2026-09-27|中山|2R|f37fc818e14154aa|morning|NA,2026-09-26T20:16:59+09:00,1.7,2026-09-27,中山,2R,2歳未勝利,芝,2000,重,2,プリンキパトゥス,◎,1,0.3484909316925736,0.1961120108304046,48.03066904175287,0.0,48.03066904175287,2.3,1,,,morning,,,True,標準,2000.0,"[{""スタイル"":""標準"",""券種"":""単勝"",""買い目"":""2 プリンキパトゥス"",""狙い"":""◎の勝ち切り"",""金額"":300,""予算内比率"":""15%""},{""スタイル"":""標準"",""券種"":""馬連"",""買い目"":""2 プリンキパトゥス - 7 コウサイリクリ"",""狙い"":""◎－○の本線"",""金額"":300,""予算内比率"":""15%""},{""スタイル"":""標準"",""券種"":""ワイド"",""買い目"":""2 プリンキパトゥス - 7 コウサイリクリ"",""狙い"":""◎－○の安定側"",""金額"":300,""予算内比率"":""15%""},{""スタイル"":""標準"",""券種"":""馬連"",""買い目"":""2 プリンキパトゥス - 12 レジームチェンジ"",""狙い"":""◎－▲の押さえ"",""金額"":200,""予算内比率"":""10%""},{""スタイル"":""標準"",""券種"":""ワイド"",""買い目"":""2 プリンキパトゥス - 12 レジームチェンジ"",""狙い"":""◎－▲"",""金額"":200,""予算内比率"":""10%""},{""スタイル"":""標準"",""券種"":""三連複"",""買い目"":""2 プリンキパトゥス - 7 コウサイリクリ - 12 レジームチェンジ"",""狙い"":""◎○▲の中心"",""金額"":300,""予算内比率"":""15%""},{""スタイル"":""標準"",""券種"":""三連複"",""買い目"":""2 プリンキパトゥス - 7 コウサイリクリ - 6 トーセンマスラオ"",""狙い"":""◎○－△"",""金額"":200,""予算内比率"":""10%""},{""スタイル"":""標準"",""券種"":""三連複"",""買い目"":""2 プリンキパトゥス - 12 レジームチェンジ - 4 ニューロファイター"",""狙い"":""◎▲－△"",""金額"":200,""予算内比率"":""10%""}]",,,,,,,,,,,,,,,
2026-09-27|中山|2R|f37fc818e14154aa|morning|NA,2026-09-26T20:16:59+09:00,1.7,2026-09-27,中山,2R,2歳未勝利,芝,2000,重,3,エーアイラピド,×,12,0.0213762588161302,0.0167804629159556,6.210974076889679,0.0,6.210974076889679,78.9,12,,,morning,,,True,標準,2000.0,"[{""スタイル"":""標準"",""券種"":""単勝"",""買い目"":""2 プリンキパトゥス"",""狙い"":""◎の勝ち切り"",""金額"":300,""予算内比率"":""15%""},{""スタイル"":""標準"",""券種"":""馬連"",""買い目"":""2 プリンキパトゥス - 7 コウサイリクリ"",""狙い"":""◎－○の本線"",""金額"":300,""予算内比率"":""15%""},{""スタイル"":""標準"",""券種"":""ワイド"",""買い目"":""2 プリンキパトゥス - 7 コウサイリクリ"",""狙い"":""◎－○の安定側"",""金額"":300,""予算内比率"":""15%""},{""スタイル"":""標準"",""券種"":""馬連"",""買い目"":""2 プリンキパトゥス - 12 レジームチェンジ"",""狙い"":""◎－▲の押さえ"",""金額"":200,""予算内比率"":""10%""},{""スタイル"":""標準"",""券種"":""ワイド"",""買い目"":""2 プリンキパトゥス - 12 レジームチェンジ"",""狙い"":""◎－▲"",""金額"":200,""予算内比率"":""10%""},{""スタイル"":""標準"",""券種"":""三連複"",""買い目"":""2 プリンキパトゥス - 7 コウサイリクリ - 12 レジームチェンジ"",""狙い"":""◎○▲の中心"",""金額"":300,""予算内比率"":""15%""},{""スタイル"":""標準"",""券種"":""三連複"",""買い目"":""2 プリンキパトゥス - 7 コウサイリクリ - 6 トーセンマスラオ"",""狙い"":""◎○－△"",""金額"":200,""予算内比率"":""10%""},{""スタイル"":""標準"",""券種"":""三連複"",""買い目"":""2 プリンキパトゥス - 12 レジームチェンジ - 4 ニューロファイター"",""狙い"":""◎▲－△"",""金額"":200,""予算内比率"":""10%""}]",,,,,,,,,,,,,,,
2026-09-27|中山|2R|f37fc818e14154aa|morning|NA,2026-09-26T20:16:59+09:00,1.7,2026-09-27,中山,2R,2歳未勝利,芝,2000,重,4,ニューロファイター,△,5,0.071713540024403,0.0422405995780209,12.53950655518749,0.0,12.53950655518749,7.7,3,,,morning,,,True,標準,2000.0,"[{""スタイル"":""標準"",""券種"":""単勝"",""買い目"":""2 プリンキパトゥス"",""狙い"":""◎の勝ち切り"",""金額"":300,""予算内比率"":""15%""},{""スタイル"":""標準"",""券種"":""馬連"",""買い目"":""2 プリンキパトゥス - 7 コウサイリクリ"",""狙い"":""◎－○の本線"",""金額"":300,""予算内比率"":""15%""},{""スタイル"":""標準"",""券種"":""ワイド"",""買い目"":""2 プリンキパトゥス - 7 コウサイリクリ"",""狙い"":""◎－○の安定側"",""金額"":300,""予算内比率"":""15%""},{""スタイル"":""標準"",""券種"":""馬連"",""買い目"":""2 プリンキパトゥス - 12 レジームチェンジ"",""狙い"":""◎－▲の押さえ"",""金額"":200,""予算内比率"":""10%""},{""スタイル"":""標準"",""券種"":""ワイド"",""買い目"":""2 プリンキパトゥス - 12 レジームチェンジ"",""狙い"":""◎－▲"",""金額"":200,""予算内比率"":""10%""},{""スタイル"":""標準"",""券種"":""三連複"",""買い目"":""2 プリンキパトゥス - 7 コウサイリクリ - 12 レジームチェンジ"",""狙い"":""◎○▲の中心"",""金額"":300,""予算内比率"":""15%""},{""スタイル"":""標準"",""券種"":""三連複"",""買い目"":""2 プリンキパトゥス - 7 コウサイリクリ - 6 トーセンマスラオ"",""狙い"":""◎○－△"",""金額"":200,""予算内比率"":""10%""},{""スタイル"":""標準"",""券種"":""三連複"",""買い目"":""2 プリンキパトゥス - 12 レジームチェンジ - 4 ニューロファイター"",""狙い"":""◎▲－△"",""金額"":200,""予算内比率"":""10%""}]",,,,,,,,,,,,,,,
2026-09-27|中山|2R|f37fc818e14154aa|morning|NA,2026-09-26T20:16:59+09:00,1.7,2026-09-27,中山,2R,2歳未勝利,芝,2000,重,5,カシノデスティニー,×,11,0.0219776739841427,0.0222645909525295,6.545582425989145,0.0,6.545582425989145,62.0,11,,,morning,,,True,標準,2000.0,"[{""スタイル"":""標準"",""券種"":""単勝"",""買い目"":""2 プリンキパトゥス"",""狙い"":""◎の勝ち切り"",""金額"":300,""予算内比率"":""15%""},{""スタイル"":""標準"",""券種"":""馬連"",""買い目"":""2 プリンキパトゥス - 7 コウサイリクリ"",""狙い"":""◎－○の本線"",""金額"":300,""予算内比率"":""15%""},{""スタイル"":""標準"",""券種"":""ワイド"",""買い目"":""2 プリンキパトゥス - 7 コウサイリクリ"",""狙い"":""◎－○の安定側"",""金額"":300,""予算内比率"":""15%""},{""スタイル"":""標準"",""券種"":""馬連"",""買い目"":""2 プリンキパトゥス - 12 レジームチェンジ"",""狙い"":""◎－▲の押さえ"",""金額"":200,""予算内比率"":""10%""},{""スタイル"":""標準"",""券種"":""ワイド"",""買い目"":""2 プリンキパトゥス - 12 レジームチェンジ"",""狙い"":""◎－▲"",""金額"":200,""予算内比率"":""10%""},{""スタイル"":""標準"",""券種"":""三連複"",""買い目"":""2 プリンキパトゥス - 7 コウサイリクリ - 12 レジームチェンジ"",""狙い"":""◎○▲の中心"",""金額"":300,""予算内比率"":""15%""},{""スタイル"":""標準"",""券種"":""三連複"",""買い目"":""2 プリンキパトゥス - 7 コウサイリクリ - 6 トーセンマスラオ"",""狙い"":""◎○－△"",""金額"":200,""予算内比率"":""10%""},{""スタイル"":""標準"",""券種"":""三連複"",""買い目"":""2 プリンキパトゥス - 12 レジームチェンジ - 4 ニューロファイター"",""狙い"":""◎▲－△"",""金額"":200,""予算内比率"":""10%""}]",,,,,,,,,,,,,,,
2026-09-27|中山|2R|f37fc818e14154aa|morning|NA,2026-09-26T20:16:59+09:00,1.7,2026-09-27,中山,2R,2歳未勝利,芝,2000,重,6,トーセンマスラオ,△,4,0.0791436248773216,0.0355266159658856,12.950033305307556,0.0,12.950033305307556,8.3,4,,,morning,,,True,標準,2000.0,"[{""スタイル"":""標準"",""券種"":""単勝"",""買い目"":""2 プリンキパトゥス"",""狙い"":""◎の勝ち切り"",""金額"":300,""予算内比率"":""15%""},{""スタイル"":""標準"",""券種"":""馬連"",""買い目"":""2 プリンキパトゥス - 7 コウサイリクリ"",""狙い"":""◎－○の本線"",""金額"":300,""予算内比率"":""15%""},{""スタイル"":""標準"",""券種"":""ワイド"",""買い目"":""2 プリンキパトゥス - 7 コウサイリクリ"",""狙い"":""◎－○の安定側"",""金額"":300,""予算内比率"":""15%""},{""スタイル"":""標準"",""券種"":""馬連"",""買い目"":""2 プリンキパトゥス - 12 レジームチェンジ"",""狙い"":""◎－▲の押さえ"",""金額"":200,""予算内比率"":""10%""},{""スタイル"":""標準"",""券種"":""ワイド"",""買い目"":""2 プリンキパトゥス - 12 レジームチェンジ"",""狙い"":""◎－▲"",""金額"":200,""予算内比率"":""10%""},{""スタイル"":""標準"",""券種"":""三連複"",""買い目"":""2 プリンキパトゥス - 7 コウサイリクリ - 12 レジームチェンジ"",""狙い"":""◎○▲の中心"",""金額"":300,""予算内比率"":""15%""},{""スタイル"":""標準"",""券種"":""三連複"",""買い目"":""2 プリンキパトゥス - 7 コウサイリクリ - 6 トーセンマスラオ"",""狙い"":""◎○－△"",""金額"":200,""予算内比率"":""10%""},{""スタイル"":""標準"",""券種"":""三連複"",""買い目"":""2 プリンキパトゥス - 12 レジームチェンジ - 4 ニューロファイター"",""狙い"":""◎▲－△"",""金額"":200,""予算内比率"":""10%""}]",,,,,,,,,,,,,,,
2026-09-27|中山|2R|f37fc818e14154aa|morning|NA,2026-09-26T20:16:59+09:00,1.7,2026-09-27,中山,2R,2歳未勝利,芝,2000,重,7,コウサイリクリ,○,2,0.1453490628644941,0.057565376802519,20.70118404916494,0.0,20.70118404916494,3.8,2,,,morning,,,True,標準,2000.0,"[{""スタイル"":""標準"",""券種"":""単勝"",""買い目"":""2 プリンキパトゥス"",""狙い"":""◎の勝ち切り"",""金額"":300,""予算内比率"":""15%""},{""スタイル"":""標準"",""券種"":""馬連"",""買い目"":""2 プリンキパトゥス - 7 コウサイリクリ"",""狙い"":""◎－○の本線"",""金額"":300,""予算内比率"":""15%""},{""スタイル"":""標準"",""券種"":""ワイド"",""買い目"":""2 プリンキパトゥス - 7 コウサイリクリ"",""狙い"":""◎－○の安定側"",""金額"":300,""予算内比率"":""15%""},{""スタイル"":""標準"",""券種"":""馬連"",""買い目"":""2 プリンキパトゥス - 12 レジームチェンジ"",""狙い"":""◎－▲の押さえ"",""金額"":200,""予算内比率"":""10%""},{""スタイル"":""標準"",""券種"":""ワイド"",""買い目"":""2 プリンキパトゥス - 12 レジームチェンジ"",""狙い"":""◎－▲"",""金額"":200,""予算内比率"":""10%""},{""スタイル"":""標準"",""券種"":""三連複"",""買い目"":""2 プリンキパトゥス - 7 コウサイリクリ - 12 レジームチェンジ"",""狙い"":""◎○▲の中心"",""金額"":300,""予算内比率"":""15%""},{""スタイル"":""標準"",""券種"":""三連複"",""買い目"":""2 プリンキパトゥス - 7 コウサイリクリ - 6 トーセンマスラオ"",""狙い"":""◎○－△"",""金額"":200,""予算内比率"":""10%""},{""スタイル"":""標準"",""券種"":""三連複"",""買い目"":""2 プリンキパトゥス - 12 レジームチェンジ - 4 ニューロファイター"",""狙い"":""◎▲－△"",""金額"":200,""予算内比率"":""10%""}]",,,,,,,,,,,,,,,
2026-09-27|中山|2R|f37fc818e14154aa|morning|NA,2026-09-26T20:16:59+09:00,1.7,2026-09-27,中山,2R,2歳未勝利,芝,2000,重,8,ロワデュモンド,☆,7,0.061587311955345,0.0350377685759062,11.162357243371371,0.0,11.162357243371371,18.0,7,,,morning,,,True,標準,2000.0,"[{""スタイル"":""標準"",""券種"":""単勝"",""買い目"":""2 プリンキパトゥス"",""狙い"":""◎の勝ち切り"",""金額"":300,""予算内比率"":""15%""},{""スタイル"":""標準"",""券種"":""馬連"",""買い目"":""2 プリンキパトゥス - 7 コウサイリクリ"",""狙い"":""◎－○の本線"",""金額"":300,""予算内比率"":""15%""},{""スタイル"":""標準"",""券種"":""ワイド"",""買い目"":""2 プリンキパトゥス - 7 コウサイリクリ"",""狙い"":""◎－○の安定側"",""金額"":300,""予算内比率"":""15%""},{""スタイル"":""標準"",""券種"":""馬連"",""買い目"":""2 プリンキパトゥス - 12 レジームチェンジ"",""狙い"":""◎－▲の押さえ"",""金額"":200,""予算内比率"":""10%""},{""スタイル"":""標準"",""券種"":""ワイド"",""買い目"":""2 プリンキパトゥス - 12 レジームチェンジ"",""狙い"":""◎－▲"",""金額"":200,""予算内比率"":""10%""},{""スタイル"":""標準"",""券種"":""三連複"",""買い目"":""2 プリンキパトゥス - 7 コウサイリクリ - 12 レジームチェンジ"",""狙い"":""◎○▲の中心"",""金額"":300,""予算内比率"":""15%""},{""スタイル"":""標準"",""券種"":""三連複"",""買い目"":""2 プリンキパトゥス - 7 コウサイリクリ - 6 トーセンマスラオ"",""狙い"":""◎○－△"",""金額"":200,""予算内比率"":""10%""},{""スタイル"":""標準"",""券種"":""三連複"",""買い目"":""2 プリンキパトゥス - 12 レジームチェンジ - 4 ニューロファイター"",""狙い"":""◎▲－△"",""金額"":200,""予算内比率"":""10%""}]",,,,,,,,,,,,,,,
2026-09-27|中山|2R|f37fc818e14154aa|morning|NA,2026-09-26T20:16:59+09:00,1.7,2026-09-27,中山,2R,2歳未勝利,芝,2000,重,9,フォクセン,注,9,0.0360259567742256,0.0254620971738669,8.116369336003029,0.0,8.116369336003029,34.7,9,,,morning,,,True,標準,2000.0,"[{""スタイル"":""標準"",""券種"":""単勝"",""買い目"":""2 プリンキパトゥス"",""狙い"":""◎の勝ち切り"",""金額"":300,""予算内比率"":""15%""},{""スタイル"":""標準"",""券種"":""馬連"",""買い目"":""2 プリンキパトゥス - 7 コウサイリクリ"",""狙い"":""◎－○の本線"",""金額"":300,""予算内比率"":""15%""},{""スタイル"":""標準"",""券種"":""ワイド"",""買い目"":""2 プリンキパトゥス - 7 コウサイリクリ"",""狙い"":""◎－○の安定側"",""金額"":300,""予算内比率"":""15%""},{""スタイル"":""標準"",""券種"":""馬連"",""買い目"":""2 プリンキパトゥス - 12 レジームチェンジ"",""狙い"":""◎－▲の押さえ"",""金額"":200,""予算内比率"":""10%""},{""スタイル"":""標準"",""券種"":""ワイド"",""買い目"":""2 プリンキパトゥス - 12 レジームチェンジ"",""狙い"":""◎－▲"",""金額"":200,""予算内比率"":""10%""},{""スタイル"":""標準"",""券種"":""三連複"",""買い目"":""2 プリンキパトゥス - 7 コウサイリクリ - 12 レジームチェンジ"",""狙い"":""◎○▲の中心"",""金額"":300,""予算内比率"":""15%""},{""スタイル"":""標準"",""券種"":""三連複"",""買い目"":""2 プリンキパトゥス - 7 コウサイリクリ - 6 トーセンマスラオ"",""狙い"":""◎○－△"",""金額"":200,""予算内比率"":""10%""},{""スタイル"":""標準"",""券種"":""三連複"",""買い目"":""2 プリンキパトゥス - 12 レジームチェンジ - 4 ニューロファイター"",""狙い"":""◎▲－△"",""金額"":200,""予算内比率"":""10%""}]",,,,,,,,,,,,,,,
2026-09-27|中山|2R|f37fc818e14154aa|morning|NA,2026-09-26T20:16:59+09:00,1.7,2026-09-27,中山,2R,2歳未勝利,芝,2000,重,10,マイネルウルカヌス,☆,6,0.0618106280310949,0.0375932816705643,11.312561208113056,0.0,11.312561208113056,17.7,6,,,morning,,,True,標準,2000.0,"[{""スタイル"":""標準"",""券種"":""単勝"",""買い目"":""2 プリンキパトゥス"",""狙い"":""◎の勝ち切り"",""金額"":300,""予算内比率"":""15%""},{""スタイル"":""標準"",""券種"":""馬連"",""買い目"":""2 プリンキパトゥス - 7 コウサイリクリ"",""狙い"":""◎－○の本線"",""金額"":300,""予算内比率"":""15%""},{""スタイル"":""標準"",""券種"":""ワイド"",""買い目"":""2 プリンキパトゥス - 7 コウサイリクリ"",""狙い"":""◎－○の安定側"",""金額"":300,""予算内比率"":""15%""},{""スタイル"":""標準"",""券種"":""馬連"",""買い目"":""2 プリンキパトゥス - 12 レジームチェンジ"",""狙い"":""◎－▲の押さえ"",""金額"":200,""予算内比率"":""10%""},{""スタイル"":""標準"",""券種"":""ワイド"",""買い目"":""2 プリンキパトゥス - 12 レジームチェンジ"",""狙い"":""◎－▲"",""金額"":200,""予算内比率"":""10%""},{""スタイル"":""標準"",""券種"":""三連複"",""買い目"":""2 プリンキパトゥス - 7 コウサイリクリ - 12 レジームチェンジ"",""狙い"":""◎○▲の中心"",""金額"":300,""予算内比率"":""15%""},{""スタイル"":""標準"",""券種"":""三連複"",""買い目"":""2 プリンキパトゥス - 7 コウサイリクリ - 6 トーセンマスラオ"",""狙い"":""◎○－△"",""金額"":200,""予算内比率"":""10%""},{""スタイル"":""標準"",""券種"":""三連複"",""買い目"":""2 プリンキパトゥス - 12 レジームチェンジ - 4 ニューロファイター"",""狙い"":""◎▲－△"",""金額"":200,""予算内比率"":""10%""}]",,,,,,,,,,,,,,,
2026-09-27|中山|2R|f37fc818e14154aa|morning|NA,2026-09-26T20:16:59+09:00,1.7,2026-09-27,中山,2R,2歳未勝利,芝,2000,重,11,ギガントシュラーク,注,8,0.0448869027270286,0.0275437603896681,9.1103841424799,0.0,9.1103841424799,24.8,8,,,morning,,,True,標準,2000.0,"[{""スタイル"":""標準"",""券種"":""単勝"",""買い目"":""2 プリンキパトゥス"",""狙い"":""◎の勝ち切り"",""金額"":300,""予算内比率"":""15%""},{""スタイル"":""標準"",""券種"":""馬連"",""買い目"":""2 プリンキパトゥス - 7 コウサイリクリ"",""狙い"":""◎－○の本線"",""金額"":300,""予算内比率"":""15%""},{""スタイル"":""標準"",""券種"":""ワイド"",""買い目"":""2 プリンキパトゥス - 7 コウサイリクリ"",""狙い"":""◎－○の安定側"",""金額"":300,""予算内比率"":""15%""},{""スタイル"":""標準"",""券種"":""馬連"",""買い目"":""2 プリンキパトゥス - 12 レジームチェンジ"",""狙い"":""◎－▲の押さえ"",""金額"":200,""予算内比率"":""10%""},{""スタイル"":""標準"",""券種"":""ワイド"",""買い目"":""2 プリンキパトゥス - 12 レジームチェンジ"",""狙い"":""◎－▲"",""金額"":200,""予算内比率"":""10%""},{""スタイル"":""標準"",""券種"":""三連複"",""買い目"":""2 プリンキパトゥス - 7 コウサイリクリ - 12 レジームチェンジ"",""狙い"":""◎○▲の中心"",""金額"":300,""予算内比率"":""15%""},{""スタイル"":""標準"",""券種"":""三連複"",""買い目"":""2 プリンキパトゥス - 7 コウサイリクリ - 6 トーセンマスラオ"",""狙い"":""◎○－△"",""金額"":200,""予算内比率"":""10%""},{""スタイル"":""標準"",""券種"":""三連複"",""買い目"":""2 プリンキパトゥス - 12 レジームチェンジ - 4 ニューロファイター"",""狙い"":""◎▲－△"",""金額"":200,""予算内比率"":""10%""}]",,,,,,,,,,,,,,,
2026-09-27|中山|2R|f37fc818e14154aa|morning|NA,2026-09-26T20:16:59+09:00,1.7,2026-09-27,中山,2R,2歳未勝利,芝,2000,重,12,レジームチェンジ,▲,3,0.0825815282038643,0.0317801127832785,13.107987192161511,0.0,13.107987192161511,12.5,5,,,morning,,,True,標準,2000.0,"[{""スタイル"":""標準"",""券種"":""単勝"",""買い目"":""2 プリンキパトゥス"",""狙い"":""◎の勝ち切り"",""金額"":300,""予算内比率"":""15%""},{""スタイル"":""標準"",""券種"":""馬連"",""買い目"":""2 プリンキパトゥス - 7 コウサイリクリ"",""狙い"":""◎－○の本線"",""金額"":300,""予算内比率"":""15%""},{""スタイル"":""標準"",""券種"":""ワイド"",""買い目"":""2 プリンキパトゥス - 7 コウサイリクリ"",""狙い"":""◎－○の安定側"",""金額"":300,""予算内比率"":""15%""},{""スタイル"":""標準"",""券種"":""馬連"",""買い目"":""2 プリンキパトゥス - 12 レジームチェンジ"",""狙い"":""◎－▲の押さえ"",""金額"":200,""予算内比率"":""10%""},{""スタイル"":""標準"",""券種"":""ワイド"",""買い目"":""2 プリンキパトゥス - 12 レジームチェンジ"",""狙い"":""◎－▲"",""金額"":200,""予算内比率"":""10%""},{""スタイル"":""標準"",""券種"":""三連複"",""買い目"":""2 プリンキパトゥス - 7 コウサイリクリ - 12 レジームチェンジ"",""狙い"":""◎○▲の中心"",""金額"":300,""予算内比率"":""15%""},{""スタイル"":""標準"",""券種"":""三連複"",""買い目"":""2 プリンキパトゥス - 7 コウサイリクリ - 6 トーセンマスラオ"",""狙い"":""◎○－△"",""金額"":200,""予算内比率"":""10%""},{""スタイル"":""標準"",""券種"":""三連複"",""買い目"":""2 プリンキパトゥス - 12 レジームチェンジ - 4 ニューロファイター"",""狙い"":""◎▲－△"",""金額"":200,""予算内比率"":""10%""}]",,,,,,,,,,,,,,,
2026-09-27|中山|3R|89985569704e010e|morning|NA,2026-09-26T20:17:00+09:00,1.7,2026-09-27,中山,3R,2歳未勝利,ダート,1800,重,1,レッドマウロア,◎,1,0.5690584071888536,0.5422981408821796,65.33997554434163,0.0,65.33997554434163,1.3,1,,,morning,,,True,標準,2000.0,"[{""スタイル"":""標準"",""券種"":""単勝"",""買い目"":""1 レッドマウロア"",""狙い"":""◎の勝ち切り"",""金額"":300,""予算内比率"":""15%""},{""スタイル"":""標準"",""券種"":""馬連"",""買い目"":""1 レッドマウロア - 6 ナムラアラバイ"",""狙い"":""◎－○の本線"",""金額"":300,""予算内比率"":""15%""},{""スタイル"":""標準"",""券種"":""ワイド"",""買い目"":""1 レッドマウロア - 6 ナムラアラバイ"",""狙い"":""◎－○の安定側"",""金額"":300,""予算内比率"":""15%""},{""スタイル"":""標準"",""券種"":""馬連"",""買い目"":""1 レッドマウロア - 4 ファブリック"",""狙い"":""◎－▲の押さえ"",""金額"":200,""予算内比率"":""10%""},{""スタイル"":""標準"",""券種"":""ワイド"",""買い目"":""1 レッドマウロア - 4 ファブリック"",""狙い"":""◎－▲"",""金額"":200,""予算内比率"":""10%""},{""スタイル"":""標準"",""券種"":""三連複"",""買い目"":""1 レッドマウロア - 6 ナムラアラバイ - 4 ファブリック"",""狙い"":""◎○▲の中心"",""金額"":300,""予算内比率"":""15%""},{""スタイル"":""標準"",""券種"":""三連複"",""買い目"":""1 レッドマウロア - 6 ナムラアラバイ - 7 メイプルカモーン"",""狙い"":""◎○－△"",""金額"":200,""予算内比率"":""10%""},{""スタイル"":""標準"",""券種"":""三連複"",""買い目"":""1 レッドマウロア - 4 ファブリック - 9 イキフン"",""狙い"":""◎▲－△"",""金額"":200,""予算内比率"":""10%""}]",,,,,,,,,,,,,,,
2026-09-27|中山|3R|89985569704e010e|morning|NA,2026-09-26T20:17:00+09:00,1.7,2026-09-27,中山,3R,2歳未勝利,ダート,1800,重,2,ニシノマキロイ,☆,6,0.0579948810090337,0.0296100927036885,8.27255467838994,0.0,8.27255467838994,17.1,5,,,morning,,,True,標準,2000.0,"[{""スタイル"":""標準"",""券種"":""単勝"",""買い目"":""1 レッドマウロア"",""狙い"":""◎の勝ち切り"",""金額"":300,""予算内比率"":""15%""},{""スタイル"":""標準"",""券種"":""馬連"",""買い目"":""1 レッドマウロア - 6 ナムラアラバイ"",""狙い"":""◎－○の本線"",""金額"":300,""予算内比率"":""15%""},{""スタイル"":""標準"",""券種"":""ワイド"",""買い目"":""1 レッドマウロア - 6 ナムラアラバイ"",""狙い"":""◎－○の安定側"",""金額"":300,""予算内比率"":""15%""},{""スタイル"":""標準"",""券種"":""馬連"",""買い目"":""1 レッドマウロア - 4 ファブリック"",""狙い"":""◎－▲の押さえ"",""金額"":200,""予算内比率"":""10%""},{""スタイル"":""標準"",""券種"":""ワイド"",""買い目"":""1 レッドマウロア - 4 ファブリック"",""狙い"":""◎－▲"",""金額"":200,""予算内比率"":""10%""},{""スタイル"":""標準"",""券種"":""三連複"",""買い目"":""1 レッドマウロア - 6 ナムラアラバイ - 4 ファブリック"",""狙い"":""◎○▲の中心"",""金額"":300,""予算内比率"":""15%""},{""スタイル"":""標準"",""券種"":""三連複"",""買い目"":""1 レッドマウロア - 6 ナムラアラバイ - 7 メイプルカモーン"",""狙い"":""◎○－△"",""金額"":200,""予算内比率"":""10%""},{""スタイル"":""標準"",""券種"":""三連複"",""買い目"":""1 レッドマウロア - 4 ファブリック - 9 イキフン"",""狙い"":""◎▲－△"",""金額"":200,""予算内比率"":""10%""}]",,,,,,,,,,,,,,,
2026-09-27|中山|3R|89985569704e010e|morning|NA,2026-09-26T20:17:00+09:00,1.7,2026-09-27,中山,3R,2歳未勝利,ダート,1800,重,3,フレンドミラノ,注,9,0.0211271052034208,0.0194856024195189,5.498773553304058,0.0,5.498773553304058,63.6,9,,,morning,,,True,標準,2000.0,"[{""スタイル"":""標準"",""券種"":""単勝"",""買い目"":""1 レッドマウロア"",""狙い"":""◎の勝ち切り"",""金額"":300,""予算内比率"":""15%""},{""スタイル"":""標準"",""券種"":""馬連"",""買い目"":""1 レッドマウロア - 6 ナムラアラバイ"",""狙い"":""◎－○の本線"",""金額"":300,""予算内比率"":""15%""},{""スタイル"":""標準"",""券種"":""ワイド"",""買い目"":""1 レッドマウロア - 6 ナムラアラバイ"",""狙い"":""◎－○の安定側"",""金額"":300,""予算内比率"":""15%""},{""スタイル"":""標準"",""券種"":""馬連"",""買い目"":""1 レッドマウロア - 4 ファブリック"",""狙い"":""◎－▲の押さえ"",""金額"":200,""予算内比率"":""10%""},{""スタイル"":""標準"",""券種"":""ワイド"",""買い目"":""1 レッドマウロア - 4 ファブリック"",""狙い"":""◎－▲"",""金額"":200,""予算内比率"":""10%""},{""スタイル"":""標準"",""券種"":""三連複"",""買い目"":""1 レッドマウロア - 6 ナムラアラバイ - 4 ファブリック"",""狙い"":""◎○▲の中心"",""金額"":300,""予算内比率"":""15%""},{""スタイル"":""標準"",""券種"":""三連複"",""買い目"":""1 レッドマウロア - 6 ナムラアラバイ - 7 メイプルカモーン"",""狙い"":""◎○－△"",""金額"":200,""予算内比率"":""10%""},{""スタイル"":""標準"",""券種"":""三連複"",""買い目"":""1 レッドマウロア - 4 ファブリック - 9 イキフン"",""狙い"":""◎▲－△"",""金額"":200,""予算内比率"":""10%""}]",,,,,,,,,,,,,,,
2026-09-27|中山|3R|89985569704e010e|morning|NA,2026-09-26T20:17:00+09:00,1.7,2026-09-27,中山,3R,2歳未勝利,ダート,1800,重,4,ファブリック,▲,3,0.0701068091940382,0.0370827041122682,9.391130725627372,0.0,9.391130725627372,13.6,4,,,morning,,,True,標準,2000.0,"[{""スタイル"":""標準"",""券種"":""単勝"",""買い目"":""1 レッドマウロア"",""狙い"":""◎の勝ち切り"",""金額"":300,""予算内比率"":""15%""},{""スタイル"":""標準"",""券種"":""馬連"",""買い目"":""1 レッドマウロア - 6 ナムラアラバイ"",""狙い"":""◎－○の本線"",""金額"":300,""予算内比率"":""15%""},{""スタイル"":""標準"",""券種"":""ワイド"",""買い目"":""1 レッドマウロア - 6 ナムラアラバイ"",""狙い"":""◎－○の安定側"",""金額"":300,""予算内比率"":""15%""},{""スタイル"":""標準"",""券種"":""馬連"",""買い目"":""1 レッドマウロア - 4 ファブリック"",""狙い"":""◎－▲の押さえ"",""金額"":200,""予算内比率"":""10%""},{""スタイル"":""標準"",""券種"":""ワイド"",""買い目"":""1 レッドマウロア - 4 ファブリック"",""狙い"":""◎－▲"",""金額"":200,""予算内比率"":""10%""},{""スタイル"":""標準"",""券種"":""三連複"",""買い目"":""1 レッドマウロア - 6 ナムラアラバイ - 4 ファブリック"",""狙い"":""◎○▲の中心"",""金額"":300,""予算内比率"":""15%""},{""スタイル"":""標準"",""券種"":""三連複"",""買い目"":""1 レッドマウロア - 6 ナムラアラバイ - 7 メイプルカモーン"",""狙い"":""◎○－△"",""金額"":200,""予算内比率"":""10%""},{""スタイル"":""標準"",""券種"":""三連複"",""買い目"":""1 レッドマウロア - 4 ファブリック - 9 イキフン"",""狙い"":""◎▲－△"",""金額"":200,""予算内比率"":""10%""}]",,,,,,,,,,,,,,,
2026-09-27|中山|3R|89985569704e010e|morning|NA,2026-09-26T20:17:00+09:00,1.7,2026-09-27,中山,3R,2歳未勝利,ダート,1800,重,5,グラスクラージュ,注,8,0.0239923514336233,0.0237241778463995,5.886929609563333,0.0,5.886929609563333,46.8,8,,,morning,,,True,標準,2000.0,"[{""スタイル"":""標準"",""券種"":""単勝"",""買い目"":""1 レッドマウロア"",""狙い"":""◎の勝ち切り"",""金額"":300,""予算内比率"":""15%""},{""スタイル"":""標準"",""券種"":""馬連"",""買い目"":""1 レッドマウロア - 6 ナムラアラバイ"",""狙い"":""◎－○の本線"",""金額"":300,""予算内比率"":""15%""},{""スタイル"":""標準"",""券種"":""ワイド"",""買い目"":""1 レッドマウロア - 6 ナムラアラバイ"",""狙い"":""◎－○の安定側"",""金額"":300,""予算内比率"":""15%""},{""スタイル"":""標準"",""券種"":""馬連"",""買い目"":""1 レッドマウロア - 4 ファブリック"",""狙い"":""◎－▲の押さえ"",""金額"":200,""予算内比率"":""10%""},{""スタイル"":""標準"",""券種"":""ワイド"",""買い目"":""1 レッドマウロア - 4 ファブリック"",""狙い"":""◎－▲"",""金額"":200,""予算内比率"":""10%""},{""スタイル"":""標準"",""券種"":""三連複"",""買い目"":""1 レッドマウロア - 6 ナムラアラバイ - 4 ファブリック"",""狙い"":""◎○▲の中心"",""金額"":300,""予算内比率"":""15%""},{""スタイル"":""標準"",""券種"":""三連複"",""買い目"":""1 レッドマウロア - 6 ナムラアラバイ - 7 メイプルカモーン"",""狙い"":""◎○－△"",""金額"":200,""予算内比率"":""10%""},{""スタイル"":""標準"",""券種"":""三連複"",""買い目"":""1 レッドマウロア - 4 ファブリック - 9 イキフン"",""狙い"":""◎▲－△"",""金額"":200,""予算内比率"":""10%""}]",,,,,,,,,,,,,,,
2026-09-27|中山|3R|89985569704e010e|morning|NA,2026-09-26T20:17:00+09:00,1.7,2026-09-27,中山,3R,2歳未勝利,ダート,1800,重,6,ナムラアラバイ,○,2,0.0825544790905169,0.0417903560805941,10.392108631788885,0.0,10.392108631788885,10.1,3,,,morning,,,True,標準,2000.0,"[{""スタイル"":""標準"",""券種"":""単勝"",""買い目"":""1 レッドマウロア"",""狙い"":""◎の勝ち切り"",""金額"":300,""予算内比率"":""15%""},{""スタイル"":""標準"",""券種"":""馬連"",""買い目"":""1 レッドマウロア - 6 ナムラアラバイ"",""狙い"":""◎－○の本線"",""金額"":300,""予算内比率"":""15%""},{""スタイル"":""標準"",""券種"":""ワイド"",""買い目"":""1 レッドマウロア - 6 ナムラアラバイ"",""狙い"":""◎－○の安定側"",""金額"":300,""予算内比率"":""15%""},{""スタイル"":""標準"",""券種"":""馬連"",""買い目"":""1 レッドマウロア - 4 ファブリック"",""狙い"":""◎－▲の押さえ"",""金額"":200,""予算内比率"":""10%""},{""スタイル"":""標準"",""券種"":""ワイド"",""買い目"":""1 レッドマウロア - 4 ファブリック"",""狙い"":""◎－▲"",""金額"":200,""予算内比率"":""10%""},{""スタイル"":""標準"",""券種"":""三連複"",""買い目"":""1 レッドマウロア - 6 ナムラアラバイ - 4 ファブリック"",""狙い"":""◎○▲の中心"",""金額"":300,""予算内比率"":""15%""},{""スタイル"":""標準"",""券種"":""三連複"",""買い目"":""1 レッドマウロア - 6 ナムラアラバイ - 7 メイプルカモーン"",""狙い"":""◎○－△"",""金額"":200,""予算内比率"":""10%""},{""スタイル"":""標準"",""券種"":""三連複"",""買い目"":""1 レッドマウロア - 4 ファブリック - 9 イキフン"",""狙い"":""◎▲－△"",""金額"":200,""予算内比率"":""10%""}]",,,,,,,,,,,,,,,
2026-09-27|中山|3R|89985569704e010e|morning|NA,2026-09-26T20:17:00+09:00,1.7,2026-09-27,中山,3R,2歳未勝利,ダート,1800,重,7,メイプルカモーン,△,4,0.0739211906408026,0.025703134717249,9.056756206806972,0.0,9.056756206806972,6.3,2,,,morning,,,True,標準,2000.0,"[{""スタイル"":""標準"",""券種"":""単勝"",""買い目"":""1 レッドマウロア"",""狙い"":""◎の勝ち切り"",""金額"":300,""予算内比率"":""15%""},{""スタイル"":""標準"",""券種"":""馬連"",""買い目"":""1 レッドマウロア - 6 ナムラアラバイ"",""狙い"":""◎－○の本線"",""金額"":300,""予算内比率"":""15%""},{""スタイル"":""標準"",""券種"":""ワイド"",""買い目"":""1 レッドマウロア - 6 ナムラアラバイ"",""狙い"":""◎－○の安定側"",""金額"":300,""予算内比率"":""15%""},{""スタイル"":""標準"",""券種"":""馬連"",""買い目"":""1 レッドマウロア - 4 ファブリック"",""狙い"":""◎－▲の押さえ"",""金額"":200,""予算内比率"":""10%""},{""スタイル"":""標準"",""券種"":""ワイド"",""買い目"":""1 レッドマウロア - 4 ファブリック"",""狙い"":""◎－▲"",""金額"":200,""予算内比率"":""10%""},{""スタイル"":""標準"",""券種"":""三連複"",""買い目"":""1 レッドマウロア - 6 ナムラアラバイ - 4 ファブリック"",""狙い"":""◎○▲の中心"",""金額"":300,""予算内比率"":""15%""},{""スタイル"":""標準"",""券種"":""三連複"",""買い目"":""1 レッドマウロア - 6 ナムラアラバイ - 7 メイプルカモーン"",""狙い"":""◎○－△"",""金額"":200,""予算内比率"":""10%""},{""スタイル"":""標準"",""券種"":""三連複"",""買い目"":""1 レッドマウロア - 4 ファブリック - 9 イキフン"",""狙い"":""◎▲－△"",""金額"":200,""予算内比率"":""10%""}]",,,,,,,,,,,,,,,
2026-09-27|中山|3R|89985569704e010e|morning|NA,2026-09-26T20:17:00+09:00,1.7,2026-09-27,中山,3R,2歳未勝利,ダート,1800,重,8,ファウナード,☆,7,0.0419347266159775,0.0255393737547708,7.081237166422824,0.0,7.081237166422824,28.7,7,,,morning,,,True,標準,2000.0,"[{""スタイル"":""標準"",""券種"":""単勝"",""買い目"":""1 レッドマウロア"",""狙い"":""◎の勝ち切り"",""金額"":300,""予算内比率"":""15%""},{""スタイル"":""標準"",""券種"":""馬連"",""買い目"":""1 レッドマウロア - 6 ナムラアラバイ"",""狙い"":""◎－○の本線"",""金額"":300,""予算内比率"":""15%""},{""スタイル"":""標準"",""券種"":""ワイド"",""買い目"":""1 レッドマウロア - 6 ナムラアラバイ"",""狙い"":""◎－○の安定側"",""金額"":300,""予算内比率"":""15%""},{""スタイル"":""標準"",""券種"":""馬連"",""買い目"":""1 レッドマウロア - 4 ファブリック"",""狙い"":""◎－▲の押さえ"",""金額"":200,""予算内比率"":""10%""},{""スタイル"":""標準"",""券種"":""ワイド"",""買い目"":""1 レッドマウロア - 4 ファブリック"",""狙い"":""◎－▲"",""金額"":200,""予算内比率"":""10%""},{""スタイル"":""標準"",""券種"":""三連複"",""買い目"":""1 レッドマウロア - 6 ナムラアラバイ - 4 ファブリック"",""狙い"":""◎○▲の中心"",""金額"":300,""予算内比率"":""15%""},{""スタイル"":""標準"",""券種"":""三連複"",""買い目"":""1 レッドマウロア - 6 ナムラアラバイ - 7 メイプルカモーン"",""狙い"":""◎○－△"",""金額"":200,""予算内比率"":""10%""},{""スタイル"":""標準"",""券種"":""三連複"",""買い目"":""1 レッドマウロア - 4 ファブリック - 9 イキフン"",""狙い"":""◎▲－△"",""金額"":200,""予算内比率"":""10%""}]",,,,,,,,,,,,,,,
2026-09-27|中山|3R|89985569704e010e|morning|NA,2026-09-26T20:17:00+09:00,1.7,2026-09-27,中山,3R,2歳未勝利,ダート,1800,重,9,イキフン,△,5,0.0593100496237329,0.034781362309857,8.612007749174436,0.0,8.612007749174436,17.8,6,,,morning,,,True,標準,2000.0,"[{""スタイル"":""標準"",""券種"":""単勝"",""買い目"":""1 レッドマウロア"",""狙い"":""◎の勝ち切り"",""金額"":300,""予算内比率"":""15%""},{""スタイル"":""標準"",""券種"":""馬連"",""買い目"":""1 レッドマウロア - 6 ナムラアラバイ"",""狙い"":""◎－○の本線"",""金額"":300,""予算内比率"":""15%""},{""スタイル"":""標準"",""券種"":""ワイド"",""買い目"":""1 レッドマウロア - 6 ナムラアラバイ"",""狙い"":""◎－○の安定側"",""金額"":300,""予算内比率"":""15%""},{""スタイル"":""標準"",""券種"":""馬連"",""買い目"":""1 レッドマウロア - 4 ファブリック"",""狙い"":""◎－▲の押さえ"",""金額"":200,""予算内比率"":""10%""},{""スタイル"":""標準"",""券種"":""ワイド"",""買い目"":""1 レッドマウロア - 4 ファブリック"",""狙い"":""◎－▲"",""金額"":200,""予算内比率"":""10%""},{""スタイル"":""標準"",""券種"":""三連複"",""買い目"":""1 レッドマウロア - 6 ナムラアラバイ - 4 ファブリック"",""狙い"":""◎○▲の中心"",""金額"":300,""予算内比率"":""15%""},{""スタイル"":""標準"",""券種"":""三連複"",""買い目"":""1 レッドマウロア - 6 ナムラアラバイ - 7 メイプルカモーン"",""狙い"":""◎○－△"",""金額"":200,""予算内比率"":""10%""},{""スタイル"":""標準"",""券種"":""三連複"",""買い目"":""1 レッドマウロア - 4 ファブリック - 9 イキフン"",""狙い"":""◎▲－△"",""金額"":200,""予算内比率"":""10%""}]",,,,,,,,,,,,,,,
2026-09-27|中山|4R|78b254dfb16c3050|morning|NA,2026-09-26T20:17:01+09:00,1.7,2026-09-27,中山,4R,2歳新馬,芝,1200,重,1,リゼスカーレット,△,4,0.0876186361663084,0.0304316692724683,16.91425718785457,0.0,16.91425718785457,5.9,4,,,morning,,,True,標準,2000.0,"[{""スタイル"":""標準"",""券種"":""単勝"",""買い目"":""14 ユーサイコー"",""狙い"":""◎の勝ち切り"",""金額"":300,""予算内比率"":""15%""},{""スタイル"":""標準"",""券種"":""馬連"",""買い目"":""14 ユーサイコー - 4 ジョワリヴレ"",""狙い"":""◎－○の本線"",""金額"":300,""予算内比率"":""15%""},{""スタイル"":""標準"",""券種"":""ワイド"",""買い目"":""14 ユーサイコー - 4 ジョワリヴレ"",""狙い"":""◎－○の安定側"",""金額"":300,""予算内比率"":""15%""},{""スタイル"":""標準"",""券種"":""馬連"",""買い目"":""14 ユーサイコー - 9 ダブルスプリング"",""狙い"":""◎－▲の押さえ"",""金額"":200,""予算内比率"":""10%""},{""スタイル"":""標準"",""券種"":""ワイド"",""買い目"":""14 ユーサイコー - 9 ダブルスプリング"",""狙い"":""◎－▲"",""金額"":200,""予算内比率"":""10%""},{""スタイル"":""標準"",""券種"":""三連複"",""買い目"":""14 ユーサイコー - 4 ジョワリヴレ - 9 ダブルスプリング"",""狙い"":""◎○▲の中心"",""金額"":300,""予算内比率"":""15%""},{""スタイル"":""標準"",""券種"":""三連複"",""買い目"":""14 ユーサイコー - 4 ジョワリヴレ - 1 リゼスカーレット"",""狙い"":""◎○－△"",""金額"":200,""予算内比率"":""10%""},{""スタイル"":""標準"",""券種"":""三連複"",""買い目"":""14 ユーサイコー - 9 ダブルスプリング - 7 ピンクダイアモンド"",""狙い"":""◎▲－△"",""金額"":200,""予算内比率"":""10%""}]",,,,,,,,,,,,,,,
2026-09-27|中山|4R|78b254dfb16c3050|morning|NA,2026-09-26T20:17:01+09:00,1.7,2026-09-27,中山,4R,2歳新馬,芝,1200,重,2,アイファーティアラ,×,11,0.0400419611848124,0.0261182063864802,10.091608354655676,0.0,10.091608354655676,33.3,10,,,morning,,,True,標準,2000.0,"[{""スタイル"":""標準"",""券種"":""単勝"",""買い目"":""14 ユーサイコー"",""狙い"":""◎の勝ち切り"",""金額"":300,""予算内比率"":""15%""},{""スタイル"":""標準"",""券種"":""馬連"",""買い目"":""14 ユーサイコー - 4 ジョワリヴレ"",""狙い"":""◎－○の本線"",""金額"":300,""予算内比率"":""15%""},{""スタイル"":""標準"",""券種"":""ワイド"",""買い目"":""14 ユーサイコー - 4 ジョワリヴレ"",""狙い"":""◎－○の安定側"",""金額"":300,""予算内比率"":""15%""},{""スタイル"":""標準"",""券種"":""馬連"",""買い目"":""14 ユーサイコー - 9 ダブルスプリング"",""狙い"":""◎－▲の押さえ"",""金額"":200,""予算内比率"":""10%""},{""スタイル"":""標準"",""券種"":""ワイド"",""買い目"":""14 ユーサイコー - 9 ダブルスプリング"",""狙い"":""◎－▲"",""金額"":200,""予算内比率"":""10%""},{""スタイル"":""標準"",""券種"":""三連複"",""買い目"":""14 ユーサイコー - 4 ジョワリヴレ - 9 ダブルスプリング"",""狙い"":""◎○▲の中心"",""金額"":300,""予算内比率"":""15%""},{""スタイル"":""標準"",""券種"":""三連複"",""買い目"":""14 ユーサイコー - 4 ジョワリヴレ - 1 リゼスカーレット"",""狙い"":""◎○－△"",""金額"":200,""予算内比率"":""10%""},{""スタイル"":""標準"",""券種"":""三連複"",""買い目"":""14 ユーサイコー - 9 ダブルスプリング - 7 ピンクダイアモンド"",""狙い"":""◎▲－△"",""金額"":200,""予算内比率"":""10%""}]",,,,,,,,,,,,,,,
2026-09-27|中山|4R|78b254dfb16c3050|morning|NA,2026-09-26T20:17:01+09:00,1.7,2026-09-27,中山,4R,2歳新馬,芝,1200,重,3,マルジョレーヌ,×,15,0.0233107944678205,0.0162944894472783,7.276964389004361,0.0,7.276964389004361,78.7,13,,,morning,,,True,標準,2000.0,"[{""スタイル"":""標準"",""券種"":""単勝"",""買い目"":""14 ユーサイコー"",""狙い"":""◎の勝ち切り"",""金額"":300,""予算内比率"":""15%""},{""スタイル"":""標準"",""券種"":""馬連"",""買い目"":""14 ユーサイコー - 4 ジョワリヴレ"",""狙い"":""◎－○の本線"",""金額"":300,""予算内比率"":""15%""},{""スタイル"":""標準"",""券種"":""ワイド"",""買い目"":""14 ユーサイコー - 4 ジョワリヴレ"",""狙い"":""◎－○の安定側"",""金額"":300,""予算内比率"":""15%""},{""スタイル"":""標準"",""券種"":""馬連"",""買い目"":""14 ユーサイコー - 9 ダブルスプリング"",""狙い"":""◎－▲の押さえ"",""金額"":200,""予算内比率"":""10%""},{""スタイル"":""標準"",""券種"":""ワイド"",""買い目"":""14 ユーサイコー - 9 ダブルスプリング"",""狙い"":""◎－▲"",""金額"":200,""予算内比率"":""10%""},{""スタイル"":""標準"",""券種"":""三連複"",""買い目"":""14 ユーサイコー - 4 ジョワリヴレ - 9 ダブルスプリング"",""狙い"":""◎○▲の中心"",""金額"":300,""予算内比率"":""15%""},{""スタイル"":""標準"",""券種"":""三連複"",""買い目"":""14 ユーサイコー - 4 ジョワリヴレ - 1 リゼスカーレット"",""狙い"":""◎○－△"",""金額"":200,""予算内比率"":""10%""},{""スタイル"":""標準"",""券種"":""三連複"",""買い目"":""14 ユーサイコー - 9 ダブルスプリング - 7 ピンクダイアモンド"",""狙い"":""◎▲－△"",""金額"":200,""予算内比率"":""10%""}]",,,,,,,,,,,,,,,
2026-09-27|中山|4R|78b254dfb16c3050|morning|NA,2026-09-26T20:17:01+09:00,1.7,2026-09-27,中山,4R,2歳新馬,芝,1200,重,4,ジョワリヴレ,○,2,0.0896179952113861,0.0407579389207367,17.70822177996297,0.0,17.70822177996297,5.4,2,,,morning,,,True,標準,2000.0,"[{""スタイル"":""標準"",""券種"":""単勝"",""買い目"":""14 ユーサイコー"",""狙い"":""◎の勝ち切り"",""金額"":300,""予算内比率"":""15%""},{""スタイル"":""標準"",""券種"":""馬連"",""買い目"":""14 ユーサイコー - 4 ジョワリヴレ"",""狙い"":""◎－○の本線"",""金額"":300,""予算内比率"":""15%""},{""スタイル"":""標準"",""券種"":""ワイド"",""買い目"":""14 ユーサイコー - 4 ジョワリヴレ"",""狙い"":""◎－○の安定側"",""金額"":300,""予算内比率"":""15%""},{""スタイル"":""標準"",""券種"":""馬連"",""買い目"":""14 ユーサイコー - 9 ダブルスプリング"",""狙い"":""◎－▲の押さえ"",""金額"":200,""予算内比率"":""10%""},{""スタイル"":""標準"",""券種"":""ワイド"",""買い目"":""14 ユーサイコー - 9 ダブルスプリング"",""狙い"":""◎－▲"",""金額"":200,""予算内比率"":""10%""},{""スタイル"":""標準"",""券種"":""三連複"",""買い目"":""14 ユーサイコー - 4 ジョワリヴレ - 9 ダブルスプリング"",""狙い"":""◎○▲の中心"",""金額"":300,""予算内比率"":""15%""},{""スタイル"":""標準"",""券種"":""三連複"",""買い目"":""14 ユーサイコー - 4 ジョワリヴレ - 1 リゼスカーレット"",""狙い"":""◎○－△"",""金額"":200,""予算内比率"":""10%""},{""スタイル"":""標準"",""券種"":""三連複"",""買い目"":""14 ユーサイコー - 9 ダブルスプリング - 7 ピンクダイアモンド"",""狙い"":""◎▲－△"",""金額"":200,""予算内比率"":""10%""}]",,,,,,,,,,,,,,,
2026-09-27|中山|4R|78b254dfb16c3050|morning|NA,2026-09-26T20:17:01+09:00,1.7,2026-09-27,中山,4R,2歳新馬,芝,1200,重,5,ミエノヴィヴィッド,☆,6,0.0772800648495249,0.0372569739577526,15.819804407471713,0.0,15.819804407471713,12.7,6,,,morning,,,True,標準,2000.0,"[{""スタイル"":""標準"",""券種"":""単勝"",""買い目"":""14 ユーサイコー"",""狙い"":""◎の勝ち切り"",""金額"":300,""予算内比率"":""15%""},{""スタイル"":""標準"",""券種"":""馬連"",""買い目"":""14 ユーサイコー - 4 ジョワリヴレ"",""狙い"":""◎－○の本線"",""金額"":300,""予算内比率"":""15%""},{""スタイル"":""標準"",""券種"":""ワイド"",""買い目"":""14 ユーサイコー - 4 ジョワリヴレ"",""狙い"":""◎－○の安定側"",""金額"":300,""予算内比率"":""15%""},{""スタイル"":""標準"",""券種"":""馬連"",""買い目"":""14 ユーサイコー - 9 ダブルスプリング"",""狙い"":""◎－▲の押さえ"",""金額"":200,""予算内比率"":""10%""},{""スタイル"":""標準"",""券種"":""ワイド"",""買い目"":""14 ユーサイコー - 9 ダブルスプリング"",""狙い"":""◎－▲"",""金額"":200,""予算内比率"":""10%""},{""スタイル"":""標準"",""券種"":""三連複"",""買い目"":""14 ユーサイコー - 4 ジョワリヴレ - 9 ダブルスプリング"",""狙い"":""◎○▲の中心"",""金額"":300,""予算内比率"":""15%""},{""スタイル"":""標準"",""券種"":""三連複"",""買い目"":""14 ユーサイコー - 4 ジョワリヴレ - 1 リゼスカーレット"",""狙い"":""◎○－△"",""金額"":200,""予算内比率"":""10%""},{""スタイル"":""標準"",""券種"":""三連複"",""買い目"":""14 ユーサイコー - 9 ダブルスプリング - 7 ピンクダイアモンド"",""狙い"":""◎▲－△"",""金額"":200,""予算内比率"":""10%""}]",,,,,,,,,,,,,,,
2026-09-27|中山|4R|78b254dfb16c3050|morning|NA,2026-09-26T20:17:01+09:00,1.7,2026-09-27,中山,4R,2歳新馬,芝,1200,重,6,アッパレヤ,☆,7,0.0472399576035896,0.0256668069031477,11.068624571960878,0.0,11.068624571960878,27.9,7,,,morning,,,True,標準,2000.0,"[{""スタイル"":""標準"",""券種"":""単勝"",""買い目"":""14 ユーサイコー"",""狙い"":""◎の勝ち切り"",""金額"":300,""予算内比率"":""15%""},{""スタイル"":""標準"",""券種"":""馬連"",""買い目"":""14 ユーサイコー - 4 ジョワリヴレ"",""狙い"":""◎－○の本線"",""金額"":300,""予算内比率"":""15%""},{""スタイル"":""標準"",""券種"":""ワイド"",""買い目"":""14 ユーサイコー - 4 ジョワリヴレ"",""狙い"":""◎－○の安定側"",""金額"":300,""予算内比率"":""15%""},{""スタイル"":""標準"",""券種"":""馬連"",""買い目"":""14 ユーサイコー - 9 ダブルスプリング"",""狙い"":""◎－▲の押さえ"",""金額"":200,""予算内比率"":""10%""},{""スタイル"":""標準"",""券種"":""ワイド"",""買い目"":""14 ユーサイコー - 9 ダブルスプリング"",""狙い"":""◎－▲"",""金額"":200,""予算内比率"":""10%""},{""スタイル"":""標準"",""券種"":""三連複"",""買い目"":""14 ユーサイコー - 4 ジョワリヴレ - 9 ダブルスプリング"",""狙い"":""◎○▲の中心"",""金額"":300,""予算内比率"":""15%""},{""スタイル"":""標準"",""券種"":""三連複"",""買い目"":""14 ユーサイコー - 4 ジョワリヴレ - 1 リゼスカーレット"",""狙い"":""◎○－△"",""金額"":200,""予算内比率"":""10%""},{""スタイル"":""標準"",""券種"":""三連複"",""買い目"":""14 ユーサイコー - 9 ダブルスプリング - 7 ピンクダイアモンド"",""狙い"":""◎▲－△"",""金額"":200,""予算内比率"":""10%""}]",,,,,,,,,,,,,,,
2026-09-27|中山|4R|78b254dfb16c3050|morning|NA,2026-09-26T20:17:01+09:00,1.7,2026-09-27,中山,4R,2歳新馬,芝,1200,重,7,ピンクダイアモンド,△,5,0.0841528961606686,0.0335026841068351,16.586520408530003,0.0,16.586520408530003,11.5,5,,,morning,,,True,標準,2000.0,"[{""スタイル"":""標準"",""券種"":""単勝"",""買い目"":""14 ユーサイコー"",""狙い"":""◎の勝ち切り"",""金額"":300,""予算内比率"":""15%""},{""スタイル"":""標準"",""券種"":""馬連"",""買い目"":""14 ユーサイコー - 4 ジョワリヴレ"",""狙い"":""◎－○の本線"",""金額"":300,""予算内比率"":""15%""},{""スタイル"":""標準"",""券種"":""ワイド"",""買い目"":""14 ユーサイコー - 4 ジョワリヴレ"",""狙い"":""◎－○の安定側"",""金額"":300,""予算内比率"":""15%""},{""スタイル"":""標準"",""券種"":""馬連"",""買い目"":""14 ユーサイコー - 9 ダブルスプリング"",""狙い"":""◎－▲の押さえ"",""金額"":200,""予算内比率"":""10%""},{""スタイル"":""標準"",""券種"":""ワイド"",""買い目"":""14 ユーサイコー - 9 ダブルスプリング"",""狙い"":""◎－▲"",""金額"":200,""予算内比率"":""10%""},{""スタイル"":""標準"",""券種"":""三連複"",""買い目"":""14 ユーサイコー - 4 ジョワリヴレ - 9 ダブルスプリング"",""狙い"":""◎○▲の中心"",""金額"":300,""予算内比率"":""15%""},{""スタイル"":""標準"",""券種"":""三連複"",""買い目"":""14 ユーサイコー - 4 ジョワリヴレ - 1 リゼスカーレット"",""狙い"":""◎○－△"",""金額"":200,""予算内比率"":""10%""},{""スタイル"":""標準"",""券種"":""三連複"",""買い目"":""14 ユーサイコー - 9 ダブルスプリング - 7 ピンクダイアモンド"",""狙い"":""◎▲－△"",""金額"":200,""予算内比率"":""10%""}]",,,,,,,,,,,,,,,
2026-09-27|中山|4R|78b254dfb16c3050|morning|NA,2026-09-26T20:17:01+09:00,1.7,2026-09-27,中山,4R,2歳新馬,芝,1200,重,8,ナムラジョン,×,13,0.0266604814325553,0.0169628564615628,7.775553968057568,0.0,7.775553968057568,86.6,15,,,morning,,,True,標準,2000.0,"[{""スタイル"":""標準"",""券種"":""単勝"",""買い目"":""14 ユーサイコー"",""狙い"":""◎の勝ち切り"",""金額"":300,""予算内比率"":""15%""},{""スタイル"":""標準"",""券種"":""馬連"",""買い目"":""14 ユーサイコー - 4 ジョワリヴレ"",""狙い"":""◎－○の本線"",""金額"":300,""予算内比率"":""15%""},{""スタイル"":""標準"",""券種"":""ワイド"",""買い目"":""14 ユーサイコー - 4 ジョワリヴレ"",""狙い"":""◎－○の安定側"",""金額"":300,""予算内比率"":""15%""},{""スタイル"":""標準"",""券種"":""馬連"",""買い目"":""14 ユーサイコー - 9 ダブルスプリング"",""狙い"":""◎－▲の押さえ"",""金額"":200,""予算内比率"":""10%""},{""スタイル"":""標準"",""券種"":""ワイド"",""買い目"":""14 ユーサイコー - 9 ダブルスプリング"",""狙い"":""◎－▲"",""金額"":200,""予算内比率"":""10%""},{""スタイル"":""標準"",""券種"":""三連複"",""買い目"":""14 ユーサイコー - 4 ジョワリヴレ - 9 ダブルスプリング"",""狙い"":""◎○▲の中心"",""金額"":300,""予算内比率"":""15%""},{""スタイル"":""標準"",""券種"":""三連複"",""買い目"":""14 ユーサイコー - 4 ジョワリヴレ - 1 リゼスカーレット"",""狙い"":""◎○－△"",""金額"":200,""予算内比率"":""10%""},{""スタイル"":""標準"",""券種"":""三連複"",""買い目"":""14 ユーサイコー - 9 ダブルスプリング - 7 ピンクダイアモンド"",""狙い"":""◎▲－△"",""金額"":200,""予算内比率"":""10%""}]",,,,,,,,,,,,,,,
2026-09-27|中山|4R|78b254dfb16c3050|morning|NA,2026-09-26T20:17:01+09:00,1.7,2026-09-27,中山,4R,2歳新馬,芝,1200,重,9,ダブルスプリング,▲,3,0.090806661910906,0.0344725594018682,17.559023019392665,0.0,17.559023019392665,5.6,3,,,morning,,,True,標準,2000.0,"[{""スタイル"":""標準"",""券種"":""単勝"",""買い目"":""14 ユーサイコー"",""狙い"":""◎の勝ち切り"",""金額"":300,""予算内比率"":""15%""},{""スタイル"":""標準"",""券種"":""馬連"",""買い目"":""14 ユーサイコー - 4 ジョワリヴレ"",""狙い"":""◎－○の本線"",""金額"":300,""予算内比率"":""15%""},{""スタイル"":""標準"",""券種"":""ワイド"",""買い目"":""14 ユーサイコー - 4 ジョワリヴレ"",""狙い"":""◎－○の安定側"",""金額"":300,""予算内比率"":""15%""},{""スタイル"":""標準"",""券種"":""馬連"",""買い目"":""14 ユーサイコー - 9 ダブルスプリング"",""狙い"":""◎－▲の押さえ"",""金額"":200,""予算内比率"":""10%""},{""スタイル"":""標準"",""券種"":""ワイド"",""買い目"":""14 ユーサイコー - 9 ダブルスプリング"",""狙い"":""◎－▲"",""金額"":200,""予算内比率"":""10%""},{""スタイル"":""標準"",""券種"":""三連複"",""買い目"":""14 ユーサイコー - 4 ジョワリヴレ - 9 ダブルスプリング"",""狙い"":""◎○▲の中心"",""金額"":300,""予算内比率"":""15%""},{""スタイル"":""標準"",""券種"":""三連複"",""買い目"":""14 ユーサイコー - 4 ジョワリヴレ - 1 リゼスカーレット"",""狙い"":""◎○－△"",""金額"":200,""予算内比率"":""10%""},{""スタイル"":""標準"",""券種"":""三連複"",""買い目"":""14 ユーサイコー - 9 ダブルスプリング - 7 ピンクダイアモンド"",""狙い"":""◎▲－△"",""金額"":200,""予算内比率"":""10%""}]",,,,,,,,,,,,,,,
2026-09-27|中山|4R|78b254dfb16c3050|morning|NA,2026-09-26T20:17:01+09:00,1.7,2026-09-27,中山,4R,2歳新馬,芝,1200,重,10,ブランカバローズ,注,8,0.0463265646196958,0.0251045050226823,10.913666539851976,0.0,10.913666539851976,29.8,8,,,morning,,,True,標準,2000.0,"[{""スタイル"":""標準"",""券種"":""単勝"",""買い目"":""14 ユーサイコー"",""狙い"":""◎の勝ち切り"",""金額"":300,""予算内比率"":""15%""},{""スタイル"":""標準"",""券種"":""馬連"",""買い目"":""14 ユーサイコー - 4 ジョワリヴレ"",""狙い"":""◎－○の本線"",""金額"":300,""予算内比率"":""15%""},{""スタイル"":""標準"",""券種"":""ワイド"",""買い目"":""14 ユーサイコー - 4 ジョワリヴレ"",""狙い"":""◎－○の安定側"",""金額"":300,""予算内比率"":""15%""},{""スタイル"":""標準"",""券種"":""馬連"",""買い目"":""14 ユーサイコー - 9 ダブルスプリング"",""狙い"":""◎－▲の押さえ"",""金額"":200,""予算内比率"":""10%""},{""スタイル"":""標準"",""券種"":""ワイド"",""買い目"":""14 ユーサイコー - 9 ダブルスプリング"",""狙い"":""◎－▲"",""金額"":200,""予算内比率"":""10%""},{""スタイル"":""標準"",""券種"":""三連複"",""買い目"":""14 ユーサイコー - 4 ジョワリヴレ - 9 ダブルスプリング"",""狙い"":""◎○▲の中心"",""金額"":300,""予算内比率"":""15%""},{""スタイル"":""標準"",""券種"":""三連複"",""買い目"":""14 ユーサイコー - 4 ジョワリヴレ - 1 リゼスカーレット"",""狙い"":""◎○－△"",""金額"":200,""予算内比率"":""10%""},{""スタイル"":""標準"",""券種"":""三連複"",""買い目"":""14 ユーサイコー - 9 ダブルスプリング - 7 ピンクダイアモンド"",""狙い"":""◎▲－△"",""金額"":200,""予算内比率"":""10%""}]",,,,,,,,,,,,,,,
2026-09-27|中山|4R|78b254dfb16c3050|morning|NA,2026-09-26T20:17:01+09:00,1.7,2026-09-27,中山,4R,2歳新馬,芝,1200,重,11,コックコート,×,12,0.0272752036759834,0.0188506882949981,7.9553120742941825,0.0,7.9553120742941825,78.7,14,,,morning,,,True,標準,2000.0,"[{""スタイル"":""標準"",""券種"":""単勝"",""買い目"":""14 ユーサイコー"",""狙い"":""◎の勝ち切り"",""金額"":300,""予算内比率"":""15%""},{""スタイル"":""標準"",""券種"":""馬連"",""買い目"":""14 ユーサイコー - 4 ジョワリヴレ"",""狙い"":""◎－○の本線"",""金額"":300,""予算内比率"":""15%""},{""スタイル"":""標準"",""券種"":""ワイド"",""買い目"":""14 ユーサイコー - 4 ジョワリヴレ"",""狙い"":""◎－○の安定側"",""金額"":300,""予算内比率"":""15%""},{""スタイル"":""標準"",""券種"":""馬連"",""買い目"":""14 ユーサイコー - 9 ダブルスプリング"",""狙い"":""◎－▲の押さえ"",""金額"":200,""予算内比率"":""10%""},{""スタイル"":""標準"",""券種"":""ワイド"",""買い目"":""14 ユーサイコー - 9 ダブルスプリング"",""狙い"":""◎－▲"",""金額"":200,""予算内比率"":""10%""},{""スタイル"":""標準"",""券種"":""三連複"",""買い目"":""14 ユーサイコー - 4 ジョワリヴレ - 9 ダブルスプリング"",""狙い"":""◎○▲の中心"",""金額"":300,""予算内比率"":""15%""},{""スタイル"":""標準"",""券種"":""三連複"",""買い目"":""14 ユーサイコー - 4 ジョワリヴレ - 1 リゼスカーレット"",""狙い"":""◎○－△"",""金額"":200,""予算内比率"":""10%""},{""スタイル"":""標準"",""券種"":""三連複"",""買い目"":""14 ユーサイコー - 9 ダブルスプリング - 7 ピンクダイアモンド"",""狙い"":""◎▲－△"",""金額"":200,""予算内比率"":""10%""}]",,,,,,,,,,,,,,,
2026-09-27|中山|4R|78b254dfb16c3050|morning|NA,2026-09-26T20:17:01+09:00,1.7,2026-09-27,中山,4R,2歳新馬,芝,1200,重,12,フレンチネイル,×,14,0.0249480549164453,0.021467247467245,7.762968746037469,0.0,7.762968746037469,61.8,12,,,morning,,,True,標準,2000.0,"[{""スタイル"":""標準"",""券種"":""単勝"",""買い目"":""14 ユーサイコー"",""狙い"":""◎の勝ち切り"",""金額"":300,""予算内比率"":""15%""},{""スタイル"":""標準"",""券種"":""馬連"",""買い目"":""14 ユーサイコー - 4 ジョワリヴレ"",""狙い"":""◎－○の本線"",""金額"":300,""予算内比率"":""15%""},{""スタイル"":""標準"",""券種"":""ワイド"",""買い目"":""14 ユーサイコー - 4 ジョワリヴレ"",""狙い"":""◎－○の安定側"",""金額"":300,""予算内比率"":""15%""},{""スタイル"":""標準"",""券種"":""馬連"",""買い目"":""14 ユーサイコー - 9 ダブルスプリング"",""狙い"":""◎－▲の押さえ"",""金額"":200,""予算内比率"":""10%""},{""スタイル"":""標準"",""券種"":""ワイド"",""買い目"":""14 ユーサイコー - 9 ダブルスプリング"",""狙い"":""◎－▲"",""金額"":200,""予算内比率"":""10%""},{""スタイル"":""標準"",""券種"":""三連複"",""買い目"":""14 ユーサイコー - 4 ジョワリヴレ - 9 ダブルスプリング"",""狙い"":""◎○▲の中心"",""金額"":300,""予算内比率"":""15%""},{""スタイル"":""標準"",""券種"":""三連複"",""買い目"":""14 ユーサイコー - 4 ジョワリヴレ - 1 リゼスカーレット"",""狙い"":""◎○－△"",""金額"":200,""予算内比率"":""10%""},{""スタイル"":""標準"",""券種"":""三連複"",""買い目"":""14 ユーサイコー - 9 ダブルスプリング - 7 ピンクダイアモンド"",""狙い"":""◎▲－△"",""金額"":200,""予算内比率"":""10%""}]",,,,,,,,,,,,,,,
2026-09-27|中山|4R|78b254dfb16c3050|morning|NA,2026-09-26T20:17:01+09:00,1.7,2026-09-27,中山,4R,2歳新馬,芝,1200,重,13,エコロヴィータ,注,9,0.0413432796273831,0.0262152543940658,10.27717492467638,0.0,10.27717492467638,32.0,9,,,morning,,,True,標準,2000.0,"[{""スタイル"":""標準"",""券種"":""単勝"",""買い目"":""14 ユーサイコー"",""狙い"":""◎の勝ち切り"",""金額"":300,""予算内比率"":""15%""},{""スタイル"":""標準"",""券種"":""馬連"",""買い目"":""14 ユーサイコー - 4 ジョワリヴレ"",""狙い"":""◎－○の本線"",""金額"":300,""予算内比率"":""15%""},{""スタイル"":""標準"",""券種"":""ワイド"",""買い目"":""14 ユーサイコー - 4 ジョワリヴレ"",""狙い"":""◎－○の安定側"",""金額"":300,""予算内比率"":""15%""},{""スタイル"":""標準"",""券種"":""馬連"",""買い目"":""14 ユーサイコー - 9 ダブルスプリング"",""狙い"":""◎－▲の押さえ"",""金額"":200,""予算内比率"":""10%""},{""スタイル"":""標準"",""券種"":""ワイド"",""買い目"":""14 ユーサイコー - 9 ダブルスプリング"",""狙い"":""◎－▲"",""金額"":200,""予算内比率"":""10%""},{""スタイル"":""標準"",""券種"":""三連複"",""買い目"":""14 ユーサイコー - 4 ジョワリヴレ - 9 ダブルスプリング"",""狙い"":""◎○▲の中心"",""金額"":300,""予算内比率"":""15%""},{""スタイル"":""標準"",""券種"":""三連複"",""買い目"":""14 ユーサイコー - 4 ジョワリヴレ - 1 リゼスカーレット"",""狙い"":""◎○－△"",""金額"":200,""予算内比率"":""10%""},{""スタイル"":""標準"",""券種"":""三連複"",""買い目"":""14 ユーサイコー - 9 ダブルスプリング - 7 ピンクダイアモンド"",""狙い"":""◎▲－△"",""金額"":200,""予算内比率"":""10%""}]",,,,,,,,,,,,,,,
2026-09-27|中山|4R|78b254dfb16c3050|morning|NA,2026-09-26T20:17:01+09:00,1.7,2026-09-27,中山,4R,2歳新馬,芝,1200,重,14,ユーサイコー,◎,1,0.2520341685455368,0.0910916005489781,42.779648527681545,0.0,42.779648527681545,2.9,1,,,morning,,,True,標準,2000.0,"[{""スタイル"":""標準"",""券種"":""単勝"",""買い目"":""14 ユーサイコー"",""狙い"":""◎の勝ち切り"",""金額"":300,""予算内比率"":""15%""},{""スタイル"":""標準"",""券種"":""馬連"",""買い目"":""14 ユーサイコー - 4 ジョワリヴレ"",""狙い"":""◎－○の本線"",""金額"":300,""予算内比率"":""15%""},{""スタイル"":""標準"",""券種"":""ワイド"",""買い目"":""14 ユーサイコー - 4 ジョワリヴレ"",""狙い"":""◎－○の安定側"",""金額"":300,""予算内比率"":""15%""},{""スタイル"":""標準"",""券種"":""馬連"",""買い目"":""14 ユーサイコー - 9 ダブルスプリング"",""狙い"":""◎－▲の押さえ"",""金額"":200,""予算内比率"":""10%""},{""スタイル"":""標準"",""券種"":""ワイド"",""買い目"":""14 ユーサイコー - 9 ダブルスプリング"",""狙い"":""◎－▲"",""金額"":200,""予算内比率"":""10%""},{""スタイル"":""標準"",""券種"":""三連複"",""買い目"":""14 ユーサイコー - 4 ジョワリヴレ - 9 ダブルスプリング"",""狙い"":""◎○▲の中心"",""金額"":300,""予算内比率"":""15%""},{""スタイル"":""標準"",""券種"":""三連複"",""買い目"":""14 ユーサイコー - 4 ジョワリヴレ - 1 リゼスカーレット"",""狙い"":""◎○－△"",""金額"":200,""予算内比率"":""10%""},{""スタイル"":""標準"",""券種"":""三連複"",""買い目"":""14 ユーサイコー - 9 ダブルスプリング - 7 ピンクダイアモンド"",""狙い"":""◎▲－△"",""金額"":200,""予算内比率"":""10%""}]",,,,,,,,,,,,,,,
2026-09-27|中山|4R|78b254dfb16c3050|morning|NA,2026-09-26T20:17:01+09:00,1.7,2026-09-27,中山,4R,2歳新馬,芝,1200,重,15,リオビーチ,注,10,0.0413432796273831,0.0261042607745511,10.271625243700647,0.0,10.271625243700647,33.3,11,,,morning,,,True,標準,2000.0,"[{""スタイル"":""標準"",""券種"":""単勝"",""買い目"":""14 ユーサイコー"",""狙い"":""◎の勝ち切り"",""金額"":300,""予算内比率"":""15%""},{""スタイル"":""標準"",""券種"":""馬連"",""買い目"":""14 ユーサイコー - 4 ジョワリヴレ"",""狙い"":""◎－○の本線"",""金額"":300,""予算内比率"":""15%""},{""スタイル"":""標準"",""券種"":""ワイド"",""買い目"":""14 ユーサイコー - 4 ジョワリヴレ"",""狙い"":""◎－○の安定側"",""金額"":300,""予算内比率"":""15%""},{""スタイル"":""標準"",""券種"":""馬連"",""買い目"":""14 ユーサイコー - 9 ダブルスプリング"",""狙い"":""◎－▲の押さえ"",""金額"":200,""予算内比率"":""10%""},{""スタイル"":""標準"",""券種"":""ワイド"",""買い目"":""14 ユーサイコー - 9 ダブルスプリング"",""狙い"":""◎－▲"",""金額"":200,""予算内比率"":""10%""},{""スタイル"":""標準"",""券種"":""三連複"",""買い目"":""14 ユーサイコー - 4 ジョワリヴレ - 9 ダブルスプリング"",""狙い"":""◎○▲の中心"",""金額"":300,""予算内比率"":""15%""},{""スタイル"":""標準"",""券種"":""三連複"",""買い目"":""14 ユーサイコー - 4 ジョワリヴレ - 1 リゼスカーレット"",""狙い"":""◎○－△"",""金額"":200,""予算内比率"":""10%""},{""スタイル"":""標準"",""券種"":""三連複"",""買い目"":""14 ユーサイコー - 9 ダブルスプリング - 7 ピンクダイアモンド"",""狙い"":""◎▲－△"",""金額"":200,""予算内比率"":""10%""}]",,,,,,,,,,,,,,,
2026-09-27|中山|5R|d67047ff4c520511|morning|NA,2026-09-26T20:17:02+09:00,1.7,2026-09-27,中山,5R,2歳新馬,芝,2000,重,1,タイセイパーシスト,☆,6,0.0375538533631936,0.0239306975822423,7.055911354795438,0.0,7.055911354795438,26.9,5,,,morning,,,True,標準,2000.0,"[{""スタイル"":""標準"",""券種"":""単勝"",""買い目"":""3 ダイアナマリア"",""狙い"":""◎の勝ち切り"",""金額"":300,""予算内比率"":""15%""},{""スタイル"":""標準"",""券種"":""馬連"",""買い目"":""3 ダイアナマリア - 7 ライカホウ"",""狙い"":""◎－○の本線"",""金額"":300,""予算内比率"":""15%""},{""スタイル"":""標準"",""券種"":""ワイド"",""買い目"":""3 ダイアナマリア - 7 ライカホウ"",""狙い"":""◎－○の安定側"",""金額"":300,""予算内比率"":""15%""},{""スタイル"":""標準"",""券種"":""馬連"",""買い目"":""3 ダイアナマリア - 6 スワーヴバシレウス"",""狙い"":""◎－▲の押さえ"",""金額"":200,""予算内比率"":""10%""},{""スタイル"":""標準"",""券種"":""ワイド"",""買い目"":""3 ダイアナマリア - 6 スワーヴバシレウス"",""狙い"":""◎－▲"",""金額"":200,""予算内比率"":""10%""},{""スタイル"":""標準"",""券種"":""三連複"",""買い目"":""3 ダイアナマリア - 7 ライカホウ - 6 スワーヴバシレウス"",""狙い"":""◎○▲の中心"",""金額"":300,""予算内比率"":""15%""},{""スタイル"":""標準"",""券種"":""三連複"",""買い目"":""3 ダイアナマリア - 7 ライカホウ - 10 リンカーンバローズ"",""狙い"":""◎○－△"",""金額"":200,""予算内比率"":""10%""},{""スタイル"":""標準"",""券種"":""三連複"",""買い目"":""3 ダイアナマリア - 6 スワーヴバシレウス - 5 キセキテキニキテル"",""狙い"":""◎▲－△"",""金額"":200,""予算内比率"":""10%""}]",,,,,,,,,,,,,,,
2026-09-27|中山|5R|d67047ff4c520511|morning|NA,2026-09-26T20:17:02+09:00,1.7,2026-09-27,中山,5R,2歳新馬,芝,2000,重,2,ケルンミッチー,注,10,0.0231335940263593,0.0199971834991527,5.847690874883785,0.0,5.847690874883785,60.1,10,,,morning,,,True,標準,2000.0,"[{""スタイル"":""標準"",""券種"":""単勝"",""買い目"":""3 ダイアナマリア"",""狙い"":""◎の勝ち切り"",""金額"":300,""予算内比率"":""15%""},{""スタイル"":""標準"",""券種"":""馬連"",""買い目"":""3 ダイアナマリア - 7 ライカホウ"",""狙い"":""◎－○の本線"",""金額"":300,""予算内比率"":""15%""},{""スタイル"":""標準"",""券種"":""ワイド"",""買い目"":""3 ダイアナマリア - 7 ライカホウ"",""狙い"":""◎－○の安定側"",""金額"":300,""予算内比率"":""15%""},{""スタイル"":""標準"",""券種"":""馬連"",""買い目"":""3 ダイアナマリア - 6 スワーヴバシレウス"",""狙い"":""◎－▲の押さえ"",""金額"":200,""予算内比率"":""10%""},{""スタイル"":""標準"",""券種"":""ワイド"",""買い目"":""3 ダイアナマリア - 6 スワーヴバシレウス"",""狙い"":""◎－▲"",""金額"":200,""予算内比率"":""10%""},{""スタイル"":""標準"",""券種"":""三連複"",""買い目"":""3 ダイアナマリア - 7 ライカホウ - 6 スワーヴバシレウス"",""狙い"":""◎○▲の中心"",""金額"":300,""予算内比率"":""15%""},{""スタイル"":""標準"",""券種"":""三連複"",""買い目"":""3 ダイアナマリア - 7 ライカホウ - 10 リンカーンバローズ"",""狙い"":""◎○－△"",""金額"":200,""予算内比率"":""10%""},{""スタイル"":""標準"",""券種"":""三連複"",""買い目"":""3 ダイアナマリア - 6 スワーヴバシレウス - 5 キセキテキニキテル"",""狙い"":""◎▲－△"",""金額"":200,""予算内比率"":""10%""}]",,,,,,,,,,,,,,,
2026-09-27|中山|5R|d67047ff4c520511|morning|NA,2026-09-26T20:17:02+09:00,1.7,2026-09-27,中山,5R,2歳新馬,芝,2000,重,3,ダイアナマリア,◎,1,0.4989488244960848,0.4367050308011289,60.060320040289085,0.0,60.060320040289085,1.6,1,,,morning,,,True,標準,2000.0,"[{""スタイル"":""標準"",""券種"":""単勝"",""買い目"":""3 ダイアナマリア"",""狙い"":""◎の勝ち切り"",""金額"":300,""予算内比率"":""15%""},{""スタイル"":""標準"",""券種"":""馬連"",""買い目"":""3 ダイアナマリア - 7 ライカホウ"",""狙い"":""◎－○の本線"",""金額"":300,""予算内比率"":""15%""},{""スタイル"":""標準"",""券種"":""ワイド"",""買い目"":""3 ダイアナマリア - 7 ライカホウ"",""狙い"":""◎－○の安定側"",""金額"":300,""予算内比率"":""15%""},{""スタイル"":""標準"",""券種"":""馬連"",""買い目"":""3 ダイアナマリア - 6 スワーヴバシレウス"",""狙い"":""◎－▲の押さえ"",""金額"":200,""予算内比率"":""10%""},{""スタイル"":""標準"",""券種"":""ワイド"",""買い目"":""3 ダイアナマリア - 6 スワーヴバシレウス"",""狙い"":""◎－▲"",""金額"":200,""予算内比率"":""10%""},{""スタイル"":""標準"",""券種"":""三連複"",""買い目"":""3 ダイアナマリア - 7 ライカホウ - 6 スワーヴバシレウス"",""狙い"":""◎○▲の中心"",""金額"":300,""予算内比率"":""15%""},{""スタイル"":""標準"",""券種"":""三連複"",""買い目"":""3 ダイアナマリア - 7 ライカホウ - 10 リンカーンバローズ"",""狙い"":""◎○－△"",""金額"":200,""予算内比率"":""10%""},{""スタイル"":""標準"",""券種"":""三連複"",""買い目"":""3 ダイアナマリア - 6 スワーヴバシレウス - 5 キセキテキニキテル"",""狙い"":""◎▲－△"",""金額"":200,""予算内比率"":""10%""}]",,,,,,,,,,,,,,,
2026-09-27|中山|5R|d67047ff4c520511|morning|NA,2026-09-26T20:17:02+09:00,1.7,2026-09-27,中山,5R,2歳新馬,芝,2000,重,4,テムグリーン,注,8,0.0237525119856999,0.0238692859483424,6.084711529184229,0.0,6.084711529184229,47.2,8,,,morning,,,True,標準,2000.0,"[{""スタイル"":""標準"",""券種"":""単勝"",""買い目"":""3 ダイアナマリア"",""狙い"":""◎の勝ち切り"",""金額"":300,""予算内比率"":""15%""},{""スタイル"":""標準"",""券種"":""馬連"",""買い目"":""3 ダイアナマリア - 7 ライカホウ"",""狙い"":""◎－○の本線"",""金額"":300,""予算内比率"":""15%""},{""スタイル"":""標準"",""券種"":""ワイド"",""買い目"":""3 ダイアナマリア - 7 ライカホウ"",""狙い"":""◎－○の安定側"",""金額"":300,""予算内比率"":""15%""},{""スタイル"":""標準"",""券種"":""馬連"",""買い目"":""3 ダイアナマリア - 6 スワーヴバシレウス"",""狙い"":""◎－▲の押さえ"",""金額"":200,""予算内比率"":""10%""},{""スタイル"":""標準"",""券種"":""ワイド"",""買い目"":""3 ダイアナマリア - 6 スワーヴバシレウス"",""狙い"":""◎－▲"",""金額"":200,""予算内比率"":""10%""},{""スタイル"":""標準"",""券種"":""三連複"",""買い目"":""3 ダイアナマリア - 7 ライカホウ - 6 スワーヴバシレウス"",""狙い"":""◎○▲の中心"",""金額"":300,""予算内比率"":""15%""},{""スタイル"":""標準"",""券種"":""三連複"",""買い目"":""3 ダイアナマリア - 7 ライカホウ - 10 リンカーンバローズ"",""狙い"":""◎○－△"",""金額"":200,""予算内比率"":""10%""},{""スタイル"":""標準"",""券種"":""三連複"",""買い目"":""3 ダイアナマリア - 6 スワーヴバシレウス - 5 キセキテキニキテル"",""狙い"":""◎▲－△"",""金額"":200,""予算内比率"":""10%""}]",,,,,,,,,,,,,,,
2026-09-27|中山|5R|d67047ff4c520511|morning|NA,2026-09-26T20:17:02+09:00,1.7,2026-09-27,中山,5R,2歳新馬,芝,2000,重,5,キセキテキニキテル,△,5,0.0314029939918728,0.034228160808049,7.139317264482065,0.0,7.139317264482065,34.8,6,,,morning,,,True,標準,2000.0,"[{""スタイル"":""標準"",""券種"":""単勝"",""買い目"":""3 ダイアナマリア"",""狙い"":""◎の勝ち切り"",""金額"":300,""予算内比率"":""15%""},{""スタイル"":""標準"",""券種"":""馬連"",""買い目"":""3 ダイアナマリア - 7 ライカホウ"",""狙い"":""◎－○の本線"",""金額"":300,""予算内比率"":""15%""},{""スタイル"":""標準"",""券種"":""ワイド"",""買い目"":""3 ダイアナマリア - 7 ライカホウ"",""狙い"":""◎－○の安定側"",""金額"":300,""予算内比率"":""15%""},{""スタイル"":""標準"",""券種"":""馬連"",""買い目"":""3 ダイアナマリア - 6 スワーヴバシレウス"",""狙い"":""◎－▲の押さえ"",""金額"":200,""予算内比率"":""10%""},{""スタイル"":""標準"",""券種"":""ワイド"",""買い目"":""3 ダイアナマリア - 6 スワーヴバシレウス"",""狙い"":""◎－▲"",""金額"":200,""予算内比率"":""10%""},{""スタイル"":""標準"",""券種"":""三連複"",""買い目"":""3 ダイアナマリア - 7 ライカホウ - 6 スワーヴバシレウス"",""狙い"":""◎○▲の中心"",""金額"":300,""予算内比率"":""15%""},{""スタイル"":""標準"",""券種"":""三連複"",""買い目"":""3 ダイアナマリア - 7 ライカホウ - 10 リンカーンバローズ"",""狙い"":""◎○－△"",""金額"":200,""予算内比率"":""10%""},{""スタイル"":""標準"",""券種"":""三連複"",""買い目"":""3 ダイアナマリア - 6 スワーヴバシレウス - 5 キセキテキニキテル"",""狙い"":""◎▲－△"",""金額"":200,""予算内比率"":""10%""}]",,,,,,,,,,,,,,,
2026-09-27|中山|5R|d67047ff4c520511|morning|NA,2026-09-26T20:17:02+09:00,1.7,2026-09-27,中山,5R,2歳新馬,芝,2000,重,6,スワーヴバシレウス,▲,3,0.0886125203650778,0.0391364385783373,11.39783495193706,0.0,11.39783495193706,9.5,4,,,morning,,,True,標準,2000.0,"[{""スタイル"":""標準"",""券種"":""単勝"",""買い目"":""3 ダイアナマリア"",""狙い"":""◎の勝ち切り"",""金額"":300,""予算内比率"":""15%""},{""スタイル"":""標準"",""券種"":""馬連"",""買い目"":""3 ダイアナマリア - 7 ライカホウ"",""狙い"":""◎－○の本線"",""金額"":300,""予算内比率"":""15%""},{""スタイル"":""標準"",""券種"":""ワイド"",""買い目"":""3 ダイアナマリア - 7 ライカホウ"",""狙い"":""◎－○の安定側"",""金額"":300,""予算内比率"":""15%""},{""スタイル"":""標準"",""券種"":""馬連"",""買い目"":""3 ダイアナマリア - 6 スワーヴバシレウス"",""狙い"":""◎－▲の押さえ"",""金額"":200,""予算内比率"":""10%""},{""スタイル"":""標準"",""券種"":""ワイド"",""買い目"":""3 ダイアナマリア - 6 スワーヴバシレウス"",""狙い"":""◎－▲"",""金額"":200,""予算内比率"":""10%""},{""スタイル"":""標準"",""券種"":""三連複"",""買い目"":""3 ダイアナマリア - 7 ライカホウ - 6 スワーヴバシレウス"",""狙い"":""◎○▲の中心"",""金額"":300,""予算内比率"":""15%""},{""スタイル"":""標準"",""券種"":""三連複"",""買い目"":""3 ダイアナマリア - 7 ライカホウ - 10 リンカーンバローズ"",""狙い"":""◎○－△"",""金額"":200,""予算内比率"":""10%""},{""スタイル"":""標準"",""券種"":""三連複"",""買い目"":""3 ダイアナマリア - 6 スワーヴバシレウス - 5 キセキテキニキテル"",""狙い"":""◎▲－△"",""金額"":200,""予算内比率"":""10%""}]",,,,,,,,,,,,,,,
2026-09-27|中山|5R|d67047ff4c520511|morning|NA,2026-09-26T20:17:02+09:00,1.7,2026-09-27,中山,5R,2歳新馬,芝,2000,重,7,ライカホウ,○,2,0.1680373107967957,0.0943450792201791,19.729715454556487,0.0,19.729715454556487,3.4,2,,,morning,,,True,標準,2000.0,"[{""スタイル"":""標準"",""券種"":""単勝"",""買い目"":""3 ダイアナマリア"",""狙い"":""◎の勝ち切り"",""金額"":300,""予算内比率"":""15%""},{""スタイル"":""標準"",""券種"":""馬連"",""買い目"":""3 ダイアナマリア - 7 ライカホウ"",""狙い"":""◎－○の本線"",""金額"":300,""予算内比率"":""15%""},{""スタイル"":""標準"",""券種"":""ワイド"",""買い目"":""3 ダイアナマリア - 7 ライカホウ"",""狙い"":""◎－○の安定側"",""金額"":300,""予算内比率"":""15%""},{""スタイル"":""標準"",""券種"":""馬連"",""買い目"":""3 ダイアナマリア - 6 スワーヴバシレウス"",""狙い"":""◎－▲の押さえ"",""金額"":200,""予算内比率"":""10%""},{""スタイル"":""標準"",""券種"":""ワイド"",""買い目"":""3 ダイアナマリア - 6 スワーヴバシレウス"",""狙い"":""◎－▲"",""金額"":200,""予算内比率"":""10%""},{""スタイル"":""標準"",""券種"":""三連複"",""買い目"":""3 ダイアナマリア - 7 ライカホウ - 6 スワーヴバシレウス"",""狙い"":""◎○▲の中心"",""金額"":300,""予算内比率"":""15%""},{""スタイル"":""標準"",""券種"":""三連複"",""買い目"":""3 ダイアナマリア - 7 ライカホウ - 10 リンカーンバローズ"",""狙い"":""◎○－△"",""金額"":200,""予算内比率"":""10%""},{""スタイル"":""標準"",""券種"":""三連複"",""買い目"":""3 ダイアナマリア - 6 スワーヴバシレウス - 5 キセキテキニキテル"",""狙い"":""◎▲－△"",""金額"":200,""予算内比率"":""10%""}]",,,,,,,,,,,,,,,
2026-09-27|中山|5R|d67047ff4c520511|morning|NA,2026-09-26T20:17:02+09:00,1.7,2026-09-27,中山,5R,2歳新馬,芝,2000,重,8,テイクユアタイム,注,9,0.0229787289423692,0.0218585778052697,5.929897195641845,0.0,5.929897195641845,55.1,9,,,morning,,,True,標準,2000.0,"[{""スタイル"":""標準"",""券種"":""単勝"",""買い目"":""3 ダイアナマリア"",""狙い"":""◎の勝ち切り"",""金額"":300,""予算内比率"":""15%""},{""スタイル"":""標準"",""券種"":""馬連"",""買い目"":""3 ダイアナマリア - 7 ライカホウ"",""狙い"":""◎－○の本線"",""金額"":300,""予算内比率"":""15%""},{""スタイル"":""標準"",""券種"":""ワイド"",""買い目"":""3 ダイアナマリア - 7 ライカホウ"",""狙い"":""◎－○の安定側"",""金額"":300,""予算内比率"":""15%""},{""スタイル"":""標準"",""券種"":""馬連"",""買い目"":""3 ダイアナマリア - 6 スワーヴバシレウス"",""狙い"":""◎－▲の押さえ"",""金額"":200,""予算内比率"":""10%""},{""スタイル"":""標準"",""券種"":""ワイド"",""買い目"":""3 ダイアナマリア - 6 スワーヴバシレウス"",""狙い"":""◎－▲"",""金額"":200,""予算内比率"":""10%""},{""スタイル"":""標準"",""券種"":""三連複"",""買い目"":""3 ダイアナマリア - 7 ライカホウ - 6 スワーヴバシレウス"",""狙い"":""◎○▲の中心"",""金額"":300,""予算内比率"":""15%""},{""スタイル"":""標準"",""券種"":""三連複"",""買い目"":""3 ダイアナマリア - 7 ライカホウ - 10 リンカーンバローズ"",""狙い"":""◎○－△"",""金額"":200,""予算内比率"":""10%""},{""スタイル"":""標準"",""券種"":""三連複"",""買い目"":""3 ダイアナマリア - 6 スワーヴバシレウス - 5 キセキテキニキテル"",""狙い"":""◎▲－△"",""金額"":200,""予算内比率"":""10%""}]",,,,,,,,,,,,,,,
2026-09-27|中山|5R|d67047ff4c520511|morning|NA,2026-09-26T20:17:02+09:00,1.7,2026-09-27,中山,5R,2歳新馬,芝,2000,重,9,エルエシック,☆,7,0.0268505277499252,0.0256747317997133,6.392301803927392,0.0,6.392301803927392,44.0,7,,,morning,,,True,標準,2000.0,"[{""スタイル"":""標準"",""券種"":""単勝"",""買い目"":""3 ダイアナマリア"",""狙い"":""◎の勝ち切り"",""金額"":300,""予算内比率"":""15%""},{""スタイル"":""標準"",""券種"":""馬連"",""買い目"":""3 ダイアナマリア - 7 ライカホウ"",""狙い"":""◎－○の本線"",""金額"":300,""予算内比率"":""15%""},{""スタイル"":""標準"",""券種"":""ワイド"",""買い目"":""3 ダイアナマリア - 7 ライカホウ"",""狙い"":""◎－○の安定側"",""金額"":300,""予算内比率"":""15%""},{""スタイル"":""標準"",""券種"":""馬連"",""買い目"":""3 ダイアナマリア - 6 スワーヴバシレウス"",""狙い"":""◎－▲の押さえ"",""金額"":200,""予算内比率"":""10%""},{""スタイル"":""標準"",""券種"":""ワイド"",""買い目"":""3 ダイアナマリア - 6 スワーヴバシレウス"",""狙い"":""◎－▲"",""金額"":200,""予算内比率"":""10%""},{""スタイル"":""標準"",""券種"":""三連複"",""買い目"":""3 ダイアナマリア - 7 ライカホウ - 6 スワーヴバシレウス"",""狙い"":""◎○▲の中心"",""金額"":300,""予算内比率"":""15%""},{""スタイル"":""標準"",""券種"":""三連複"",""買い目"":""3 ダイアナマリア - 7 ライカホウ - 10 リンカーンバローズ"",""狙い"":""◎○－△"",""金額"":200,""予算内比率"":""10%""},{""スタイル"":""標準"",""券種"":""三連複"",""買い目"":""3 ダイアナマリア - 6 スワーヴバシレウス - 5 キセキテキニキテル"",""狙い"":""◎▲－△"",""金額"":200,""予算内比率"":""10%""}]",,,,,,,,,,,,,,,
2026-09-27|中山|5R|d67047ff4c520511|morning|NA,2026-09-26T20:17:02+09:00,1.7,2026-09-27,中山,5R,2歳新馬,芝,2000,重,10,リンカーンバローズ,△,4,0.0787291342826211,0.0402743180908066,10.761434353241514,0.0,10.761434353241514,8.9,3,,,morning,,,True,標準,2000.0,"[{""スタイル"":""標準"",""券種"":""単勝"",""買い目"":""3 ダイアナマリア"",""狙い"":""◎の勝ち切り"",""金額"":300,""予算内比率"":""15%""},{""スタイル"":""標準"",""券種"":""馬連"",""買い目"":""3 ダイアナマリア - 7 ライカホウ"",""狙い"":""◎－○の本線"",""金額"":300,""予算内比率"":""15%""},{""スタイル"":""標準"",""券種"":""ワイド"",""買い目"":""3 ダイアナマリア - 7 ライカホウ"",""狙い"":""◎－○の安定側"",""金額"":300,""予算内比率"":""15%""},{""スタイル"":""標準"",""券種"":""馬連"",""買い目"":""3 ダイアナマリア - 6 スワーヴバシレウス"",""狙い"":""◎－▲の押さえ"",""金額"":200,""予算内比率"":""10%""},{""スタイル"":""標準"",""券種"":""ワイド"",""買い目"":""3 ダイアナマリア - 6 スワーヴバシレウス"",""狙い"":""◎－▲"",""金額"":200,""予算内比率"":""10%""},{""スタイル"":""標準"",""券種"":""三連複"",""買い目"":""3 ダイアナマリア - 7 ライカホウ - 6 スワーヴバシレウス"",""狙い"":""◎○▲の中心"",""金額"":300,""予算内比率"":""15%""},{""スタイル"":""標準"",""券種"":""三連複"",""買い目"":""3 ダイアナマリア - 7 ライカホウ - 10 リンカーンバローズ"",""狙い"":""◎○－△"",""金額"":200,""予算内比率"":""10%""},{""スタイル"":""標準"",""券種"":""三連複"",""買い目"":""3 ダイアナマリア - 6 スワーヴバシレウス - 5 キセキテキニキテル"",""狙い"":""◎▲－△"",""金額"":200,""予算内比率"":""10%""}]",,,,,,,,,,,,,,,
2026-09-27|中山|6R|076e7f8954ebe1fd|morning|NA,2026-09-26T20:17:03+09:00,1.7,2026-09-27,中山,6R,3歳以上1勝クラス,ダート,1800,重,1,アルデラックス,△,4,0.0663245432113114,0.4353292891694425,51.82330596172956,0.0,51.82330596172956,13.0,7,,,morning,,,True,標準,2000.0,"[{""スタイル"":""標準"",""券種"":""単勝"",""買い目"":""14 シーギリヤロック"",""狙い"":""◎の勝ち切り"",""金額"":300,""予算内比率"":""15%""},{""スタイル"":""標準"",""券種"":""馬連"",""買い目"":""14 シーギリヤロック - 11 ミスターキャンベラ"",""狙い"":""◎－○の本線"",""金額"":300,""予算内比率"":""15%""},{""スタイル"":""標準"",""券種"":""ワイド"",""買い目"":""14 シーギリヤロック - 11 ミスターキャンベラ"",""狙い"":""◎－○の安定側"",""金額"":300,""予算内比率"":""15%""},{""スタイル"":""標準"",""券種"":""馬連"",""買い目"":""14 シーギリヤロック - 7 ダンツティアラ"",""狙い"":""◎－▲の押さえ"",""金額"":200,""予算内比率"":""10%""},{""スタイル"":""標準"",""券種"":""ワイド"",""買い目"":""14 シーギリヤロック - 7 ダンツティアラ"",""狙い"":""◎－▲"",""金額"":200,""予算内比率"":""10%""},{""スタイル"":""標準"",""券種"":""三連複"",""買い目"":""14 シーギリヤロック - 11 ミスターキャンベラ - 7 ダンツティアラ"",""狙い"":""◎○▲の中心"",""金額"":300,""予算内比率"":""15%""},{""スタイル"":""標準"",""券種"":""三連複"",""買い目"":""14 シーギリヤロック - 11 ミスターキャンベラ - 1 アルデラックス"",""狙い"":""◎○－△"",""金額"":200,""予算内比率"":""10%""},{""スタイル"":""標準"",""券種"":""三連複"",""買い目"":""14 シーギリヤロック - 7 ダンツティアラ - 5 グランドスウェル"",""狙い"":""◎▲－△"",""金額"":200,""予算内比率"":""10%""}]",,,,,,,,,,,,,,,
2026-09-27|中山|6R|076e7f8954ebe1fd|morning|NA,2026-09-26T20:17:03+09:00,1.7,2026-09-27,中山,6R,3歳以上1勝クラス,ダート,1800,重,2,ソロモン,☆,6,0.082114284289292,0.3138112649000806,43.52229378397698,0.0,43.52229378397698,20.3,10,,,morning,,,True,標準,2000.0,"[{""スタイル"":""標準"",""券種"":""単勝"",""買い目"":""14 シーギリヤロック"",""狙い"":""◎の勝ち切り"",""金額"":300,""予算内比率"":""15%""},{""スタイル"":""標準"",""券種"":""馬連"",""買い目"":""14 シーギリヤロック - 11 ミスターキャンベラ"",""狙い"":""◎－○の本線"",""金額"":300,""予算内比率"":""15%""},{""スタイル"":""標準"",""券種"":""ワイド"",""買い目"":""14 シーギリヤロック - 11 ミスターキャンベラ"",""狙い"":""◎－○の安定側"",""金額"":300,""予算内比率"":""15%""},{""スタイル"":""標準"",""券種"":""馬連"",""買い目"":""14 シーギリヤロック - 7 ダンツティアラ"",""狙い"":""◎－▲の押さえ"",""金額"":200,""予算内比率"":""10%""},{""スタイル"":""標準"",""券種"":""ワイド"",""買い目"":""14 シーギリヤロック - 7 ダンツティアラ"",""狙い"":""◎－▲"",""金額"":200,""予算内比率"":""10%""},{""スタイル"":""標準"",""券種"":""三連複"",""買い目"":""14 シーギリヤロック - 11 ミスターキャンベラ - 7 ダンツティアラ"",""狙い"":""◎○▲の中心"",""金額"":300,""予算内比率"":""15%""},{""スタイル"":""標準"",""券種"":""三連複"",""買い目"":""14 シーギリヤロック - 11 ミスターキャンベラ - 1 アルデラックス"",""狙い"":""◎○－△"",""金額"":200,""予算内比率"":""10%""},{""スタイル"":""標準"",""券種"":""三連複"",""買い目"":""14 シーギリヤロック - 7 ダンツティアラ - 5 グランドスウェル"",""狙い"":""◎▲－△"",""金額"":200,""予算内比率"":""10%""}]",,,,,,,,,,,,,,,
2026-09-27|中山|6R|076e7f8954ebe1fd|morning|NA,2026-09-26T20:17:03+09:00,1.7,2026-09-27,中山,6R,3歳以上1勝クラス,ダート,1800,重,3,タルタロス,注,10,0.0615479384006672,0.2744454661961782,32.33464793893265,0.0,32.33464793893265,29.6,12,,,morning,,,True,標準,2000.0,"[{""スタイル"":""標準"",""券種"":""単勝"",""買い目"":""14 シーギリヤロック"",""狙い"":""◎の勝ち切り"",""金額"":300,""予算内比率"":""15%""},{""スタイル"":""標準"",""券種"":""馬連"",""買い目"":""14 シーギリヤロック - 11 ミスターキャンベラ"",""狙い"":""◎－○の本線"",""金額"":300,""予算内比率"":""15%""},{""スタイル"":""標準"",""券種"":""ワイド"",""買い目"":""14 シーギリヤロック - 11 ミスターキャンベラ"",""狙い"":""◎－○の安定側"",""金額"":300,""予算内比率"":""15%""},{""スタイル"":""標準"",""券種"":""馬連"",""買い目"":""14 シーギリヤロック - 7 ダンツティアラ"",""狙い"":""◎－▲の押さえ"",""金額"":200,""予算内比率"":""10%""},{""スタイル"":""標準"",""券種"":""ワイド"",""買い目"":""14 シーギリヤロック - 7 ダンツティアラ"",""狙い"":""◎－▲"",""金額"":200,""予算内比率"":""10%""},{""スタイル"":""標準"",""券種"":""三連複"",""買い目"":""14 シーギリヤロック - 11 ミスターキャンベラ - 7 ダンツティアラ"",""狙い"":""◎○▲の中心"",""金額"":300,""予算内比率"":""15%""},{""スタイル"":""標準"",""券種"":""三連複"",""買い目"":""14 シーギリヤロック - 11 ミスターキャンベラ - 1 アルデラックス"",""狙い"":""◎○－△"",""金額"":200,""予算内比率"":""10%""},{""スタイル"":""標準"",""券種"":""三連複"",""買い目"":""14 シーギリヤロック - 7 ダンツティアラ - 5 グランドスウェル"",""狙い"":""◎▲－△"",""金額"":200,""予算内比率"":""10%""}]",,,,,,,,,,,,,,,
2026-09-27|中山|6R|076e7f8954ebe1fd|morning|NA,2026-09-26T20:17:03+09:00,1.7,2026-09-27,中山,6R,3歳以上1勝クラス,ダート,1800,重,4,ベンメリア,×,12,0.0501976364450898,0.1916422461536427,25.836677983134383,-0.9036683566954968,24.93300962643889,43.4,14,,,morning,,,True,標準,2000.0,"[{""スタイル"":""標準"",""券種"":""単勝"",""買い目"":""14 シーギリヤロック"",""狙い"":""◎の勝ち切り"",""金額"":300,""予算内比率"":""15%""},{""スタイル"":""標準"",""券種"":""馬連"",""買い目"":""14 シーギリヤロック - 11 ミスターキャンベラ"",""狙い"":""◎－○の本線"",""金額"":300,""予算内比率"":""15%""},{""スタイル"":""標準"",""券種"":""ワイド"",""買い目"":""14 シーギリヤロック - 11 ミスターキャンベラ"",""狙い"":""◎－○の安定側"",""金額"":300,""予算内比率"":""15%""},{""スタイル"":""標準"",""券種"":""馬連"",""買い目"":""14 シーギリヤロック - 7 ダンツティアラ"",""狙い"":""◎－▲の押さえ"",""金額"":200,""予算内比率"":""10%""},{""スタイル"":""標準"",""券種"":""ワイド"",""買い目"":""14 シーギリヤロック - 7 ダンツティアラ"",""狙い"":""◎－▲"",""金額"":200,""予算内比率"":""10%""},{""スタイル"":""標準"",""券種"":""三連複"",""買い目"":""14 シーギリヤロック - 11 ミスターキャンベラ - 7 ダンツティアラ"",""狙い"":""◎○▲の中心"",""金額"":300,""予算内比率"":""15%""},{""スタイル"":""標準"",""券種"":""三連複"",""買い目"":""14 シーギリヤロック - 11 ミスターキャンベラ - 1 アルデラックス"",""狙い"":""◎○－△"",""金額"":200,""予算内比率"":""10%""},{""スタイル"":""標準"",""券種"":""三連複"",""買い目"":""14 シーギリヤロック - 7 ダンツティアラ - 5 グランドスウェル"",""狙い"":""◎▲－△"",""金額"":200,""予算内比率"":""10%""}]",,,,,,,,,,,,,,,
2026-09-27|中山|6R|076e7f8954ebe1fd|morning|NA,2026-09-26T20:17:03+09:00,1.7,2026-09-27,中山,6R,3歳以上1勝クラス,ダート,1800,重,5,グランドスウェル,△,5,0.095091755317261,0.4440026409806341,50.95630845552927,0.0,50.95630845552927,11.6,5,,,morning,,,True,標準,2000.0,"[{""スタイル"":""標準"",""券種"":""単勝"",""買い目"":""14 シーギリヤロック"",""狙い"":""◎の勝ち切り"",""金額"":300,""予算内比率"":""15%""},{""スタイル"":""標準"",""券種"":""馬連"",""買い目"":""14 シーギリヤロック - 11 ミスターキャンベラ"",""狙い"":""◎－○の本線"",""金額"":300,""予算内比率"":""15%""},{""スタイル"":""標準"",""券種"":""ワイド"",""買い目"":""14 シーギリヤロック - 11 ミスターキャンベラ"",""狙い"":""◎－○の安定側"",""金額"":300,""予算内比率"":""15%""},{""スタイル"":""標準"",""券種"":""馬連"",""買い目"":""14 シーギリヤロック - 7 ダンツティアラ"",""狙い"":""◎－▲の押さえ"",""金額"":200,""予算内比率"":""10%""},{""スタイル"":""標準"",""券種"":""ワイド"",""買い目"":""14 シーギリヤロック - 7 ダンツティアラ"",""狙い"":""◎－▲"",""金額"":200,""予算内比率"":""10%""},{""スタイル"":""標準"",""券種"":""三連複"",""買い目"":""14 シーギリヤロック - 11 ミスターキャンベラ - 7 ダンツティアラ"",""狙い"":""◎○▲の中心"",""金額"":300,""予算内比率"":""15%""},{""スタイル"":""標準"",""券種"":""三連複"",""買い目"":""14 シーギリヤロック - 11 ミスターキャンベラ - 1 アルデラックス"",""狙い"":""◎○－△"",""金額"":200,""予算内比率"":""10%""},{""スタイル"":""標準"",""券種"":""三連複"",""買い目"":""14 シーギリヤロック - 7 ダンツティアラ - 5 グランドスウェル"",""狙い"":""◎▲－△"",""金額"":200,""予算内比率"":""10%""}]",,,,,,,,,,,,,,,
2026-09-27|中山|6R|076e7f8954ebe1fd|morning|NA,2026-09-26T20:17:03+09:00,1.7,2026-09-27,中山,6R,3歳以上1勝クラス,ダート,1800,重,6,スターツトゥデイ,×,15,0.0190704942397165,0.0307364924458245,10.52889673589435,0.0,10.52889673589435,15.1,8,,,morning,,,True,標準,2000.0,"[{""スタイル"":""標準"",""券種"":""単勝"",""買い目"":""14 シーギリヤロック"",""狙い"":""◎の勝ち切り"",""金額"":300,""予算内比率"":""15%""},{""スタイル"":""標準"",""券種"":""馬連"",""買い目"":""14 シーギリヤロック - 11 ミスターキャンベラ"",""狙い"":""◎－○の本線"",""金額"":300,""予算内比率"":""15%""},{""スタイル"":""標準"",""券種"":""ワイド"",""買い目"":""14 シーギリヤロック - 11 ミスターキャンベラ"",""狙い"":""◎－○の安定側"",""金額"":300,""予算内比率"":""15%""},{""スタイル"":""標準"",""券種"":""馬連"",""買い目"":""14 シーギリヤロック - 7 ダンツティアラ"",""狙い"":""◎－▲の押さえ"",""金額"":200,""予算内比率"":""10%""},{""スタイル"":""標準"",""券種"":""ワイド"",""買い目"":""14 シーギリヤロック - 7 ダンツティアラ"",""狙い"":""◎－▲"",""金額"":200,""予算内比率"":""10%""},{""スタイル"":""標準"",""券種"":""三連複"",""買い目"":""14 シーギリヤロック - 11 ミスターキャンベラ - 7 ダンツティアラ"",""狙い"":""◎○▲の中心"",""金額"":300,""予算内比率"":""15%""},{""スタイル"":""標準"",""券種"":""三連複"",""買い目"":""14 シーギリヤロック - 11 ミスターキャンベラ - 1 アルデラックス"",""狙い"":""◎○－△"",""金額"":200,""予算内比率"":""10%""},{""スタイル"":""標準"",""券種"":""三連複"",""買い目"":""14 シーギリヤロック - 7 ダンツティアラ - 5 グランドスウェル"",""狙い"":""◎▲－△"",""金額"":200,""予算内比率"":""10%""}]",,,,,,,,,,,,,,,
2026-09-27|中山|6R|076e7f8954ebe1fd|morning|NA,2026-09-26T20:17:03+09:00,1.7,2026-09-27,中山,6R,3歳以上1勝クラス,ダート,1800,重,7,ダンツティアラ,▲,3,0.1020859084334281,0.497999858907599,61.77123285187842,0.0,61.77123285187842,12.0,6,,,morning,,,True,標準,2000.0,"[{""スタイル"":""標準"",""券種"":""単勝"",""買い目"":""14 シーギリヤロック"",""狙い"":""◎の勝ち切り"",""金額"":300,""予算内比率"":""15%""},{""スタイル"":""標準"",""券種"":""馬連"",""買い目"":""14 シーギリヤロック - 11 ミスターキャンベラ"",""狙い"":""◎－○の本線"",""金額"":300,""予算内比率"":""15%""},{""スタイル"":""標準"",""券種"":""ワイド"",""買い目"":""14 シーギリヤロック - 11 ミスターキャンベラ"",""狙い"":""◎－○の安定側"",""金額"":300,""予算内比率"":""15%""},{""スタイル"":""標準"",""券種"":""馬連"",""買い目"":""14 シーギリヤロック - 7 ダンツティアラ"",""狙い"":""◎－▲の押さえ"",""金額"":200,""予算内比率"":""10%""},{""スタイル"":""標準"",""券種"":""ワイド"",""買い目"":""14 シーギリヤロック - 7 ダンツティアラ"",""狙い"":""◎－▲"",""金額"":200,""予算内比率"":""10%""},{""スタイル"":""標準"",""券種"":""三連複"",""買い目"":""14 シーギリヤロック - 11 ミスターキャンベラ - 7 ダンツティアラ"",""狙い"":""◎○▲の中心"",""金額"":300,""予算内比率"":""15%""},{""スタイル"":""標準"",""券種"":""三連複"",""買い目"":""14 シーギリヤロック - 11 ミスターキャンベラ - 1 アルデラックス"",""狙い"":""◎○－△"",""金額"":200,""予算内比率"":""10%""},{""スタイル"":""標準"",""券種"":""三連複"",""買い目"":""14 シーギリヤロック - 7 ダンツティアラ - 5 グランドスウェル"",""狙い"":""◎▲－△"",""金額"":200,""予算内比率"":""10%""}]",,,,,,,,,,,,,,,
2026-09-27|中山|6R|076e7f8954ebe1fd|morning|NA,2026-09-26T20:17:03+09:00,1.7,2026-09-27,中山,6R,3歳以上1勝クラス,ダート,1800,重,8,ホウオウライセンス,×,14,0.022569427070537,0.0236662562058798,11.233478019159332,0.0,11.233478019159332,5.8,2,,,morning,,,True,標準,2000.0,"[{""スタイル"":""標準"",""券種"":""単勝"",""買い目"":""14 シーギリヤロック"",""狙い"":""◎の勝ち切り"",""金額"":300,""予算内比率"":""15%""},{""スタイル"":""標準"",""券種"":""馬連"",""買い目"":""14 シーギリヤロック - 11 ミスターキャンベラ"",""狙い"":""◎－○の本線"",""金額"":300,""予算内比率"":""15%""},{""スタイル"":""標準"",""券種"":""ワイド"",""買い目"":""14 シーギリヤロック - 11 ミスターキャンベラ"",""狙い"":""◎－○の安定側"",""金額"":300,""予算内比率"":""15%""},{""スタイル"":""標準"",""券種"":""馬連"",""買い目"":""14 シーギリヤロック - 7 ダンツティアラ"",""狙い"":""◎－▲の押さえ"",""金額"":200,""予算内比率"":""10%""},{""スタイル"":""標準"",""券種"":""ワイド"",""買い目"":""14 シーギリヤロック - 7 ダンツティアラ"",""狙い"":""◎－▲"",""金額"":200,""予算内比率"":""10%""},{""スタイル"":""標準"",""券種"":""三連複"",""買い目"":""14 シーギリヤロック - 11 ミスターキャンベラ - 7 ダンツティアラ"",""狙い"":""◎○▲の中心"",""金額"":300,""予算内比率"":""15%""},{""スタイル"":""標準"",""券種"":""三連複"",""買い目"":""14 シーギリヤロック - 11 ミスターキャンベラ - 1 アルデラックス"",""狙い"":""◎○－△"",""金額"":200,""予算内比率"":""10%""},{""スタイル"":""標準"",""券種"":""三連複"",""買い目"":""14 シーギリヤロック - 7 ダンツティアラ - 5 グランドスウェル"",""狙い"":""◎▲－△"",""金額"":200,""予算内比率"":""10%""}]",,,,,,,,,,,,,,,
2026-09-27|中山|6R|076e7f8954ebe1fd|morning|NA,2026-09-26T20:17:03+09:00,1.7,2026-09-27,中山,6R,3歳以上1勝クラス,ダート,1800,重,9,ユーウェイン,×,16,0.0100765677857346,0.0795845831862693,7.026428780898505,0.0,7.026428780898505,72.3,16,,,morning,,,True,標準,2000.0,"[{""スタイル"":""標準"",""券種"":""単勝"",""買い目"":""14 シーギリヤロック"",""狙い"":""◎の勝ち切り"",""金額"":300,""予算内比率"":""15%""},{""スタイル"":""標準"",""券種"":""馬連"",""買い目"":""14 シーギリヤロック - 11 ミスターキャンベラ"",""狙い"":""◎－○の本線"",""金額"":300,""予算内比率"":""15%""},{""スタイル"":""標準"",""券種"":""ワイド"",""買い目"":""14 シーギリヤロック - 11 ミスターキャンベラ"",""狙い"":""◎－○の安定側"",""金額"":300,""予算内比率"":""15%""},{""スタイル"":""標準"",""券種"":""馬連"",""買い目"":""14 シーギリヤロック - 7 ダンツティアラ"",""狙い"":""◎－▲の押さえ"",""金額"":200,""予算内比率"":""10%""},{""スタイル"":""標準"",""券種"":""ワイド"",""買い目"":""14 シーギリヤロック - 7 ダンツティアラ"",""狙い"":""◎－▲"",""金額"":200,""予算内比率"":""10%""},{""スタイル"":""標準"",""券種"":""三連複"",""買い目"":""14 シーギリヤロック - 11 ミスターキャンベラ - 7 ダンツティアラ"",""狙い"":""◎○▲の中心"",""金額"":300,""予算内比率"":""15%""},{""スタイル"":""標準"",""券種"":""三連複"",""買い目"":""14 シーギリヤロック - 11 ミスターキャンベラ - 1 アルデラックス"",""狙い"":""◎○－△"",""金額"":200,""予算内比率"":""10%""},{""スタイル"":""標準"",""券種"":""三連複"",""買い目"":""14 シーギリヤロック - 7 ダンツティアラ - 5 グランドスウェル"",""狙い"":""◎▲－△"",""金額"":200,""予算内比率"":""10%""}]",,,,,,,,,,,,,,,
2026-09-27|中山|6R|076e7f8954ebe1fd|morning|NA,2026-09-26T20:17:03+09:00,1.7,2026-09-27,中山,6R,3歳以上1勝クラス,ダート,1800,重,10,ディースプレマシー,×,11,0.042476103593751,0.1982777002563741,27.503143121460997,1.2391887861616464,28.74233190762264,34.2,13,,,morning,,,True,標準,2000.0,"[{""スタイル"":""標準"",""券種"":""単勝"",""買い目"":""14 シーギリヤロック"",""狙い"":""◎の勝ち切り"",""金額"":300,""予算内比率"":""15%""},{""スタイル"":""標準"",""券種"":""馬連"",""買い目"":""14 シーギリヤロック - 11 ミスターキャンベラ"",""狙い"":""◎－○の本線"",""金額"":300,""予算内比率"":""15%""},{""スタイル"":""標準"",""券種"":""ワイド"",""買い目"":""14 シーギリヤロック - 11 ミスターキャンベラ"",""狙い"":""◎－○の安定側"",""金額"":300,""予算内比率"":""15%""},{""スタイル"":""標準"",""券種"":""馬連"",""買い目"":""14 シーギリヤロック - 7 ダンツティアラ"",""狙い"":""◎－▲の押さえ"",""金額"":200,""予算内比率"":""10%""},{""スタイル"":""標準"",""券種"":""ワイド"",""買い目"":""14 シーギリヤロック - 7 ダンツティアラ"",""狙い"":""◎－▲"",""金額"":200,""予算内比率"":""10%""},{""スタイル"":""標準"",""券種"":""三連複"",""買い目"":""14 シーギリヤロック - 11 ミスターキャンベラ - 7 ダンツティアラ"",""狙い"":""◎○▲の中心"",""金額"":300,""予算内比率"":""15%""},{""スタイル"":""標準"",""券種"":""三連複"",""買い目"":""14 シーギリヤロック - 11 ミスターキャンベラ - 1 アルデラックス"",""狙い"":""◎○－△"",""金額"":200,""予算内比率"":""10%""},{""スタイル"":""標準"",""券種"":""三連複"",""買い目"":""14 シーギリヤロック - 7 ダンツティアラ - 5 グランドスウェル"",""狙い"":""◎▲－△"",""金額"":200,""予算内比率"":""10%""}]",,,,,,,,,,,,,,,
2026-09-27|中山|6R|076e7f8954ebe1fd|morning|NA,2026-09-26T20:17:03+09:00,1.7,2026-09-27,中山,6R,3歳以上1勝クラス,ダート,1800,重,11,ミスターキャンベラ,○,2,0.1153924428982852,0.6056197579108735,80.1761839395004,0.0,80.1761839395004,9.1,4,,,morning,,,True,標準,2000.0,"[{""スタイル"":""標準"",""券種"":""単勝"",""買い目"":""14 シーギリヤロック"",""狙い"":""◎の勝ち切り"",""金額"":300,""予算内比率"":""15%""},{""スタイル"":""標準"",""券種"":""馬連"",""買い目"":""14 シーギリヤロック - 11 ミスターキャンベラ"",""狙い"":""◎－○の本線"",""金額"":300,""予算内比率"":""15%""},{""スタイル"":""標準"",""券種"":""ワイド"",""買い目"":""14 シーギリヤロック - 11 ミスターキャンベラ"",""狙い"":""◎－○の安定側"",""金額"":300,""予算内比率"":""15%""},{""スタイル"":""標準"",""券種"":""馬連"",""買い目"":""14 シーギリヤロック - 7 ダンツティアラ"",""狙い"":""◎－▲の押さえ"",""金額"":200,""予算内比率"":""10%""},{""スタイル"":""標準"",""券種"":""ワイド"",""買い目"":""14 シーギリヤロック - 7 ダンツティアラ"",""狙い"":""◎－▲"",""金額"":200,""予算内比率"":""10%""},{""スタイル"":""標準"",""券種"":""三連複"",""買い目"":""14 シーギリヤロック - 11 ミスターキャンベラ - 7 ダンツティアラ"",""狙い"":""◎○▲の中心"",""金額"":300,""予算内比率"":""15%""},{""スタイル"":""標準"",""券種"":""三連複"",""買い目"":""14 シーギリヤロック - 11 ミスターキャンベラ - 1 アルデラックス"",""狙い"":""◎○－△"",""金額"":200,""予算内比率"":""10%""},{""スタイル"":""標準"",""券種"":""三連複"",""買い目"":""14 シーギリヤロック - 7 ダンツティアラ - 5 グランドスウェル"",""狙い"":""◎▲－△"",""金額"":200,""予算内比率"":""10%""}]",,,,,,,,,,,,,,,
2026-09-27|中山|6R|076e7f8954ebe1fd|morning|NA,2026-09-26T20:17:03+09:00,1.7,2026-09-27,中山,6R,3歳以上1勝クラス,ダート,1800,重,12,ロードインフェルノ,注,9,0.0593424002520408,0.2493846138279537,33.41464062035831,0.0,33.41464062035831,25.0,11,,,morning,,,True,標準,2000.0,"[{""スタイル"":""標準"",""券種"":""単勝"",""買い目"":""14 シーギリヤロック"",""狙い"":""◎の勝ち切り"",""金額"":300,""予算内比率"":""15%""},{""スタイル"":""標準"",""券種"":""馬連"",""買い目"":""14 シーギリヤロック - 11 ミスターキャンベラ"",""狙い"":""◎－○の本線"",""金額"":300,""予算内比率"":""15%""},{""スタイル"":""標準"",""券種"":""ワイド"",""買い目"":""14 シーギリヤロック - 11 ミスターキャンベラ"",""狙い"":""◎－○の安定側"",""金額"":300,""予算内比率"":""15%""},{""スタイル"":""標準"",""券種"":""馬連"",""買い目"":""14 シーギリヤロック - 7 ダンツティアラ"",""狙い"":""◎－▲の押さえ"",""金額"":200,""予算内比率"":""10%""},{""スタイル"":""標準"",""券種"":""ワイド"",""買い目"":""14 シーギリヤロック - 7 ダンツティアラ"",""狙い"":""◎－▲"",""金額"":200,""予算内比率"":""10%""},{""スタイル"":""標準"",""券種"":""三連複"",""買い目"":""14 シーギリヤロック - 11 ミスターキャンベラ - 7 ダンツティアラ"",""狙い"":""◎○▲の中心"",""金額"":300,""予算内比率"":""15%""},{""スタイル"":""標準"",""券種"":""三連複"",""買い目"":""14 シーギリヤロック - 11 ミスターキャンベラ - 1 アルデラックス"",""狙い"":""◎○－△"",""金額"":200,""予算内比率"":""10%""},{""スタイル"":""標準"",""券種"":""三連複"",""買い目"":""14 シーギリヤロック - 7 ダンツティアラ - 5 グランドスウェル"",""狙い"":""◎▲－△"",""金額"":200,""予算内比率"":""10%""}]",,,,,,,,,,,,,,,
2026-09-27|中山|6R|076e7f8954ebe1fd|morning|NA,2026-09-26T20:17:03+09:00,1.7,2026-09-27,中山,6R,3歳以上1勝クラス,ダート,1800,重,13,ガンハンマー,☆,7,0.0601631423396825,0.2748363780214873,38.7197091204157,-0.5271398747390399,38.19256924567666,43.4,15,,,morning,,,True,標準,2000.0,"[{""スタイル"":""標準"",""券種"":""単勝"",""買い目"":""14 シーギリヤロック"",""狙い"":""◎の勝ち切り"",""金額"":300,""予算内比率"":""15%""},{""スタイル"":""標準"",""券種"":""馬連"",""買い目"":""14 シーギリヤロック - 11 ミスターキャンベラ"",""狙い"":""◎－○の本線"",""金額"":300,""予算内比率"":""15%""},{""スタイル"":""標準"",""券種"":""ワイド"",""買い目"":""14 シーギリヤロック - 11 ミスターキャンベラ"",""狙い"":""◎－○の安定側"",""金額"":300,""予算内比率"":""15%""},{""スタイル"":""標準"",""券種"":""馬連"",""買い目"":""14 シーギリヤロック - 7 ダンツティアラ"",""狙い"":""◎－▲の押さえ"",""金額"":200,""予算内比率"":""10%""},{""スタイル"":""標準"",""券種"":""ワイド"",""買い目"":""14 シーギリヤロック - 7 ダンツティアラ"",""狙い"":""◎－▲"",""金額"":200,""予算内比率"":""10%""},{""スタイル"":""標準"",""券種"":""三連複"",""買い目"":""14 シーギリヤロック - 11 ミスターキャンベラ - 7 ダンツティアラ"",""狙い"":""◎○▲の中心"",""金額"":300,""予算内比率"":""15%""},{""スタイル"":""標準"",""券種"":""三連複"",""買い目"":""14 シーギリヤロック - 11 ミスターキャンベラ - 1 アルデラックス"",""狙い"":""◎○－△"",""金額"":200,""予算内比率"":""10%""},{""スタイル"":""標準"",""券種"":""三連複"",""買い目"":""14 シーギリヤロック - 7 ダンツティアラ - 5 グランドスウェル"",""狙い"":""◎▲－△"",""金額"":200,""予算内比率"":""10%""}]",,,,,,,,,,,,,,,
2026-09-27|中山|6R|076e7f8954ebe1fd|morning|NA,2026-09-26T20:17:03+09:00,1.7,2026-09-27,中山,6R,3歳以上1勝クラス,ダート,1800,重,14,シーギリヤロック,◎,1,0.1157390116494108,0.6301271554258805,81.50635777129402,0.0,81.50635777129402,6.1,3,,,morning,,,True,標準,2000.0,"[{""スタイル"":""標準"",""券種"":""単勝"",""買い目"":""14 シーギリヤロック"",""狙い"":""◎の勝ち切り"",""金額"":300,""予算内比率"":""15%""},{""スタイル"":""標準"",""券種"":""馬連"",""買い目"":""14 シーギリヤロック - 11 ミスターキャンベラ"",""狙い"":""◎－○の本線"",""金額"":300,""予算内比率"":""15%""},{""スタイル"":""標準"",""券種"":""ワイド"",""買い目"":""14 シーギリヤロック - 11 ミスターキャンベラ"",""狙い"":""◎－○の安定側"",""金額"":300,""予算内比率"":""15%""},{""スタイル"":""標準"",""券種"":""馬連"",""買い目"":""14 シーギリヤロック - 7 ダンツティアラ"",""狙い"":""◎－▲の押さえ"",""金額"":200,""予算内比率"":""10%""},{""スタイル"":""標準"",""券種"":""ワイド"",""買い目"":""14 シーギリヤロック - 7 ダンツティアラ"",""狙い"":""◎－▲"",""金額"":200,""予算内比率"":""10%""},{""スタイル"":""標準"",""券種"":""三連複"",""買い目"":""14 シーギリヤロック - 11 ミスターキャンベラ - 7 ダンツティアラ"",""狙い"":""◎○▲の中心"",""金額"":300,""予算内比率"":""15%""},{""スタイル"":""標準"",""券種"":""三連複"",""買い目"":""14 シーギリヤロック - 11 ミスターキャンベラ - 1 アルデラックス"",""狙い"":""◎○－△"",""金額"":200,""予算内比率"":""10%""},{""スタイル"":""標準"",""券種"":""三連複"",""買い目"":""14 シーギリヤロック - 7 ダンツティアラ - 5 グランドスウェル"",""狙い"":""◎▲－△"",""金額"":200,""予算内比率"":""10%""}]",,,,,,,,,,,,,,,
2026-09-27|中山|6R|076e7f8954ebe1fd|morning|NA,2026-09-26T20:17:03+09:00,1.7,2026-09-27,中山,6R,3歳以上1勝クラス,ダート,1800,重,15,アトラステソーロ,注,8,0.0683784532095325,0.3343963267243221,37.39776950193957,0.0,37.39776950193957,15.1,9,,,morning,,,True,標準,2000.0,"[{""スタイル"":""標準"",""券種"":""単勝"",""買い目"":""14 シーギリヤロック"",""狙い"":""◎の勝ち切り"",""金額"":300,""予算内比率"":""15%""},{""スタイル"":""標準"",""券種"":""馬連"",""買い目"":""14 シーギリヤロック - 11 ミスターキャンベラ"",""狙い"":""◎－○の本線"",""金額"":300,""予算内比率"":""15%""},{""スタイル"":""標準"",""券種"":""ワイド"",""買い目"":""14 シーギリヤロック - 11 ミスターキャンベラ"",""狙い"":""◎－○の安定側"",""金額"":300,""予算内比率"":""15%""},{""スタイル"":""標準"",""券種"":""馬連"",""買い目"":""14 シーギリヤロック - 7 ダンツティアラ"",""狙い"":""◎－▲の押さえ"",""金額"":200,""予算内比率"":""10%""},{""スタイル"":""標準"",""券種"":""ワイド"",""買い目"":""14 シーギリヤロック - 7 ダンツティアラ"",""狙い"":""◎－▲"",""金額"":200,""予算内比率"":""10%""},{""スタイル"":""標準"",""券種"":""三連複"",""買い目"":""14 シーギリヤロック - 11 ミスターキャンベラ - 7 ダンツティアラ"",""狙い"":""◎○▲の中心"",""金額"":300,""予算内比率"":""15%""},{""スタイル"":""標準"",""券種"":""三連複"",""買い目"":""14 シーギリヤロック - 11 ミスターキャンベラ - 1 アルデラックス"",""狙い"":""◎○－△"",""金額"":200,""予算内比率"":""10%""},{""スタイル"":""標準"",""券種"":""三連複"",""買い目"":""14 シーギリヤロック - 7 ダンツティアラ - 5 グランドスウェル"",""狙い"":""◎▲－△"",""金額"":200,""予算内比率"":""10%""}]",,,,,,,,,,,,,,,
2026-09-27|中山|6R|076e7f8954ebe1fd|morning|NA,2026-09-26T20:17:03+09:00,1.7,2026-09-27,中山,6R,3歳以上1勝クラス,ダート,1800,重,16,ワンダーブリッツ,×,13,0.0294298908642589,0.0312980966197047,13.689705284772248,0.0,13.689705284772248,4.6,1,,,morning,,,True,標準,2000.0,"[{""スタイル"":""標準"",""券種"":""単勝"",""買い目"":""14 シーギリヤロック"",""狙い"":""◎の勝ち切り"",""金額"":300,""予算内比率"":""15%""},{""スタイル"":""標準"",""券種"":""馬連"",""買い目"":""14 シーギリヤロック - 11 ミスターキャンベラ"",""狙い"":""◎－○の本線"",""金額"":300,""予算内比率"":""15%""},{""スタイル"":""標準"",""券種"":""ワイド"",""買い目"":""14 シーギリヤロック - 11 ミスターキャンベラ"",""狙い"":""◎－○の安定側"",""金額"":300,""予算内比率"":""15%""},{""スタイル"":""標準"",""券種"":""馬連"",""買い目"":""14 シーギリヤロック - 7 ダンツティアラ"",""狙い"":""◎－▲の押さえ"",""金額"":200,""予算内比率"":""10%""},{""スタイル"":""標準"",""券種"":""ワイド"",""買い目"":""14 シーギリヤロック - 7 ダンツティアラ"",""狙い"":""◎－▲"",""金額"":200,""予算内比率"":""10%""},{""スタイル"":""標準"",""券種"":""三連複"",""買い目"":""14 シーギリヤロック - 11 ミスターキャンベラ - 7 ダンツティアラ"",""狙い"":""◎○▲の中心"",""金額"":300,""予算内比率"":""15%""},{""スタイル"":""標準"",""券種"":""三連複"",""買い目"":""14 シーギリヤロック - 11 ミスターキャンベラ - 1 アルデラックス"",""狙い"":""◎○－△"",""金額"":200,""予算内比率"":""10%""},{""スタイル"":""標準"",""券種"":""三連複"",""買い目"":""14 シーギリヤロック - 7 ダンツティアラ - 5 グランドスウェル"",""狙い"":""◎▲－△"",""金額"":200,""予算内比率"":""10%""}]",,,,,,,,,,,,,,,
2026-09-27|中山|7R|7aa95fef987c7acc|morning|NA,2026-09-26T20:17:04+09:00,1.7,2026-09-27,中山,7R,3歳以上1勝クラス,芝,1600,重,1,ウインロゼライト,×,15,0.0142826348354063,0.0884185075754477,7.030845991889575,0.0,7.030845991889575,57.0,12,,,morning,,,True,標準,2000.0,"[{""スタイル"":""標準"",""券種"":""単勝"",""買い目"":""6 デイジー"",""狙い"":""◎の勝ち切り"",""金額"":300,""予算内比率"":""15%""},{""スタイル"":""標準"",""券種"":""馬連"",""買い目"":""6 デイジー - 16 サンヴィクトワール"",""狙い"":""◎－○の本線"",""金額"":300,""予算内比率"":""15%""},{""スタイル"":""標準"",""券種"":""ワイド"",""買い目"":""6 デイジー - 16 サンヴィクトワール"",""狙い"":""◎－○の安定側"",""金額"":300,""予算内比率"":""15%""},{""スタイル"":""標準"",""券種"":""馬連"",""買い目"":""6 デイジー - 13 ナハトナナレオン"",""狙い"":""◎－▲の押さえ"",""金額"":200,""予算内比率"":""10%""},{""スタイル"":""標準"",""券種"":""ワイド"",""買い目"":""6 デイジー - 13 ナハトナナレオン"",""狙い"":""◎－▲"",""金額"":200,""予算内比率"":""10%""},{""スタイル"":""標準"",""券種"":""三連複"",""買い目"":""6 デイジー - 16 サンヴィクトワール - 13 ナハトナナレオン"",""狙い"":""◎○▲の中心"",""金額"":300,""予算内比率"":""15%""},{""スタイル"":""標準"",""券種"":""三連複"",""買い目"":""6 デイジー - 16 サンヴィクトワール - 7 スワローシチー"",""狙い"":""◎○－△"",""金額"":200,""予算内比率"":""10%""},{""スタイル"":""標準"",""券種"":""三連複"",""買い目"":""6 デイジー - 13 ナハトナナレオン - 11 シックスパック"",""狙い"":""◎▲－△"",""金額"":200,""予算内比率"":""10%""}]",,,,,,,,,,,,,,,
2026-09-27|中山|7R|7aa95fef987c7acc|morning|NA,2026-09-26T20:17:04+09:00,1.7,2026-09-27,中山,7R,3歳以上1勝クラス,芝,1600,重,2,サクラパステル,注,8,0.0544127433203653,0.2598244464638221,26.68427149056384,0.0,26.68427149056384,28.5,7,,,morning,,,True,標準,2000.0,"[{""スタイル"":""標準"",""券種"":""単勝"",""買い目"":""6 デイジー"",""狙い"":""◎の勝ち切り"",""金額"":300,""予算内比率"":""15%""},{""スタイル"":""標準"",""券種"":""馬連"",""買い目"":""6 デイジー - 16 サンヴィクトワール"",""狙い"":""◎－○の本線"",""金額"":300,""予算内比率"":""15%""},{""スタイル"":""標準"",""券種"":""ワイド"",""買い目"":""6 デイジー - 16 サンヴィクトワール"",""狙い"":""◎－○の安定側"",""金額"":300,""予算内比率"":""15%""},{""スタイル"":""標準"",""券種"":""馬連"",""買い目"":""6 デイジー - 13 ナハトナナレオン"",""狙い"":""◎－▲の押さえ"",""金額"":200,""予算内比率"":""10%""},{""スタイル"":""標準"",""券種"":""ワイド"",""買い目"":""6 デイジー - 13 ナハトナナレオン"",""狙い"":""◎－▲"",""金額"":200,""予算内比率"":""10%""},{""スタイル"":""標準"",""券種"":""三連複"",""買い目"":""6 デイジー - 16 サンヴィクトワール - 13 ナハトナナレオン"",""狙い"":""◎○▲の中心"",""金額"":300,""予算内比率"":""15%""},{""スタイル"":""標準"",""券種"":""三連複"",""買い目"":""6 デイジー - 16 サンヴィクトワール - 7 スワローシチー"",""狙い"":""◎○－△"",""金額"":200,""予算内比率"":""10%""},{""スタイル"":""標準"",""券種"":""三連複"",""買い目"":""6 デイジー - 13 ナハトナナレオン - 11 シックスパック"",""狙い"":""◎▲－△"",""金額"":200,""予算内比率"":""10%""}]",,,,,,,,,,,,,,,
2026-09-27|中山|7R|7aa95fef987c7acc|morning|NA,2026-09-26T20:17:04+09:00,1.7,2026-09-27,中山,7R,3歳以上1勝クラス,芝,1600,重,3,コスモキャバリエ,注,9,0.0358094546667162,0.2051639275657182,16.80179529796585,0.0,16.80179529796585,33.7,9,,,morning,,,True,標準,2000.0,"[{""スタイル"":""標準"",""券種"":""単勝"",""買い目"":""6 デイジー"",""狙い"":""◎の勝ち切り"",""金額"":300,""予算内比率"":""15%""},{""スタイル"":""標準"",""券種"":""馬連"",""買い目"":""6 デイジー - 16 サンヴィクトワール"",""狙い"":""◎－○の本線"",""金額"":300,""予算内比率"":""15%""},{""スタイル"":""標準"",""券種"":""ワイド"",""買い目"":""6 デイジー - 16 サンヴィクトワール"",""狙い"":""◎－○の安定側"",""金額"":300,""予算内比率"":""15%""},{""スタイル"":""標準"",""券種"":""馬連"",""買い目"":""6 デイジー - 13 ナハトナナレオン"",""狙い"":""◎－▲の押さえ"",""金額"":200,""予算内比率"":""10%""},{""スタイル"":""標準"",""券種"":""ワイド"",""買い目"":""6 デイジー - 13 ナハトナナレオン"",""狙い"":""◎－▲"",""金額"":200,""予算内比率"":""10%""},{""スタイル"":""標準"",""券種"":""三連複"",""買い目"":""6 デイジー - 16 サンヴィクトワール - 13 ナハトナナレオン"",""狙い"":""◎○▲の中心"",""金額"":300,""予算内比率"":""15%""},{""スタイル"":""標準"",""券種"":""三連複"",""買い目"":""6 デイジー - 16 サンヴィクトワール - 7 スワローシチー"",""狙い"":""◎○－△"",""金額"":200,""予算内比率"":""10%""},{""スタイル"":""標準"",""券種"":""三連複"",""買い目"":""6 デイジー - 13 ナハトナナレオン - 11 シックスパック"",""狙い"":""◎▲－△"",""金額"":200,""予算内比率"":""10%""}]",,,,,,,,,,,,,,,
2026-09-27|中山|7R|7aa95fef987c7acc|morning|NA,2026-09-26T20:17:04+09:00,1.7,2026-09-27,中山,7R,3歳以上1勝クラス,芝,1600,重,4,アテンスマイル,×,12,0.0143645051274237,0.0929331115805413,10.27153666443809,0.0,10.27153666443809,92.7,15,,,morning,,,True,標準,2000.0,"[{""スタイル"":""標準"",""券種"":""単勝"",""買い目"":""6 デイジー"",""狙い"":""◎の勝ち切り"",""金額"":300,""予算内比率"":""15%""},{""スタイル"":""標準"",""券種"":""馬連"",""買い目"":""6 デイジー - 16 サンヴィクトワール"",""狙い"":""◎－○の本線"",""金額"":300,""予算内比率"":""15%""},{""スタイル"":""標準"",""券種"":""ワイド"",""買い目"":""6 デイジー - 16 サンヴィクトワール"",""狙い"":""◎－○の安定側"",""金額"":300,""予算内比率"":""15%""},{""スタイル"":""標準"",""券種"":""馬連"",""買い目"":""6 デイジー - 13 ナハトナナレオン"",""狙い"":""◎－▲の押さえ"",""金額"":200,""予算内比率"":""10%""},{""スタイル"":""標準"",""券種"":""ワイド"",""買い目"":""6 デイジー - 13 ナハトナナレオン"",""狙い"":""◎－▲"",""金額"":200,""予算内比率"":""10%""},{""スタイル"":""標準"",""券種"":""三連複"",""買い目"":""6 デイジー - 16 サンヴィクトワール - 13 ナハトナナレオン"",""狙い"":""◎○▲の中心"",""金額"":300,""予算内比率"":""15%""},{""スタイル"":""標準"",""券種"":""三連複"",""買い目"":""6 デイジー - 16 サンヴィクトワール - 7 スワローシチー"",""狙い"":""◎○－△"",""金額"":200,""予算内比率"":""10%""},{""スタイル"":""標準"",""券種"":""三連複"",""買い目"":""6 デイジー - 13 ナハトナナレオン - 11 シックスパック"",""狙い"":""◎▲－△"",""金額"":200,""予算内比率"":""10%""}]",,,,,,,,,,,,,,,
2026-09-27|中山|7R|7aa95fef987c7acc|morning|NA,2026-09-26T20:17:04+09:00,1.7,2026-09-27,中山,7R,3歳以上1勝クラス,芝,1600,重,5,ショウナンマリーナ,×,11,0.0221206391438778,0.1292395072404024,13.504164547856789,0.0,13.504164547856789,57.0,13,,,morning,,,True,標準,2000.0,"[{""スタイル"":""標準"",""券種"":""単勝"",""買い目"":""6 デイジー"",""狙い"":""◎の勝ち切り"",""金額"":300,""予算内比率"":""15%""},{""スタイル"":""標準"",""券種"":""馬連"",""買い目"":""6 デイジー - 16 サンヴィクトワール"",""狙い"":""◎－○の本線"",""金額"":300,""予算内比率"":""15%""},{""スタイル"":""標準"",""券種"":""ワイド"",""買い目"":""6 デイジー - 16 サンヴィクトワール"",""狙い"":""◎－○の安定側"",""金額"":300,""予算内比率"":""15%""},{""スタイル"":""標準"",""券種"":""馬連"",""買い目"":""6 デイジー - 13 ナハトナナレオン"",""狙い"":""◎－▲の押さえ"",""金額"":200,""予算内比率"":""10%""},{""スタイル"":""標準"",""券種"":""ワイド"",""買い目"":""6 デイジー - 13 ナハトナナレオン"",""狙い"":""◎－▲"",""金額"":200,""予算内比率"":""10%""},{""スタイル"":""標準"",""券種"":""三連複"",""買い目"":""6 デイジー - 16 サンヴィクトワール - 13 ナハトナナレオン"",""狙い"":""◎○▲の中心"",""金額"":300,""予算内比率"":""15%""},{""スタイル"":""標準"",""券種"":""三連複"",""買い目"":""6 デイジー - 16 サンヴィクトワール - 7 スワローシチー"",""狙い"":""◎○－△"",""金額"":200,""予算内比率"":""10%""},{""スタイル"":""標準"",""券種"":""三連複"",""買い目"":""6 デイジー - 13 ナハトナナレオン - 11 シックスパック"",""狙い"":""◎▲－△"",""金額"":200,""予算内比率"":""10%""}]",,,,,,,,,,,,,,,
2026-09-27|中山|7R|7aa95fef987c7acc|morning|NA,2026-09-26T20:17:04+09:00,1.7,2026-09-27,中山,7R,3歳以上1勝クラス,芝,1600,重,6,デイジー,◎,1,0.1857722364391517,0.8127270878942972,85.38812016329047,-0.5499237804878048,84.83819638280266,2.0,1,,,morning,,,True,標準,2000.0,"[{""スタイル"":""標準"",""券種"":""単勝"",""買い目"":""6 デイジー"",""狙い"":""◎の勝ち切り"",""金額"":300,""予算内比率"":""15%""},{""スタイル"":""標準"",""券種"":""馬連"",""買い目"":""6 デイジー - 16 サンヴィクトワール"",""狙い"":""◎－○の本線"",""金額"":300,""予算内比率"":""15%""},{""スタイル"":""標準"",""券種"":""ワイド"",""買い目"":""6 デイジー - 16 サンヴィクトワール"",""狙い"":""◎－○の安定側"",""金額"":300,""予算内比率"":""15%""},{""スタイル"":""標準"",""券種"":""馬連"",""買い目"":""6 デイジー - 13 ナハトナナレオン"",""狙い"":""◎－▲の押さえ"",""金額"":200,""予算内比率"":""10%""},{""スタイル"":""標準"",""券種"":""ワイド"",""買い目"":""6 デイジー - 13 ナハトナナレオン"",""狙い"":""◎－▲"",""金額"":200,""予算内比率"":""10%""},{""スタイル"":""標準"",""券種"":""三連複"",""買い目"":""6 デイジー - 16 サンヴィクトワール - 13 ナハトナナレオン"",""狙い"":""◎○▲の中心"",""金額"":300,""予算内比率"":""15%""},{""スタイル"":""標準"",""券種"":""三連複"",""買い目"":""6 デイジー - 16 サンヴィクトワール - 7 スワローシチー"",""狙い"":""◎○－△"",""金額"":200,""予算内比率"":""10%""},{""スタイル"":""標準"",""券種"":""三連複"",""買い目"":""6 デイジー - 13 ナハトナナレオン - 11 シックスパック"",""狙い"":""◎▲－△"",""金額"":200,""予算内比率"":""10%""}]",,,,,,,,,,,,,,,
2026-09-27|中山|7R|7aa95fef987c7acc|morning|NA,2026-09-26T20:17:04+09:00,1.7,2026-09-27,中山,7R,3歳以上1勝クラス,芝,1600,重,7,スワローシチー,△,4,0.084423059281394,0.4626834317024036,42.4676863278112,-0.5499237804878048,41.91776254732339,17.6,5,,,morning,,,True,標準,2000.0,"[{""スタイル"":""標準"",""券種"":""単勝"",""買い目"":""6 デイジー"",""狙い"":""◎の勝ち切り"",""金額"":300,""予算内比率"":""15%""},{""スタイル"":""標準"",""券種"":""馬連"",""買い目"":""6 デイジー - 16 サンヴィクトワール"",""狙い"":""◎－○の本線"",""金額"":300,""予算内比率"":""15%""},{""スタイル"":""標準"",""券種"":""ワイド"",""買い目"":""6 デイジー - 16 サンヴィクトワール"",""狙い"":""◎－○の安定側"",""金額"":300,""予算内比率"":""15%""},{""スタイル"":""標準"",""券種"":""馬連"",""買い目"":""6 デイジー - 13 ナハトナナレオン"",""狙い"":""◎－▲の押さえ"",""金額"":200,""予算内比率"":""10%""},{""スタイル"":""標準"",""券種"":""ワイド"",""買い目"":""6 デイジー - 13 ナハトナナレオン"",""狙い"":""◎－▲"",""金額"":200,""予算内比率"":""10%""},{""スタイル"":""標準"",""券種"":""三連複"",""買い目"":""6 デイジー - 16 サンヴィクトワール - 13 ナハトナナレオン"",""狙い"":""◎○▲の中心"",""金額"":300,""予算内比率"":""15%""},{""スタイル"":""標準"",""券種"":""三連複"",""買い目"":""6 デイジー - 16 サンヴィクトワール - 7 スワローシチー"",""狙い"":""◎○－△"",""金額"":200,""予算内比率"":""10%""},{""スタイル"":""標準"",""券種"":""三連複"",""買い目"":""6 デイジー - 13 ナハトナナレオン - 11 シックスパック"",""狙い"":""◎▲－△"",""金額"":200,""予算内比率"":""10%""}]",,,,,,,,,,,,,,,
2026-09-27|中山|7R|7aa95fef987c7acc|morning|NA,2026-09-26T20:17:04+09:00,1.7,2026-09-27,中山,7R,3歳以上1勝クラス,芝,1600,重,8,ジャグアール,×,14,0.0154173700442611,0.097320633543653,7.310772912579162,1.2001306620209058,8.510903574600068,67.4,14,,,morning,,,True,標準,2000.0,"[{""スタイル"":""標準"",""券種"":""単勝"",""買い目"":""6 デイジー"",""狙い"":""◎の勝ち切り"",""金額"":300,""予算内比率"":""15%""},{""スタイル"":""標準"",""券種"":""馬連"",""買い目"":""6 デイジー - 16 サンヴィクトワール"",""狙い"":""◎－○の本線"",""金額"":300,""予算内比率"":""15%""},{""スタイル"":""標準"",""券種"":""ワイド"",""買い目"":""6 デイジー - 16 サンヴィクトワール"",""狙い"":""◎－○の安定側"",""金額"":300,""予算内比率"":""15%""},{""スタイル"":""標準"",""券種"":""馬連"",""買い目"":""6 デイジー - 13 ナハトナナレオン"",""狙い"":""◎－▲の押さえ"",""金額"":200,""予算内比率"":""10%""},{""スタイル"":""標準"",""券種"":""ワイド"",""買い目"":""6 デイジー - 13 ナハトナナレオン"",""狙い"":""◎－▲"",""金額"":200,""予算内比率"":""10%""},{""スタイル"":""標準"",""券種"":""三連複"",""買い目"":""6 デイジー - 16 サンヴィクトワール - 13 ナハトナナレオン"",""狙い"":""◎○▲の中心"",""金額"":300,""予算内比率"":""15%""},{""スタイル"":""標準"",""券種"":""三連複"",""買い目"":""6 デイジー - 16 サンヴィクトワール - 7 スワローシチー"",""狙い"":""◎○－△"",""金額"":200,""予算内比率"":""10%""},{""スタイル"":""標準"",""券種"":""三連複"",""買い目"":""6 デイジー - 13 ナハトナナレオン - 11 シックスパック"",""狙い"":""◎▲－△"",""金額"":200,""予算内比率"":""10%""}]",,,,,,,,,,,,,,,
2026-09-27|中山|7R|7aa95fef987c7acc|morning|NA,2026-09-26T20:17:04+09:00,1.7,2026-09-27,中山,7R,3歳以上1勝クラス,芝,1600,重,9,ポッドロルフ,☆,7,0.073672114936989,0.3736078203978973,32.14277898974846,0.0,32.14277898974846,21.8,6,,,morning,,,True,標準,2000.0,"[{""スタイル"":""標準"",""券種"":""単勝"",""買い目"":""6 デイジー"",""狙い"":""◎の勝ち切り"",""金額"":300,""予算内比率"":""15%""},{""スタイル"":""標準"",""券種"":""馬連"",""買い目"":""6 デイジー - 16 サンヴィクトワール"",""狙い"":""◎－○の本線"",""金額"":300,""予算内比率"":""15%""},{""スタイル"":""標準"",""券種"":""ワイド"",""買い目"":""6 デイジー - 16 サンヴィクトワール"",""狙い"":""◎－○の安定側"",""金額"":300,""予算内比率"":""15%""},{""スタイル"":""標準"",""券種"":""馬連"",""買い目"":""6 デイジー - 13 ナハトナナレオン"",""狙い"":""◎－▲の押さえ"",""金額"":200,""予算内比率"":""10%""},{""スタイル"":""標準"",""券種"":""ワイド"",""買い目"":""6 デイジー - 13 ナハトナナレオン"",""狙い"":""◎－▲"",""金額"":200,""予算内比率"":""10%""},{""スタイル"":""標準"",""券種"":""三連複"",""買い目"":""6 デイジー - 16 サンヴィクトワール - 13 ナハトナナレオン"",""狙い"":""◎○▲の中心"",""金額"":300,""予算内比率"":""15%""},{""スタイル"":""標準"",""券種"":""三連複"",""買い目"":""6 デイジー - 16 サンヴィクトワール - 7 スワローシチー"",""狙い"":""◎○－△"",""金額"":200,""予算内比率"":""10%""},{""スタイル"":""標準"",""券種"":""三連複"",""買い目"":""6 デイジー - 13 ナハトナナレオン - 11 シックスパック"",""狙い"":""◎▲－△"",""金額"":200,""予算内比率"":""10%""}]",,,,,,,,,,,,,,,
2026-09-27|中山|7R|7aa95fef987c7acc|morning|NA,2026-09-26T20:17:04+09:00,1.7,2026-09-27,中山,7R,3歳以上1勝クラス,芝,1600,重,10,デスサイズ,×,13,0.0210053029245766,0.0377156650524879,8.949231275920964,0.0,8.949231275920964,14.5,4,,,morning,,,True,標準,2000.0,"[{""スタイル"":""標準"",""券種"":""単勝"",""買い目"":""6 デイジー"",""狙い"":""◎の勝ち切り"",""金額"":300,""予算内比率"":""15%""},{""スタイル"":""標準"",""券種"":""馬連"",""買い目"":""6 デイジー - 16 サンヴィクトワール"",""狙い"":""◎－○の本線"",""金額"":300,""予算内比率"":""15%""},{""スタイル"":""標準"",""券種"":""ワイド"",""買い目"":""6 デイジー - 16 サンヴィクトワール"",""狙い"":""◎－○の安定側"",""金額"":300,""予算内比率"":""15%""},{""スタイル"":""標準"",""券種"":""馬連"",""買い目"":""6 デイジー - 13 ナハトナナレオン"",""狙い"":""◎－▲の押さえ"",""金額"":200,""予算内比率"":""10%""},{""スタイル"":""標準"",""券種"":""ワイド"",""買い目"":""6 デイジー - 13 ナハトナナレオン"",""狙い"":""◎－▲"",""金額"":200,""予算内比率"":""10%""},{""スタイル"":""標準"",""券種"":""三連複"",""買い目"":""6 デイジー - 16 サンヴィクトワール - 13 ナハトナナレオン"",""狙い"":""◎○▲の中心"",""金額"":300,""予算内比率"":""15%""},{""スタイル"":""標準"",""券種"":""三連複"",""買い目"":""6 デイジー - 16 サンヴィクトワール - 7 スワローシチー"",""狙い"":""◎○－△"",""金額"":200,""予算内比率"":""10%""},{""スタイル"":""標準"",""券種"":""三連複"",""買い目"":""6 デイジー - 13 ナハトナナレオン - 11 シックスパック"",""狙い"":""◎▲－△"",""金額"":200,""予算内比率"":""10%""}]",,,,,,,,,,,,,,,
2026-09-27|中山|7R|7aa95fef987c7acc|morning|NA,2026-09-26T20:17:04+09:00,1.7,2026-09-27,中山,7R,3歳以上1勝クラス,芝,1600,重,11,シックスパック,△,5,0.0890610700168367,0.3632416627284746,34.43655385852016,0.0,34.43655385852016,28.5,8,,,morning,,,True,標準,2000.0,"[{""スタイル"":""標準"",""券種"":""単勝"",""買い目"":""6 デイジー"",""狙い"":""◎の勝ち切り"",""金額"":300,""予算内比率"":""15%""},{""スタイル"":""標準"",""券種"":""馬連"",""買い目"":""6 デイジー - 16 サンヴィクトワール"",""狙い"":""◎－○の本線"",""金額"":300,""予算内比率"":""15%""},{""スタイル"":""標準"",""券種"":""ワイド"",""買い目"":""6 デイジー - 16 サンヴィクトワール"",""狙い"":""◎－○の安定側"",""金額"":300,""予算内比率"":""15%""},{""スタイル"":""標準"",""券種"":""馬連"",""買い目"":""6 デイジー - 13 ナハトナナレオン"",""狙い"":""◎－▲の押さえ"",""金額"":200,""予算内比率"":""10%""},{""スタイル"":""標準"",""券種"":""ワイド"",""買い目"":""6 デイジー - 13 ナハトナナレオン"",""狙い"":""◎－▲"",""金額"":200,""予算内比率"":""10%""},{""スタイル"":""標準"",""券種"":""三連複"",""買い目"":""6 デイジー - 16 サンヴィクトワール - 13 ナハトナナレオン"",""狙い"":""◎○▲の中心"",""金額"":300,""予算内比率"":""15%""},{""スタイル"":""標準"",""券種"":""三連複"",""買い目"":""6 デイジー - 16 サンヴィクトワール - 7 スワローシチー"",""狙い"":""◎○－△"",""金額"":200,""予算内比率"":""10%""},{""スタイル"":""標準"",""券種"":""三連複"",""買い目"":""6 デイジー - 13 ナハトナナレオン - 11 シックスパック"",""狙い"":""◎▲－△"",""金額"":200,""予算内比率"":""10%""}]",,,,,,,,,,,,,,,
2026-09-27|中山|7R|7aa95fef987c7acc|morning|NA,2026-09-26T20:17:04+09:00,1.7,2026-09-27,中山,7R,3歳以上1勝クラス,芝,1600,重,12,ニシノコマチムスメ,注,10,0.0297711781678431,0.1673098675425258,14.129225409765814,-0.5499237804878048,13.57930162927801,33.7,10,,,morning,,,True,標準,2000.0,"[{""スタイル"":""標準"",""券種"":""単勝"",""買い目"":""6 デイジー"",""狙い"":""◎の勝ち切り"",""金額"":300,""予算内比率"":""15%""},{""スタイル"":""標準"",""券種"":""馬連"",""買い目"":""6 デイジー - 16 サンヴィクトワール"",""狙い"":""◎－○の本線"",""金額"":300,""予算内比率"":""15%""},{""スタイル"":""標準"",""券種"":""ワイド"",""買い目"":""6 デイジー - 16 サンヴィクトワール"",""狙い"":""◎－○の安定側"",""金額"":300,""予算内比率"":""15%""},{""スタイル"":""標準"",""券種"":""馬連"",""買い目"":""6 デイジー - 13 ナハトナナレオン"",""狙い"":""◎－▲の押さえ"",""金額"":200,""予算内比率"":""10%""},{""スタイル"":""標準"",""券種"":""ワイド"",""買い目"":""6 デイジー - 13 ナハトナナレオン"",""狙い"":""◎－▲"",""金額"":200,""予算内比率"":""10%""},{""スタイル"":""標準"",""券種"":""三連複"",""買い目"":""6 デイジー - 16 サンヴィクトワール - 13 ナハトナナレオン"",""狙い"":""◎○▲の中心"",""金額"":300,""予算内比率"":""15%""},{""スタイル"":""標準"",""券種"":""三連複"",""買い目"":""6 デイジー - 16 サンヴィクトワール - 7 スワローシチー"",""狙い"":""◎○－△"",""金額"":200,""予算内比率"":""10%""},{""スタイル"":""標準"",""券種"":""三連複"",""買い目"":""6 デイジー - 13 ナハトナナレオン - 11 シックスパック"",""狙い"":""◎▲－△"",""金額"":200,""予算内比率"":""10%""}]",,,,,,,,,,,,,,,
2026-09-27|中山|7R|7aa95fef987c7acc|morning|NA,2026-09-26T20:17:04+09:00,1.7,2026-09-27,中山,7R,3歳以上1勝クラス,芝,1600,重,13,ナハトナナレオン,▲,3,0.1383022581810472,0.6192086631516299,63.73293494923713,0.0,63.73293494923713,7.1,3,,,morning,,,True,標準,2000.0,"[{""スタイル"":""標準"",""券種"":""単勝"",""買い目"":""6 デイジー"",""狙い"":""◎の勝ち切り"",""金額"":300,""予算内比率"":""15%""},{""スタイル"":""標準"",""券種"":""馬連"",""買い目"":""6 デイジー - 16 サンヴィクトワール"",""狙い"":""◎－○の本線"",""金額"":300,""予算内比率"":""15%""},{""スタイル"":""標準"",""券種"":""ワイド"",""買い目"":""6 デイジー - 16 サンヴィクトワール"",""狙い"":""◎－○の安定側"",""金額"":300,""予算内比率"":""15%""},{""スタイル"":""標準"",""券種"":""馬連"",""買い目"":""6 デイジー - 13 ナハトナナレオン"",""狙い"":""◎－▲の押さえ"",""金額"":200,""予算内比率"":""10%""},{""スタイル"":""標準"",""券種"":""ワイド"",""買い目"":""6 デイジー - 13 ナハトナナレオン"",""狙い"":""◎－▲"",""金額"":200,""予算内比率"":""10%""},{""スタイル"":""標準"",""券種"":""三連複"",""買い目"":""6 デイジー - 16 サンヴィクトワール - 13 ナハトナナレオン"",""狙い"":""◎○▲の中心"",""金額"":300,""予算内比率"":""15%""},{""スタイル"":""標準"",""券種"":""三連複"",""買い目"":""6 デイジー - 16 サンヴィクトワール - 7 スワローシチー"",""狙い"":""◎○－△"",""金額"":200,""予算内比率"":""10%""},{""スタイル"":""標準"",""券種"":""三連複"",""買い目"":""6 デイジー - 13 ナハトナナレオン - 11 シックスパック"",""狙い"":""◎▲－△"",""金額"":200,""予算内比率"":""10%""}]",,,,,,,,,,,,,,,
2026-09-27|中山|7R|7aa95fef987c7acc|morning|NA,2026-09-26T20:17:04+09:00,1.7,2026-09-27,中山,7R,3歳以上1勝クラス,芝,1600,重,14,カイトグート,×,16,0.0050258298216995,0.0467685575488619,3.256817026282495,0.0,3.256817026282495,185.4,16,,,morning,,,True,標準,2000.0,"[{""スタイル"":""標準"",""券種"":""単勝"",""買い目"":""6 デイジー"",""狙い"":""◎の勝ち切り"",""金額"":300,""予算内比率"":""15%""},{""スタイル"":""標準"",""券種"":""馬連"",""買い目"":""6 デイジー - 16 サンヴィクトワール"",""狙い"":""◎－○の本線"",""金額"":300,""予算内比率"":""15%""},{""スタイル"":""標準"",""券種"":""ワイド"",""買い目"":""6 デイジー - 16 サンヴィクトワール"",""狙い"":""◎－○の安定側"",""金額"":300,""予算内比率"":""15%""},{""スタイル"":""標準"",""券種"":""馬連"",""買い目"":""6 デイジー - 13 ナハトナナレオン"",""狙い"":""◎－▲の押さえ"",""金額"":200,""予算内比率"":""10%""},{""スタイル"":""標準"",""券種"":""ワイド"",""買い目"":""6 デイジー - 13 ナハトナナレオン"",""狙い"":""◎－▲"",""金額"":200,""予算内比率"":""10%""},{""スタイル"":""標準"",""券種"":""三連複"",""買い目"":""6 デイジー - 16 サンヴィクトワール - 13 ナハトナナレオン"",""狙い"":""◎○▲の中心"",""金額"":300,""予算内比率"":""15%""},{""スタイル"":""標準"",""券種"":""三連複"",""買い目"":""6 デイジー - 16 サンヴィクトワール - 7 スワローシチー"",""狙い"":""◎○－△"",""金額"":200,""予算内比率"":""10%""},{""スタイル"":""標準"",""券種"":""三連複"",""買い目"":""6 デイジー - 13 ナハトナナレオン - 11 シックスパック"",""狙い"":""◎▲－△"",""金額"":200,""予算内比率"":""10%""}]",,,,,,,,,,,,,,,
2026-09-27|中山|7R|7aa95fef987c7acc|morning|NA,2026-09-26T20:17:04+09:00,1.7,2026-09-27,中山,7R,3歳以上1勝クラス,芝,1600,重,15,ジーティーシンドウ,☆,6,0.0434809813458025,0.224989270097068,34.19490990187636,0.0,34.19490990187636,33.7,11,,,morning,,,True,標準,2000.0,"[{""スタイル"":""標準"",""券種"":""単勝"",""買い目"":""6 デイジー"",""狙い"":""◎の勝ち切り"",""金額"":300,""予算内比率"":""15%""},{""スタイル"":""標準"",""券種"":""馬連"",""買い目"":""6 デイジー - 16 サンヴィクトワール"",""狙い"":""◎－○の本線"",""金額"":300,""予算内比率"":""15%""},{""スタイル"":""標準"",""券種"":""ワイド"",""買い目"":""6 デイジー - 16 サンヴィクトワール"",""狙い"":""◎－○の安定側"",""金額"":300,""予算内比率"":""15%""},{""スタイル"":""標準"",""券種"":""馬連"",""買い目"":""6 デイジー - 13 ナハトナナレオン"",""狙い"":""◎－▲の押さえ"",""金額"":200,""予算内比率"":""10%""},{""スタイル"":""標準"",""券種"":""ワイド"",""買い目"":""6 デイジー - 13 ナハトナナレオン"",""狙い"":""◎－▲"",""金額"":200,""予算内比率"":""10%""},{""スタイル"":""標準"",""券種"":""三連複"",""買い目"":""6 デイジー - 16 サンヴィクトワール - 13 ナハトナナレオン"",""狙い"":""◎○▲の中心"",""金額"":300,""予算内比率"":""15%""},{""スタイル"":""標準"",""券種"":""三連複"",""買い目"":""6 デイジー - 16 サンヴィクトワール - 7 スワローシチー"",""狙い"":""◎○－△"",""金額"":200,""予算内比率"":""10%""},{""スタイル"":""標準"",""券種"":""三連複"",""買い目"":""6 デイジー - 13 ナハトナナレオン - 11 シックスパック"",""狙い"":""◎▲－△"",""金額"":200,""予算内比率"":""10%""}]",,,,,,,,,,,,,,,
2026-09-27|中山|7R|7aa95fef987c7acc|morning|NA,2026-09-26T20:17:04+09:00,1.7,2026-09-27,中山,7R,3歳以上1勝クラス,芝,1600,重,16,サンヴィクトワール,○,2,0.1730786217466088,0.7106883556303775,82.16173779579094,0.0,82.16173779579094,4.5,2,,,morning,,,True,標準,2000.0,"[{""スタイル"":""標準"",""券種"":""単勝"",""買い目"":""6 デイジー"",""狙い"":""◎の勝ち切り"",""金額"":300,""予算内比率"":""15%""},{""スタイル"":""標準"",""券種"":""馬連"",""買い目"":""6 デイジー - 16 サンヴィクトワール"",""狙い"":""◎－○の本線"",""金額"":300,""予算内比率"":""15%""},{""スタイル"":""標準"",""券種"":""ワイド"",""買い目"":""6 デイジー - 16 サンヴィクトワール"",""狙い"":""◎－○の安定側"",""金額"":300,""予算内比率"":""15%""},{""スタイル"":""標準"",""券種"":""馬連"",""買い目"":""6 デイジー - 13 ナハトナナレオン"",""狙い"":""◎－▲の押さえ"",""金額"":200,""予算内比率"":""10%""},{""スタイル"":""標準"",""券種"":""ワイド"",""買い目"":""6 デイジー - 13 ナハトナナレオン"",""狙い"":""◎－▲"",""金額"":200,""予算内比率"":""10%""},{""スタイル"":""標準"",""券種"":""三連複"",""買い目"":""6 デイジー - 16 サンヴィクトワール - 13 ナハトナナレオン"",""狙い"":""◎○▲の中心"",""金額"":300,""予算内比率"":""15%""},{""スタイル"":""標準"",""券種"":""三連複"",""買い目"":""6 デイジー - 16 サンヴィクトワール - 7 スワローシチー"",""狙い"":""◎○－△"",""金額"":200,""予算内比率"":""10%""},{""スタイル"":""標準"",""券種"":""三連複"",""買い目"":""6 デイジー - 13 ナハトナナレオン - 11 シックスパック"",""狙い"":""◎▲－△"",""金額"":200,""予算内比率"":""10%""}]",,,,,,,,,,,,,,,
2026-09-27|中山|8R|fcd2b86e266e06be|morning|NA,2026-09-26T20:17:05+09:00,1.7,2026-09-27,中山,8R,3歳以上2勝クラス,ダート,1800,重,1,ヴォルスター,×,11,0.0506654960925238,0.3212995564960552,32.53923258372022,-0.5271398747390399,32.01209270898118,45.9,12,,,morning,,,True,標準,2000.0,"[{""スタイル"":""標準"",""券種"":""単勝"",""買い目"":""2 ロードソルスティス"",""狙い"":""◎の勝ち切り"",""金額"":300,""予算内比率"":""15%""},{""スタイル"":""標準"",""券種"":""馬連"",""買い目"":""2 ロードソルスティス - 15 ドゥマーヴェリック"",""狙い"":""◎－○の本線"",""金額"":300,""予算内比率"":""15%""},{""スタイル"":""標準"",""券種"":""ワイド"",""買い目"":""2 ロードソルスティス - 15 ドゥマーヴェリック"",""狙い"":""◎－○の安定側"",""金額"":300,""予算内比率"":""15%""},{""スタイル"":""標準"",""券種"":""馬連"",""買い目"":""2 ロードソルスティス - 14 レッドライトニング"",""狙い"":""◎－▲の押さえ"",""金額"":200,""予算内比率"":""10%""},{""スタイル"":""標準"",""券種"":""ワイド"",""買い目"":""2 ロードソルスティス - 14 レッドライトニング"",""狙い"":""◎－▲"",""金額"":200,""予算内比率"":""10%""},{""スタイル"":""標準"",""券種"":""三連複"",""買い目"":""2 ロードソルスティス - 15 ドゥマーヴェリック - 14 レッドライトニング"",""狙い"":""◎○▲の中心"",""金額"":300,""予算内比率"":""15%""},{""スタイル"":""標準"",""券種"":""三連複"",""買い目"":""2 ロードソルスティス - 15 ドゥマーヴェリック - 8 ホークライト"",""狙い"":""◎○－△"",""金額"":200,""予算内比率"":""10%""},{""スタイル"":""標準"",""券種"":""三連複"",""買い目"":""2 ロードソルスティス - 14 レッドライトニング - 3 アンティミスト"",""狙い"":""◎▲－△"",""金額"":200,""予算内比率"":""10%""}]",,,,,,,,,,,,,,,
2026-09-27|中山|8R|fcd2b86e266e06be|morning|NA,2026-09-26T20:17:05+09:00,1.7,2026-09-27,中山,8R,3歳以上2勝クラス,ダート,1800,重,2,ロードソルスティス,◎,1,0.1127888253798491,0.711246320689078,74.3123160344539,0.0,74.3123160344539,4.4,1,,,morning,,,True,標準,2000.0,"[{""スタイル"":""標準"",""券種"":""単勝"",""買い目"":""2 ロードソルスティス"",""狙い"":""◎の勝ち切り"",""金額"":300,""予算内比率"":""15%""},{""スタイル"":""標準"",""券種"":""馬連"",""買い目"":""2 ロードソルスティス - 15 ドゥマーヴェリック"",""狙い"":""◎－○の本線"",""金額"":300,""予算内比率"":""15%""},{""スタイル"":""標準"",""券種"":""ワイド"",""買い目"":""2 ロードソルスティス - 15 ドゥマーヴェリック"",""狙い"":""◎－○の安定側"",""金額"":300,""予算内比率"":""15%""},{""スタイル"":""標準"",""券種"":""馬連"",""買い目"":""2 ロードソルスティス - 14 レッドライトニング"",""狙い"":""◎－▲の押さえ"",""金額"":200,""予算内比率"":""10%""},{""スタイル"":""標準"",""券種"":""ワイド"",""買い目"":""2 ロードソルスティス - 14 レッドライトニング"",""狙い"":""◎－▲"",""金額"":200,""予算内比率"":""10%""},{""スタイル"":""標準"",""券種"":""三連複"",""買い目"":""2 ロードソルスティス - 15 ドゥマーヴェリック - 14 レッドライトニング"",""狙い"":""◎○▲の中心"",""金額"":300,""予算内比率"":""15%""},{""スタイル"":""標準"",""券種"":""三連複"",""買い目"":""2 ロードソルスティス - 15 ドゥマーヴェリック - 8 ホークライト"",""狙い"":""◎○－△"",""金額"":200,""予算内比率"":""10%""},{""スタイル"":""標準"",""券種"":""三連複"",""買い目"":""2 ロードソルスティス - 14 レッドライトニング - 3 アンティミスト"",""狙い"":""◎▲－△"",""金額"":200,""予算内比率"":""10%""}]",,,,,,,,,,,,,,,
2026-09-27|中山|8R|fcd2b86e266e06be|morning|NA,2026-09-26T20:17:05+09:00,1.7,2026-09-27,中山,8R,3歳以上2勝クラス,ダート,1800,重,3,アンティミスト,△,5,0.1022800425365821,0.6430217910210005,68.89006259846278,0.0,68.89006259846278,8.9,5,,,morning,,,True,標準,2000.0,"[{""スタイル"":""標準"",""券種"":""単勝"",""買い目"":""2 ロードソルスティス"",""狙い"":""◎の勝ち切り"",""金額"":300,""予算内比率"":""15%""},{""スタイル"":""標準"",""券種"":""馬連"",""買い目"":""2 ロードソルスティス - 15 ドゥマーヴェリック"",""狙い"":""◎－○の本線"",""金額"":300,""予算内比率"":""15%""},{""スタイル"":""標準"",""券種"":""ワイド"",""買い目"":""2 ロードソルスティス - 15 ドゥマーヴェリック"",""狙い"":""◎－○の安定側"",""金額"":300,""予算内比率"":""15%""},{""スタイル"":""標準"",""券種"":""馬連"",""買い目"":""2 ロードソルスティス - 14 レッドライトニング"",""狙い"":""◎－▲の押さえ"",""金額"":200,""予算内比率"":""10%""},{""スタイル"":""標準"",""券種"":""ワイド"",""買い目"":""2 ロードソルスティス - 14 レッドライトニング"",""狙い"":""◎－▲"",""金額"":200,""予算内比率"":""10%""},{""スタイル"":""標準"",""券種"":""三連複"",""買い目"":""2 ロードソルスティス - 15 ドゥマーヴェリック - 14 レッドライトニング"",""狙い"":""◎○▲の中心"",""金額"":300,""予算内比率"":""15%""},{""スタイル"":""標準"",""券種"":""三連複"",""買い目"":""2 ロードソルスティス - 15 ドゥマーヴェリック - 8 ホークライト"",""狙い"":""◎○－△"",""金額"":200,""予算内比率"":""10%""},{""スタイル"":""標準"",""券種"":""三連複"",""買い目"":""2 ロードソルスティス - 14 レッドライトニング - 3 アンティミスト"",""狙い"":""◎▲－△"",""金額"":200,""予算内比率"":""10%""}]",,,,,,,,,,,,,,,
2026-09-27|中山|8R|fcd2b86e266e06be|morning|NA,2026-09-26T20:17:05+09:00,1.7,2026-09-27,中山,8R,3歳以上2勝クラス,ダート,1800,重,4,マリンバンカー,注,9,0.0554222545712262,0.309512100758277,36.4593703399119,-0.5271398747390399,35.93223046517286,20.6,9,,,morning,,,True,標準,2000.0,"[{""スタイル"":""標準"",""券種"":""単勝"",""買い目"":""2 ロードソルスティス"",""狙い"":""◎の勝ち切り"",""金額"":300,""予算内比率"":""15%""},{""スタイル"":""標準"",""券種"":""馬連"",""買い目"":""2 ロードソルスティス - 15 ドゥマーヴェリック"",""狙い"":""◎－○の本線"",""金額"":300,""予算内比率"":""15%""},{""スタイル"":""標準"",""券種"":""ワイド"",""買い目"":""2 ロードソルスティス - 15 ドゥマーヴェリック"",""狙い"":""◎－○の安定側"",""金額"":300,""予算内比率"":""15%""},{""スタイル"":""標準"",""券種"":""馬連"",""買い目"":""2 ロードソルスティス - 14 レッドライトニング"",""狙い"":""◎－▲の押さえ"",""金額"":200,""予算内比率"":""10%""},{""スタイル"":""標準"",""券種"":""ワイド"",""買い目"":""2 ロードソルスティス - 14 レッドライトニング"",""狙い"":""◎－▲"",""金額"":200,""予算内比率"":""10%""},{""スタイル"":""標準"",""券種"":""三連複"",""買い目"":""2 ロードソルスティス - 15 ドゥマーヴェリック - 14 レッドライトニング"",""狙い"":""◎○▲の中心"",""金額"":300,""予算内比率"":""15%""},{""スタイル"":""標準"",""券種"":""三連複"",""買い目"":""2 ロードソルスティス - 15 ドゥマーヴェリック - 8 ホークライト"",""狙い"":""◎○－△"",""金額"":200,""予算内比率"":""10%""},{""スタイル"":""標準"",""券種"":""三連複"",""買い目"":""2 ロードソルスティス - 14 レッドライトニング - 3 アンティミスト"",""狙い"":""◎▲－△"",""金額"":200,""予算内比率"":""10%""}]",,,,,,,,,,,,,,,
2026-09-27|中山|8R|fcd2b86e266e06be|morning|NA,2026-09-26T20:17:05+09:00,1.7,2026-09-27,中山,8R,3歳以上2勝クラス,ダート,1800,重,5,ブレードサクセス,×,12,0.0300076237159349,0.2585383968063643,26.44930564167597,1.97286012526096,28.42216576693693,45.9,13,,,morning,,,True,標準,2000.0,"[{""スタイル"":""標準"",""券種"":""単勝"",""買い目"":""2 ロードソルスティス"",""狙い"":""◎の勝ち切り"",""金額"":300,""予算内比率"":""15%""},{""スタイル"":""標準"",""券種"":""馬連"",""買い目"":""2 ロードソルスティス - 15 ドゥマーヴェリック"",""狙い"":""◎－○の本線"",""金額"":300,""予算内比率"":""15%""},{""スタイル"":""標準"",""券種"":""ワイド"",""買い目"":""2 ロードソルスティス - 15 ドゥマーヴェリック"",""狙い"":""◎－○の安定側"",""金額"":300,""予算内比率"":""15%""},{""スタイル"":""標準"",""券種"":""馬連"",""買い目"":""2 ロードソルスティス - 14 レッドライトニング"",""狙い"":""◎－▲の押さえ"",""金額"":200,""予算内比率"":""10%""},{""スタイル"":""標準"",""券種"":""ワイド"",""買い目"":""2 ロードソルスティス - 14 レッドライトニング"",""狙い"":""◎－▲"",""金額"":200,""予算内比率"":""10%""},{""スタイル"":""標準"",""券種"":""三連複"",""買い目"":""2 ロードソルスティス - 15 ドゥマーヴェリック - 14 レッドライトニング"",""狙い"":""◎○▲の中心"",""金額"":300,""予算内比率"":""15%""},{""スタイル"":""標準"",""券種"":""三連複"",""買い目"":""2 ロードソルスティス - 15 ドゥマーヴェリック - 8 ホークライト"",""狙い"":""◎○－△"",""金額"":200,""予算内比率"":""10%""},{""スタイル"":""標準"",""券種"":""三連複"",""買い目"":""2 ロードソルスティス - 14 レッドライトニング - 3 アンティミスト"",""狙い"":""◎▲－△"",""金額"":200,""予算内比率"":""10%""}]",,,,,,,,,,,,,,,
2026-09-27|中山|8R|fcd2b86e266e06be|morning|NA,2026-09-26T20:17:05+09:00,1.7,2026-09-27,中山,8R,3歳以上2勝クラス,ダート,1800,重,6,テーオーライマン,☆,6,0.0723733159685116,0.5431601988534673,56.725069119260176,2.4,59.125069119260175,8.7,4,,,morning,,,True,標準,2000.0,"[{""スタイル"":""標準"",""券種"":""単勝"",""買い目"":""2 ロードソルスティス"",""狙い"":""◎の勝ち切り"",""金額"":300,""予算内比率"":""15%""},{""スタイル"":""標準"",""券種"":""馬連"",""買い目"":""2 ロードソルスティス - 15 ドゥマーヴェリック"",""狙い"":""◎－○の本線"",""金額"":300,""予算内比率"":""15%""},{""スタイル"":""標準"",""券種"":""ワイド"",""買い目"":""2 ロードソルスティス - 15 ドゥマーヴェリック"",""狙い"":""◎－○の安定側"",""金額"":300,""予算内比率"":""15%""},{""スタイル"":""標準"",""券種"":""馬連"",""買い目"":""2 ロードソルスティス - 14 レッドライトニング"",""狙い"":""◎－▲の押さえ"",""金額"":200,""予算内比率"":""10%""},{""スタイル"":""標準"",""券種"":""ワイド"",""買い目"":""2 ロードソルスティス - 14 レッドライトニング"",""狙い"":""◎－▲"",""金額"":200,""予算内比率"":""10%""},{""スタイル"":""標準"",""券種"":""三連複"",""買い目"":""2 ロードソルスティス - 15 ドゥマーヴェリック - 14 レッドライトニング"",""狙い"":""◎○▲の中心"",""金額"":300,""予算内比率"":""15%""},{""スタイル"":""標準"",""券種"":""三連複"",""買い目"":""2 ロードソルスティス - 15 ドゥマーヴェリック - 8 ホークライト"",""狙い"":""◎○－△"",""金額"":200,""予算内比率"":""10%""},{""スタイル"":""標準"",""券種"":""三連複"",""買い目"":""2 ロードソルスティス - 14 レッドライトニング - 3 アンティミスト"",""狙い"":""◎▲－△"",""金額"":200,""予算内比率"":""10%""}]",,,,,,,,,,,,,,,
2026-09-27|中山|8R|fcd2b86e266e06be|morning|NA,2026-09-26T20:17:05+09:00,1.7,2026-09-27,中山,8R,3歳以上2勝クラス,ダート,1800,重,7,コスモオピニオン,×,15,0.0088284520647449,0.1135011021981184,8.830110524225192,-1.1860647181628394,7.644045806062353,74.7,15,,,morning,,,True,標準,2000.0,"[{""スタイル"":""標準"",""券種"":""単勝"",""買い目"":""2 ロードソルスティス"",""狙い"":""◎の勝ち切り"",""金額"":300,""予算内比率"":""15%""},{""スタイル"":""標準"",""券種"":""馬連"",""買い目"":""2 ロードソルスティス - 15 ドゥマーヴェリック"",""狙い"":""◎－○の本線"",""金額"":300,""予算内比率"":""15%""},{""スタイル"":""標準"",""券種"":""ワイド"",""買い目"":""2 ロードソルスティス - 15 ドゥマーヴェリック"",""狙い"":""◎－○の安定側"",""金額"":300,""予算内比率"":""15%""},{""スタイル"":""標準"",""券種"":""馬連"",""買い目"":""2 ロードソルスティス - 14 レッドライトニング"",""狙い"":""◎－▲の押さえ"",""金額"":200,""予算内比率"":""10%""},{""スタイル"":""標準"",""券種"":""ワイド"",""買い目"":""2 ロードソルスティス - 14 レッドライトニング"",""狙い"":""◎－▲"",""金額"":200,""予算内比率"":""10%""},{""スタイル"":""標準"",""券種"":""三連複"",""買い目"":""2 ロードソルスティス - 15 ドゥマーヴェリック - 14 レッドライトニング"",""狙い"":""◎○▲の中心"",""金額"":300,""予算内比率"":""15%""},{""スタイル"":""標準"",""券種"":""三連複"",""買い目"":""2 ロードソルスティス - 15 ドゥマーヴェリック - 8 ホークライト"",""狙い"":""◎○－△"",""金額"":200,""予算内比率"":""10%""},{""スタイル"":""標準"",""券種"":""三連複"",""買い目"":""2 ロードソルスティス - 14 レッドライトニング - 3 アンティミスト"",""狙い"":""◎▲－△"",""金額"":200,""予算内比率"":""10%""}]",,,,,,,,,,,,,,,
2026-09-27|中山|8R|fcd2b86e266e06be|morning|NA,2026-09-26T20:17:05+09:00,1.7,2026-09-27,中山,8R,3歳以上2勝クラス,ダート,1800,重,8,ホークライト,△,4,0.0988538899324206,0.6035831366595217,66.7055045906173,2.4,69.1055045906173,9.0,6,,,morning,,,True,標準,2000.0,"[{""スタイル"":""標準"",""券種"":""単勝"",""買い目"":""2 ロードソルスティス"",""狙い"":""◎の勝ち切り"",""金額"":300,""予算内比率"":""15%""},{""スタイル"":""標準"",""券種"":""馬連"",""買い目"":""2 ロードソルスティス - 15 ドゥマーヴェリック"",""狙い"":""◎－○の本線"",""金額"":300,""予算内比率"":""15%""},{""スタイル"":""標準"",""券種"":""ワイド"",""買い目"":""2 ロードソルスティス - 15 ドゥマーヴェリック"",""狙い"":""◎－○の安定側"",""金額"":300,""予算内比率"":""15%""},{""スタイル"":""標準"",""券種"":""馬連"",""買い目"":""2 ロードソルスティス - 14 レッドライトニング"",""狙い"":""◎－▲の押さえ"",""金額"":200,""予算内比率"":""10%""},{""スタイル"":""標準"",""券種"":""ワイド"",""買い目"":""2 ロードソルスティス - 14 レッドライトニング"",""狙い"":""◎－▲"",""金額"":200,""予算内比率"":""10%""},{""スタイル"":""標準"",""券種"":""三連複"",""買い目"":""2 ロードソルスティス - 15 ドゥマーヴェリック - 14 レッドライトニング"",""狙い"":""◎○▲の中心"",""金額"":300,""予算内比率"":""15%""},{""スタイル"":""標準"",""券種"":""三連複"",""買い目"":""2 ロードソルスティス - 15 ドゥマーヴェリック - 8 ホークライト"",""狙い"":""◎○－△"",""金額"":200,""予算内比率"":""10%""},{""スタイル"":""標準"",""券種"":""三連複"",""買い目"":""2 ロードソルスティス - 14 レッドライトニング - 3 アンティミスト"",""狙い"":""◎▲－△"",""金額"":200,""予算内比率"":""10%""}]",,,,,,,,,,,,,,,
2026-09-27|中山|8R|fcd2b86e266e06be|morning|NA,2026-09-26T20:17:05+09:00,1.7,2026-09-27,中山,8R,3歳以上2勝クラス,ダート,1800,重,9,タイヨウフレア,×,13,0.0272616499290482,0.180397071679903,17.479536928540025,0.0,17.479536928540025,39.8,11,,,morning,,,True,標準,2000.0,"[{""スタイル"":""標準"",""券種"":""単勝"",""買い目"":""2 ロードソルスティス"",""狙い"":""◎の勝ち切り"",""金額"":300,""予算内比率"":""15%""},{""スタイル"":""標準"",""券種"":""馬連"",""買い目"":""2 ロードソルスティス - 15 ドゥマーヴェリック"",""狙い"":""◎－○の本線"",""金額"":300,""予算内比率"":""15%""},{""スタイル"":""標準"",""券種"":""ワイド"",""買い目"":""2 ロードソルスティス - 15 ドゥマーヴェリック"",""狙い"":""◎－○の安定側"",""金額"":300,""予算内比率"":""15%""},{""スタイル"":""標準"",""券種"":""馬連"",""買い目"":""2 ロードソルスティス - 14 レッドライトニング"",""狙い"":""◎－▲の押さえ"",""金額"":200,""予算内比率"":""10%""},{""スタイル"":""標準"",""券種"":""ワイド"",""買い目"":""2 ロードソルスティス - 14 レッドライトニング"",""狙い"":""◎－▲"",""金額"":200,""予算内比率"":""10%""},{""スタイル"":""標準"",""券種"":""三連複"",""買い目"":""2 ロードソルスティス - 15 ドゥマーヴェリック - 14 レッドライトニング"",""狙い"":""◎○▲の中心"",""金額"":300,""予算内比率"":""15%""},{""スタイル"":""標準"",""券種"":""三連複"",""買い目"":""2 ロードソルスティス - 15 ドゥマーヴェリック - 8 ホークライト"",""狙い"":""◎○－△"",""金額"":200,""予算内比率"":""10%""},{""スタイル"":""標準"",""券種"":""三連複"",""買い目"":""2 ロードソルスティス - 14 レッドライトニング - 3 アンティミスト"",""狙い"":""◎▲－△"",""金額"":200,""予算内比率"":""10%""}]",,,,,,,,,,,,,,,
2026-09-27|中山|8R|fcd2b86e266e06be|morning|NA,2026-09-26T20:17:05+09:00,1.7,2026-09-27,中山,8R,3歳以上2勝クラス,ダート,1800,重,10,フクチャントウメイ,×,14,0.0179681812735933,0.1109718856706796,13.0017771531712,2.4,15.4017771531712,49.8,14,,,morning,,,True,標準,2000.0,"[{""スタイル"":""標準"",""券種"":""単勝"",""買い目"":""2 ロードソルスティス"",""狙い"":""◎の勝ち切り"",""金額"":300,""予算内比率"":""15%""},{""スタイル"":""標準"",""券種"":""馬連"",""買い目"":""2 ロードソルスティス - 15 ドゥマーヴェリック"",""狙い"":""◎－○の本線"",""金額"":300,""予算内比率"":""15%""},{""スタイル"":""標準"",""券種"":""ワイド"",""買い目"":""2 ロードソルスティス - 15 ドゥマーヴェリック"",""狙い"":""◎－○の安定側"",""金額"":300,""予算内比率"":""15%""},{""スタイル"":""標準"",""券種"":""馬連"",""買い目"":""2 ロードソルスティス - 14 レッドライトニング"",""狙い"":""◎－▲の押さえ"",""金額"":200,""予算内比率"":""10%""},{""スタイル"":""標準"",""券種"":""ワイド"",""買い目"":""2 ロードソルスティス - 14 レッドライトニング"",""狙い"":""◎－▲"",""金額"":200,""予算内比率"":""10%""},{""スタイル"":""標準"",""券種"":""三連複"",""買い目"":""2 ロードソルスティス - 15 ドゥマーヴェリック - 14 レッドライトニング"",""狙い"":""◎○▲の中心"",""金額"":300,""予算内比率"":""15%""},{""スタイル"":""標準"",""券種"":""三連複"",""買い目"":""2 ロードソルスティス - 15 ドゥマーヴェリック - 8 ホークライト"",""狙い"":""◎○－△"",""金額"":200,""予算内比率"":""10%""},{""スタイル"":""標準"",""券種"":""三連複"",""買い目"":""2 ロードソルスティス - 14 レッドライトニング - 3 アンティミスト"",""狙い"":""◎▲－△"",""金額"":200,""予算内比率"":""10%""}]",,,,,,,,,,,,,,,
2026-09-27|中山|8R|fcd2b86e266e06be|morning|NA,2026-09-26T20:17:05+09:00,1.7,2026-09-27,中山,8R,3歳以上2勝クラス,ダート,1800,重,11,メディチパワー,☆,7,0.079123470572654,0.4986085435786461,56.98358180853676,0.0,56.98358180853676,10.4,7,,,morning,,,True,標準,2000.0,"[{""スタイル"":""標準"",""券種"":""単勝"",""買い目"":""2 ロードソルスティス"",""狙い"":""◎の勝ち切り"",""金額"":300,""予算内比率"":""15%""},{""スタイル"":""標準"",""券種"":""馬連"",""買い目"":""2 ロードソルスティス - 15 ドゥマーヴェリック"",""狙い"":""◎－○の本線"",""金額"":300,""予算内比率"":""15%""},{""スタイル"":""標準"",""券種"":""ワイド"",""買い目"":""2 ロードソルスティス - 15 ドゥマーヴェリック"",""狙い"":""◎－○の安定側"",""金額"":300,""予算内比率"":""15%""},{""スタイル"":""標準"",""券種"":""馬連"",""買い目"":""2 ロードソルスティス - 14 レッドライトニング"",""狙い"":""◎－▲の押さえ"",""金額"":200,""予算内比率"":""10%""},{""スタイル"":""標準"",""券種"":""ワイド"",""買い目"":""2 ロードソルスティス - 14 レッドライトニング"",""狙い"":""◎－▲"",""金額"":200,""予算内比率"":""10%""},{""スタイル"":""標準"",""券種"":""三連複"",""買い目"":""2 ロードソルスティス - 15 ドゥマーヴェリック - 14 レッドライトニング"",""狙い"":""◎○▲の中心"",""金額"":300,""予算内比率"":""15%""},{""スタイル"":""標準"",""券種"":""三連複"",""買い目"":""2 ロードソルスティス - 15 ドゥマーヴェリック - 8 ホークライト"",""狙い"":""◎○－△"",""金額"":200,""予算内比率"":""10%""},{""スタイル"":""標準"",""券種"":""三連複"",""買い目"":""2 ロードソルスティス - 14 レッドライトニング - 3 アンティミスト"",""狙い"":""◎▲－△"",""金額"":200,""予算内比率"":""10%""}]",,,,,,,,,,,,,,,
2026-09-27|中山|8R|fcd2b86e266e06be|morning|NA,2026-09-26T20:17:05+09:00,1.7,2026-09-27,中山,8R,3歳以上2勝クラス,ダート,1800,重,12,シューティングガイ,注,10,0.0507556932279132,0.3164999097249331,34.57521947336819,0.0,34.57521947336819,31.4,10,,,morning,,,True,標準,2000.0,"[{""スタイル"":""標準"",""券種"":""単勝"",""買い目"":""2 ロードソルスティス"",""狙い"":""◎の勝ち切り"",""金額"":300,""予算内比率"":""15%""},{""スタイル"":""標準"",""券種"":""馬連"",""買い目"":""2 ロードソルスティス - 15 ドゥマーヴェリック"",""狙い"":""◎－○の本線"",""金額"":300,""予算内比率"":""15%""},{""スタイル"":""標準"",""券種"":""ワイド"",""買い目"":""2 ロードソルスティス - 15 ドゥマーヴェリック"",""狙い"":""◎－○の安定側"",""金額"":300,""予算内比率"":""15%""},{""スタイル"":""標準"",""券種"":""馬連"",""買い目"":""2 ロードソルスティス - 14 レッドライトニング"",""狙い"":""◎－▲の押さえ"",""金額"":200,""予算内比率"":""10%""},{""スタイル"":""標準"",""券種"":""ワイド"",""買い目"":""2 ロードソルスティス - 14 レッドライトニング"",""狙い"":""◎－▲"",""金額"":200,""予算内比率"":""10%""},{""スタイル"":""標準"",""券種"":""三連複"",""買い目"":""2 ロードソルスティス - 15 ドゥマーヴェリック - 14 レッドライトニング"",""狙い"":""◎○▲の中心"",""金額"":300,""予算内比率"":""15%""},{""スタイル"":""標準"",""券種"":""三連複"",""買い目"":""2 ロードソルスティス - 15 ドゥマーヴェリック - 8 ホークライト"",""狙い"":""◎○－△"",""金額"":200,""予算内比率"":""10%""},{""スタイル"":""標準"",""券種"":""三連複"",""買い目"":""2 ロードソルスティス - 14 レッドライトニング - 3 アンティミスト"",""狙い"":""◎▲－△"",""金額"":200,""予算内比率"":""10%""}]",,,,,,,,,,,,,,,
2026-09-27|中山|8R|fcd2b86e266e06be|morning|NA,2026-09-26T20:17:05+09:00,1.7,2026-09-27,中山,8R,3歳以上2勝クラス,ダート,1800,重,13,ピコシー,注,8,0.0698346141827365,0.4103759283439022,49.19723588641674,-0.5271398747390399,48.6700960116777,14.5,8,,,morning,,,True,標準,2000.0,"[{""スタイル"":""標準"",""券種"":""単勝"",""買い目"":""2 ロードソルスティス"",""狙い"":""◎の勝ち切り"",""金額"":300,""予算内比率"":""15%""},{""スタイル"":""標準"",""券種"":""馬連"",""買い目"":""2 ロードソルスティス - 15 ドゥマーヴェリック"",""狙い"":""◎－○の本線"",""金額"":300,""予算内比率"":""15%""},{""スタイル"":""標準"",""券種"":""ワイド"",""買い目"":""2 ロードソルスティス - 15 ドゥマーヴェリック"",""狙い"":""◎－○の安定側"",""金額"":300,""予算内比率"":""15%""},{""スタイル"":""標準"",""券種"":""馬連"",""買い目"":""2 ロードソルスティス - 14 レッドライトニング"",""狙い"":""◎－▲の押さえ"",""金額"":200,""予算内比率"":""10%""},{""スタイル"":""標準"",""券種"":""ワイド"",""買い目"":""2 ロードソルスティス - 14 レッドライトニング"",""狙い"":""◎－▲"",""金額"":200,""予算内比率"":""10%""},{""スタイル"":""標準"",""券種"":""三連複"",""買い目"":""2 ロードソルスティス - 15 ドゥマーヴェリック - 14 レッドライトニング"",""狙い"":""◎○▲の中心"",""金額"":300,""予算内比率"":""15%""},{""スタイル"":""標準"",""券種"":""三連複"",""買い目"":""2 ロードソルスティス - 15 ドゥマーヴェリック - 8 ホークライト"",""狙い"":""◎○－△"",""金額"":200,""予算内比率"":""10%""},{""スタイル"":""標準"",""券種"":""三連複"",""買い目"":""2 ロードソルスティス - 14 レッドライトニング - 3 アンティミスト"",""狙い"":""◎▲－△"",""金額"":200,""予算内比率"":""10%""}]",,,,,,,,,,,,,,,
2026-09-27|中山|8R|fcd2b86e266e06be|morning|NA,2026-09-26T20:17:05+09:00,1.7,2026-09-27,中山,8R,3歳以上2勝クラス,ダート,1800,重,14,レッドライトニング,▲,3,0.1050861164848284,0.6968745920150291,73.4534678845062,0.0,73.4534678845062,5.8,2,,,morning,,,True,標準,2000.0,"[{""スタイル"":""標準"",""券種"":""単勝"",""買い目"":""2 ロードソルスティス"",""狙い"":""◎の勝ち切り"",""金額"":300,""予算内比率"":""15%""},{""スタイル"":""標準"",""券種"":""馬連"",""買い目"":""2 ロードソルスティス - 15 ドゥマーヴェリック"",""狙い"":""◎－○の本線"",""金額"":300,""予算内比率"":""15%""},{""スタイル"":""標準"",""券種"":""ワイド"",""買い目"":""2 ロードソルスティス - 15 ドゥマーヴェリック"",""狙い"":""◎－○の安定側"",""金額"":300,""予算内比率"":""15%""},{""スタイル"":""標準"",""券種"":""馬連"",""買い目"":""2 ロードソルスティス - 14 レッドライトニング"",""狙い"":""◎－▲の押さえ"",""金額"":200,""予算内比率"":""10%""},{""スタイル"":""標準"",""券種"":""ワイド"",""買い目"":""2 ロードソルスティス - 14 レッドライトニング"",""狙い"":""◎－▲"",""金額"":200,""予算内比率"":""10%""},{""スタイル"":""標準"",""券種"":""三連複"",""買い目"":""2 ロードソルスティス - 15 ドゥマーヴェリック - 14 レッドライトニング"",""狙い"":""◎○▲の中心"",""金額"":300,""予算内比率"":""15%""},{""スタイル"":""標準"",""券種"":""三連複"",""買い目"":""2 ロードソルスティス - 15 ドゥマーヴェリック - 8 ホークライト"",""狙い"":""◎○－△"",""金額"":200,""予算内比率"":""10%""},{""スタイル"":""標準"",""券種"":""三連複"",""買い目"":""2 ロードソルスティス - 14 レッドライトニング - 3 アンティミスト"",""狙い"":""◎▲－△"",""金額"":200,""予算内比率"":""10%""}]",,,,,,,,,,,,,,,
2026-09-27|中山|8R|fcd2b86e266e06be|morning|NA,2026-09-26T20:17:05+09:00,1.7,2026-09-27,中山,8R,3歳以上2勝クラス,ダート,1800,重,15,ドゥマーヴェリック,○,2,0.1187503740674321,0.6733958367852692,72.70576762437615,1.2391887861616464,73.9449564105378,5.8,3,,,morning,,,True,標準,2000.0,"[{""スタイル"":""標準"",""券種"":""単勝"",""買い目"":""2 ロードソルスティス"",""狙い"":""◎の勝ち切り"",""金額"":300,""予算内比率"":""15%""},{""スタイル"":""標準"",""券種"":""馬連"",""買い目"":""2 ロードソルスティス - 15 ドゥマーヴェリック"",""狙い"":""◎－○の本線"",""金額"":300,""予算内比率"":""15%""},{""スタイル"":""標準"",""券種"":""ワイド"",""買い目"":""2 ロードソルスティス - 15 ドゥマーヴェリック"",""狙い"":""◎－○の安定側"",""金額"":300,""予算内比率"":""15%""},{""スタイル"":""標準"",""券種"":""馬連"",""買い目"":""2 ロードソルスティス - 14 レッドライトニング"",""狙い"":""◎－▲の押さえ"",""金額"":200,""予算内比率"":""10%""},{""スタイル"":""標準"",""券種"":""ワイド"",""買い目"":""2 ロードソルスティス - 14 レッドライトニング"",""狙い"":""◎－▲"",""金額"":200,""予算内比率"":""10%""},{""スタイル"":""標準"",""券種"":""三連複"",""買い目"":""2 ロードソルスティス - 15 ドゥマーヴェリック - 14 レッドライトニング"",""狙い"":""◎○▲の中心"",""金額"":300,""予算内比率"":""15%""},{""スタイル"":""標準"",""券種"":""三連複"",""買い目"":""2 ロードソルスティス - 15 ドゥマーヴェリック - 8 ホークライト"",""狙い"":""◎○－△"",""金額"":200,""予算内比率"":""10%""},{""スタイル"":""標準"",""券種"":""三連複"",""買い目"":""2 ロードソルスティス - 14 レッドライトニング - 3 アンティミスト"",""狙い"":""◎▲－△"",""金額"":200,""予算内比率"":""10%""}]",,,,,,,,,,,,,,,
2026-09-27|中山|9R|0373f91989facde3|morning|NA,2026-09-26T20:17:06+09:00,1.7,2026-09-27,中山,9R,サフラン賞,芝,1600,重,1,リリカルフレア,△,5,0.0840689430409023,0.036417047615936,14.263815532074286,0.0,14.263815532074286,5.3,4,,,morning,,,True,標準,2000.0,"[{""スタイル"":""標準"",""券種"":""単勝"",""買い目"":""5 セプタードアイル"",""狙い"":""◎の勝ち切り"",""金額"":300,""予算内比率"":""15%""},{""スタイル"":""標準"",""券種"":""馬連"",""買い目"":""5 セプタードアイル - 7 リサナウト"",""狙い"":""◎－○の本線"",""金額"":300,""予算内比率"":""15%""},{""スタイル"":""標準"",""券種"":""ワイド"",""買い目"":""5 セプタードアイル - 7 リサナウト"",""狙い"":""◎－○の安定側"",""金額"":300,""予算内比率"":""15%""},{""スタイル"":""標準"",""券種"":""馬連"",""買い目"":""5 セプタードアイル - 2 シルクドマルス"",""狙い"":""◎－▲の押さえ"",""金額"":200,""予算内比率"":""10%""},{""スタイル"":""標準"",""券種"":""ワイド"",""買い目"":""5 セプタードアイル - 2 シルクドマルス"",""狙い"":""◎－▲"",""金額"":200,""予算内比率"":""10%""},{""スタイル"":""標準"",""券種"":""三連複"",""買い目"":""5 セプタードアイル - 7 リサナウト - 2 シルクドマルス"",""狙い"":""◎○▲の中心"",""金額"":300,""予算内比率"":""15%""},{""スタイル"":""標準"",""券種"":""三連複"",""買い目"":""5 セプタードアイル - 7 リサナウト - 3 シルバーウィル"",""狙い"":""◎○－△"",""金額"":200,""予算内比率"":""10%""},{""スタイル"":""標準"",""券種"":""三連複"",""買い目"":""5 セプタードアイル - 2 シルクドマルス - 1 リリカルフレア"",""狙い"":""◎▲－△"",""金額"":200,""予算内比率"":""10%""}]",,,,,,,,,,,,,,,
2026-09-27|中山|9R|0373f91989facde3|morning|NA,2026-09-26T20:17:06+09:00,1.7,2026-09-27,中山,9R,サフラン賞,芝,1600,重,2,シルクドマルス,▲,3,0.0941144189196134,0.0371258905140069,15.40071244755249,0.0,15.40071244755249,4.5,2,,,morning,,,True,標準,2000.0,"[{""スタイル"":""標準"",""券種"":""単勝"",""買い目"":""5 セプタードアイル"",""狙い"":""◎の勝ち切り"",""金額"":300,""予算内比率"":""15%""},{""スタイル"":""標準"",""券種"":""馬連"",""買い目"":""5 セプタードアイル - 7 リサナウト"",""狙い"":""◎－○の本線"",""金額"":300,""予算内比率"":""15%""},{""スタイル"":""標準"",""券種"":""ワイド"",""買い目"":""5 セプタードアイル - 7 リサナウト"",""狙い"":""◎－○の安定側"",""金額"":300,""予算内比率"":""15%""},{""スタイル"":""標準"",""券種"":""馬連"",""買い目"":""5 セプタードアイル - 2 シルクドマルス"",""狙い"":""◎－▲の押さえ"",""金額"":200,""予算内比率"":""10%""},{""スタイル"":""標準"",""券種"":""ワイド"",""買い目"":""5 セプタードアイル - 2 シルクドマルス"",""狙い"":""◎－▲"",""金額"":200,""予算内比率"":""10%""},{""スタイル"":""標準"",""券種"":""三連複"",""買い目"":""5 セプタードアイル - 7 リサナウト - 2 シルクドマルス"",""狙い"":""◎○▲の中心"",""金額"":300,""予算内比率"":""15%""},{""スタイル"":""標準"",""券種"":""三連複"",""買い目"":""5 セプタードアイル - 7 リサナウト - 3 シルバーウィル"",""狙い"":""◎○－△"",""金額"":200,""予算内比率"":""10%""},{""スタイル"":""標準"",""券種"":""三連複"",""買い目"":""5 セプタードアイル - 2 シルクドマルス - 1 リリカルフレア"",""狙い"":""◎▲－△"",""金額"":200,""予算内比率"":""10%""}]",,,,,,,,,,,,,,,
2026-09-27|中山|9R|0373f91989facde3|morning|NA,2026-09-26T20:17:06+09:00,1.7,2026-09-27,中山,9R,サフラン賞,芝,1600,重,3,シルバーウィル,△,4,0.0864249748987701,0.0370620167739806,14.55439545787382,0.0,14.55439545787382,5.0,3,,,morning,,,True,標準,2000.0,"[{""スタイル"":""標準"",""券種"":""単勝"",""買い目"":""5 セプタードアイル"",""狙い"":""◎の勝ち切り"",""金額"":300,""予算内比率"":""15%""},{""スタイル"":""標準"",""券種"":""馬連"",""買い目"":""5 セプタードアイル - 7 リサナウト"",""狙い"":""◎－○の本線"",""金額"":300,""予算内比率"":""15%""},{""スタイル"":""標準"",""券種"":""ワイド"",""買い目"":""5 セプタードアイル - 7 リサナウト"",""狙い"":""◎－○の安定側"",""金額"":300,""予算内比率"":""15%""},{""スタイル"":""標準"",""券種"":""馬連"",""買い目"":""5 セプタードアイル - 2 シルクドマルス"",""狙い"":""◎－▲の押さえ"",""金額"":200,""予算内比率"":""10%""},{""スタイル"":""標準"",""券種"":""ワイド"",""買い目"":""5 セプタードアイル - 2 シルクドマルス"",""狙い"":""◎－▲"",""金額"":200,""予算内比率"":""10%""},{""スタイル"":""標準"",""券種"":""三連複"",""買い目"":""5 セプタードアイル - 7 リサナウト - 2 シルクドマルス"",""狙い"":""◎○▲の中心"",""金額"":300,""予算内比率"":""15%""},{""スタイル"":""標準"",""券種"":""三連複"",""買い目"":""5 セプタードアイル - 7 リサナウト - 3 シルバーウィル"",""狙い"":""◎○－△"",""金額"":200,""予算内比率"":""10%""},{""スタイル"":""標準"",""券種"":""三連複"",""買い目"":""5 セプタードアイル - 2 シルクドマルス - 1 リリカルフレア"",""狙い"":""◎▲－△"",""金額"":200,""予算内比率"":""10%""}]",,,,,,,,,,,,,,,
2026-09-27|中山|9R|0373f91989facde3|morning|NA,2026-09-26T20:17:06+09:00,1.7,2026-09-27,中山,9R,サフラン賞,芝,1600,重,4,シュヴァルツペルレ,☆,6,0.0540830496570007,0.0353350403857502,10.921856465171423,0.0,10.921856465171423,16.3,6,,,morning,,,True,標準,2000.0,"[{""スタイル"":""標準"",""券種"":""単勝"",""買い目"":""5 セプタードアイル"",""狙い"":""◎の勝ち切り"",""金額"":300,""予算内比率"":""15%""},{""スタイル"":""標準"",""券種"":""馬連"",""買い目"":""5 セプタードアイル - 7 リサナウト"",""狙い"":""◎－○の本線"",""金額"":300,""予算内比率"":""15%""},{""スタイル"":""標準"",""券種"":""ワイド"",""買い目"":""5 セプタードアイル - 7 リサナウト"",""狙い"":""◎－○の安定側"",""金額"":300,""予算内比率"":""15%""},{""スタイル"":""標準"",""券種"":""馬連"",""買い目"":""5 セプタードアイル - 2 シルクドマルス"",""狙い"":""◎－▲の押さえ"",""金額"":200,""予算内比率"":""10%""},{""スタイル"":""標準"",""券種"":""ワイド"",""買い目"":""5 セプタードアイル - 2 シルクドマルス"",""狙い"":""◎－▲"",""金額"":200,""予算内比率"":""10%""},{""スタイル"":""標準"",""券種"":""三連複"",""買い目"":""5 セプタードアイル - 7 リサナウト - 2 シルクドマルス"",""狙い"":""◎○▲の中心"",""金額"":300,""予算内比率"":""15%""},{""スタイル"":""標準"",""券種"":""三連複"",""買い目"":""5 セプタードアイル - 7 リサナウト - 3 シルバーウィル"",""狙い"":""◎○－△"",""金額"":200,""予算内比率"":""10%""},{""スタイル"":""標準"",""券種"":""三連複"",""買い目"":""5 セプタードアイル - 2 シルクドマルス - 1 リリカルフレア"",""狙い"":""◎▲－△"",""金額"":200,""予算内比率"":""10%""}]",,,,,,,,,,,,,,,
2026-09-27|中山|9R|0373f91989facde3|morning|NA,2026-09-26T20:17:06+09:00,1.7,2026-09-27,中山,9R,サフラン賞,芝,1600,重,5,セプタードアイル,◎,1,0.3192066212318949,0.5198524897699656,60.99262448849827,0.0,60.99262448849827,9.0,5,,,morning,,,True,標準,2000.0,"[{""スタイル"":""標準"",""券種"":""単勝"",""買い目"":""5 セプタードアイル"",""狙い"":""◎の勝ち切り"",""金額"":300,""予算内比率"":""15%""},{""スタイル"":""標準"",""券種"":""馬連"",""買い目"":""5 セプタードアイル - 7 リサナウト"",""狙い"":""◎－○の本線"",""金額"":300,""予算内比率"":""15%""},{""スタイル"":""標準"",""券種"":""ワイド"",""買い目"":""5 セプタードアイル - 7 リサナウト"",""狙い"":""◎－○の安定側"",""金額"":300,""予算内比率"":""15%""},{""スタイル"":""標準"",""券種"":""馬連"",""買い目"":""5 セプタードアイル - 2 シルクドマルス"",""狙い"":""◎－▲の押さえ"",""金額"":200,""予算内比率"":""10%""},{""スタイル"":""標準"",""券種"":""ワイド"",""買い目"":""5 セプタードアイル - 2 シルクドマルス"",""狙い"":""◎－▲"",""金額"":200,""予算内比率"":""10%""},{""スタイル"":""標準"",""券種"":""三連複"",""買い目"":""5 セプタードアイル - 7 リサナウト - 2 シルクドマルス"",""狙い"":""◎○▲の中心"",""金額"":300,""予算内比率"":""15%""},{""スタイル"":""標準"",""券種"":""三連複"",""買い目"":""5 セプタードアイル - 7 リサナウト - 3 シルバーウィル"",""狙い"":""◎○－△"",""金額"":200,""予算内比率"":""10%""},{""スタイル"":""標準"",""券種"":""三連複"",""買い目"":""5 セプタードアイル - 2 シルクドマルス - 1 リリカルフレア"",""狙い"":""◎▲－△"",""金額"":200,""予算内比率"":""10%""}]",,,,,,,,,,,,,,,
2026-09-27|中山|9R|0373f91989facde3|morning|NA,2026-09-26T20:17:06+09:00,1.7,2026-09-27,中山,9R,サフラン賞,芝,1600,重,6,ユーダブルワン,☆,7,0.0530578952525261,0.0307110858341284,10.578253788037156,0.0,10.578253788037156,19.6,7,,,morning,,,True,標準,2000.0,"[{""スタイル"":""標準"",""券種"":""単勝"",""買い目"":""5 セプタードアイル"",""狙い"":""◎の勝ち切り"",""金額"":300,""予算内比率"":""15%""},{""スタイル"":""標準"",""券種"":""馬連"",""買い目"":""5 セプタードアイル - 7 リサナウト"",""狙い"":""◎－○の本線"",""金額"":300,""予算内比率"":""15%""},{""スタイル"":""標準"",""券種"":""ワイド"",""買い目"":""5 セプタードアイル - 7 リサナウト"",""狙い"":""◎－○の安定側"",""金額"":300,""予算内比率"":""15%""},{""スタイル"":""標準"",""券種"":""馬連"",""買い目"":""5 セプタードアイル - 2 シルクドマルス"",""狙い"":""◎－▲の押さえ"",""金額"":200,""予算内比率"":""10%""},{""スタイル"":""標準"",""券種"":""ワイド"",""買い目"":""5 セプタードアイル - 2 シルクドマルス"",""狙い"":""◎－▲"",""金額"":200,""予算内比率"":""10%""},{""スタイル"":""標準"",""券種"":""三連複"",""買い目"":""5 セプタードアイル - 7 リサナウト - 2 シルクドマルス"",""狙い"":""◎○▲の中心"",""金額"":300,""予算内比率"":""15%""},{""スタイル"":""標準"",""券種"":""三連複"",""買い目"":""5 セプタードアイル - 7 リサナウト - 3 シルバーウィル"",""狙い"":""◎○－△"",""金額"":200,""予算内比率"":""10%""},{""スタイル"":""標準"",""券種"":""三連複"",""買い目"":""5 セプタードアイル - 2 シルクドマルス - 1 リリカルフレア"",""狙い"":""◎▲－△"",""金額"":200,""予算内比率"":""10%""}]",,,,,,,,,,,,,,,
2026-09-27|中山|9R|0373f91989facde3|morning|NA,2026-09-26T20:17:06+09:00,1.7,2026-09-27,中山,9R,サフラン賞,芝,1600,重,7,リサナウト,○,2,0.3090440969992922,0.1914118928889838,46.681374390994925,0.0,46.681374390994925,2.3,1,,,morning,,,True,標準,2000.0,"[{""スタイル"":""標準"",""券種"":""単勝"",""買い目"":""5 セプタードアイル"",""狙い"":""◎の勝ち切り"",""金額"":300,""予算内比率"":""15%""},{""スタイル"":""標準"",""券種"":""馬連"",""買い目"":""5 セプタードアイル - 7 リサナウト"",""狙い"":""◎－○の本線"",""金額"":300,""予算内比率"":""15%""},{""スタイル"":""標準"",""券種"":""ワイド"",""買い目"":""5 セプタードアイル - 7 リサナウト"",""狙い"":""◎－○の安定側"",""金額"":300,""予算内比率"":""15%""},{""スタイル"":""標準"",""券種"":""馬連"",""買い目"":""5 セプタードアイル - 2 シルクドマルス"",""狙い"":""◎－▲の押さえ"",""金額"":200,""予算内比率"":""10%""},{""スタイル"":""標準"",""券種"":""ワイド"",""買い目"":""5 セプタードアイル - 2 シルクドマルス"",""狙い"":""◎－▲"",""金額"":200,""予算内比率"":""10%""},{""スタイル"":""標準"",""券種"":""三連複"",""買い目"":""5 セプタードアイル - 7 リサナウト - 2 シルクドマルス"",""狙い"":""◎○▲の中心"",""金額"":300,""予算内比率"":""15%""},{""スタイル"":""標準"",""券種"":""三連複"",""買い目"":""5 セプタードアイル - 7 リサナウト - 3 シルバーウィル"",""狙い"":""◎○－△"",""金額"":200,""予算内比率"":""10%""},{""スタイル"":""標準"",""券種"":""三連複"",""買い目"":""5 セプタードアイル - 2 シルクドマルス - 1 リリカルフレア"",""狙い"":""◎▲－△"",""金額"":200,""予算内比率"":""10%""}]",,,,,,,,,,,,,,,
2026-09-27|中山|10R|6da644841d07578c|morning|NA,2026-09-26T20:17:06+09:00,1.7,2026-09-27,中山,10R,茨城新聞杯,芝,2000,重,1,スイートオレンジ,×,13,0.0381710064771543,0.3525651218414197,38.82579852342474,0.0,38.82579852342474,12.7,7,,,morning,,,True,標準,2000.0,"[{""スタイル"":""標準"",""券種"":""単勝"",""買い目"":""10 サンライズバブル"",""狙い"":""◎の勝ち切り"",""金額"":300,""予算内比率"":""15%""},{""スタイル"":""標準"",""券種"":""馬連"",""買い目"":""10 サンライズバブル - 9 ルージュボヤージュ"",""狙い"":""◎－○の本線"",""金額"":300,""予算内比率"":""15%""},{""スタイル"":""標準"",""券種"":""ワイド"",""買い目"":""10 サンライズバブル - 9 ルージュボヤージュ"",""狙い"":""◎－○の安定側"",""金額"":300,""予算内比率"":""15%""},{""スタイル"":""標準"",""券種"":""馬連"",""買い目"":""10 サンライズバブル - 7 ドナルンバ"",""狙い"":""◎－▲の押さえ"",""金額"":200,""予算内比率"":""10%""},{""スタイル"":""標準"",""券種"":""ワイド"",""買い目"":""10 サンライズバブル - 7 ドナルンバ"",""狙い"":""◎－▲"",""金額"":200,""予算内比率"":""10%""},{""スタイル"":""標準"",""券種"":""三連複"",""買い目"":""10 サンライズバブル - 9 ルージュボヤージュ - 7 ドナルンバ"",""狙い"":""◎○▲の中心"",""金額"":300,""予算内比率"":""15%""},{""スタイル"":""標準"",""券種"":""三連複"",""買い目"":""10 サンライズバブル - 9 ルージュボヤージュ - 13 ジェットブレード"",""狙い"":""◎○－△"",""金額"":200,""予算内比率"":""10%""},{""スタイル"":""標準"",""券種"":""三連複"",""買い目"":""10 サンライズバブル - 7 ドナルンバ - 12 ダノンカゼルタ"",""狙い"":""◎▲－△"",""金額"":200,""予算内比率"":""10%""}]",,,,,,,,,,,,,,,
2026-09-27|中山|10R|6da644841d07578c|morning|NA,2026-09-26T20:17:06+09:00,1.7,2026-09-27,中山,10R,茨城新聞杯,芝,2000,重,2,プリズマジコ,×,12,0.0529708438354929,0.3521566605132138,38.4242649384661,1.9500762195121943,40.37434115797829,22.4,12,,,morning,,,True,標準,2000.0,"[{""スタイル"":""標準"",""券種"":""単勝"",""買い目"":""10 サンライズバブル"",""狙い"":""◎の勝ち切り"",""金額"":300,""予算内比率"":""15%""},{""スタイル"":""標準"",""券種"":""馬連"",""買い目"":""10 サンライズバブル - 9 ルージュボヤージュ"",""狙い"":""◎－○の本線"",""金額"":300,""予算内比率"":""15%""},{""スタイル"":""標準"",""券種"":""ワイド"",""買い目"":""10 サンライズバブル - 9 ルージュボヤージュ"",""狙い"":""◎－○の安定側"",""金額"":300,""予算内比率"":""15%""},{""スタイル"":""標準"",""券種"":""馬連"",""買い目"":""10 サンライズバブル - 7 ドナルンバ"",""狙い"":""◎－▲の押さえ"",""金額"":200,""予算内比率"":""10%""},{""スタイル"":""標準"",""券種"":""ワイド"",""買い目"":""10 サンライズバブル - 7 ドナルンバ"",""狙い"":""◎－▲"",""金額"":200,""予算内比率"":""10%""},{""スタイル"":""標準"",""券種"":""三連複"",""買い目"":""10 サンライズバブル - 9 ルージュボヤージュ - 7 ドナルンバ"",""狙い"":""◎○▲の中心"",""金額"":300,""予算内比率"":""15%""},{""スタイル"":""標準"",""券種"":""三連複"",""買い目"":""10 サンライズバブル - 9 ルージュボヤージュ - 13 ジェットブレード"",""狙い"":""◎○－△"",""金額"":200,""予算内比率"":""10%""},{""スタイル"":""標準"",""券種"":""三連複"",""買い目"":""10 サンライズバブル - 7 ドナルンバ - 12 ダノンカゼルタ"",""狙い"":""◎▲－△"",""金額"":200,""予算内比率"":""10%""}]",,,,,,,,,,,,,,,
2026-09-27|中山|10R|6da644841d07578c|morning|NA,2026-09-26T20:17:06+09:00,1.7,2026-09-27,中山,10R,茨城新聞杯,芝,2000,重,3,フナデ,×,15,0.0334841342016722,0.2823877528427783,33.45088181197758,0.0,33.45088181197758,36.3,14,,,morning,,,True,標準,2000.0,"[{""スタイル"":""標準"",""券種"":""単勝"",""買い目"":""10 サンライズバブル"",""狙い"":""◎の勝ち切り"",""金額"":300,""予算内比率"":""15%""},{""スタイル"":""標準"",""券種"":""馬連"",""買い目"":""10 サンライズバブル - 9 ルージュボヤージュ"",""狙い"":""◎－○の本線"",""金額"":300,""予算内比率"":""15%""},{""スタイル"":""標準"",""券種"":""ワイド"",""買い目"":""10 サンライズバブル - 9 ルージュボヤージュ"",""狙い"":""◎－○の安定側"",""金額"":300,""予算内比率"":""15%""},{""スタイル"":""標準"",""券種"":""馬連"",""買い目"":""10 サンライズバブル - 7 ドナルンバ"",""狙い"":""◎－▲の押さえ"",""金額"":200,""予算内比率"":""10%""},{""スタイル"":""標準"",""券種"":""ワイド"",""買い目"":""10 サンライズバブル - 7 ドナルンバ"",""狙い"":""◎－▲"",""金額"":200,""予算内比率"":""10%""},{""スタイル"":""標準"",""券種"":""三連複"",""買い目"":""10 サンライズバブル - 9 ルージュボヤージュ - 7 ドナルンバ"",""狙い"":""◎○▲の中心"",""金額"":300,""予算内比率"":""15%""},{""スタイル"":""標準"",""券種"":""三連複"",""買い目"":""10 サンライズバブル - 9 ルージュボヤージュ - 13 ジェットブレード"",""狙い"":""◎○－△"",""金額"":200,""予算内比率"":""10%""},{""スタイル"":""標準"",""券種"":""三連複"",""買い目"":""10 サンライズバブル - 7 ドナルンバ - 12 ダノンカゼルタ"",""狙い"":""◎▲－△"",""金額"":200,""予算内比率"":""10%""}]",,,,,,,,,,,,,,,
2026-09-27|中山|10R|6da644841d07578c|morning|NA,2026-09-26T20:17:06+09:00,1.7,2026-09-27,中山,10R,茨城新聞杯,芝,2000,重,4,コスモイシュタル,注,8,0.0658755379404241,0.511216639481549,51.78875665919267,0.0,51.78875665919267,10.4,5,,,morning,,,True,標準,2000.0,"[{""スタイル"":""標準"",""券種"":""単勝"",""買い目"":""10 サンライズバブル"",""狙い"":""◎の勝ち切り"",""金額"":300,""予算内比率"":""15%""},{""スタイル"":""標準"",""券種"":""馬連"",""買い目"":""10 サンライズバブル - 9 ルージュボヤージュ"",""狙い"":""◎－○の本線"",""金額"":300,""予算内比率"":""15%""},{""スタイル"":""標準"",""券種"":""ワイド"",""買い目"":""10 サンライズバブル - 9 ルージュボヤージュ"",""狙い"":""◎－○の安定側"",""金額"":300,""予算内比率"":""15%""},{""スタイル"":""標準"",""券種"":""馬連"",""買い目"":""10 サンライズバブル - 7 ドナルンバ"",""狙い"":""◎－▲の押さえ"",""金額"":200,""予算内比率"":""10%""},{""スタイル"":""標準"",""券種"":""ワイド"",""買い目"":""10 サンライズバブル - 7 ドナルンバ"",""狙い"":""◎－▲"",""金額"":200,""予算内比率"":""10%""},{""スタイル"":""標準"",""券種"":""三連複"",""買い目"":""10 サンライズバブル - 9 ルージュボヤージュ - 7 ドナルンバ"",""狙い"":""◎○▲の中心"",""金額"":300,""予算内比率"":""15%""},{""スタイル"":""標準"",""券種"":""三連複"",""買い目"":""10 サンライズバブル - 9 ルージュボヤージュ - 13 ジェットブレード"",""狙い"":""◎○－△"",""金額"":200,""予算内比率"":""10%""},{""スタイル"":""標準"",""券種"":""三連複"",""買い目"":""10 サンライズバブル - 7 ドナルンバ - 12 ダノンカゼルタ"",""狙い"":""◎▲－△"",""金額"":200,""予算内比率"":""10%""}]",,,,,,,,,,,,,,,
2026-09-27|中山|10R|6da644841d07578c|morning|NA,2026-09-26T20:17:06+09:00,1.7,2026-09-27,中山,10R,茨城新聞杯,芝,2000,重,5,ハニードレス,☆,7,0.0686581779107842,0.5200906254021368,53.34034628674995,0.0,53.34034628674995,8.3,3,,,morning,,,True,標準,2000.0,"[{""スタイル"":""標準"",""券種"":""単勝"",""買い目"":""10 サンライズバブル"",""狙い"":""◎の勝ち切り"",""金額"":300,""予算内比率"":""15%""},{""スタイル"":""標準"",""券種"":""馬連"",""買い目"":""10 サンライズバブル - 9 ルージュボヤージュ"",""狙い"":""◎－○の本線"",""金額"":300,""予算内比率"":""15%""},{""スタイル"":""標準"",""券種"":""ワイド"",""買い目"":""10 サンライズバブル - 9 ルージュボヤージュ"",""狙い"":""◎－○の安定側"",""金額"":300,""予算内比率"":""15%""},{""スタイル"":""標準"",""券種"":""馬連"",""買い目"":""10 サンライズバブル - 7 ドナルンバ"",""狙い"":""◎－▲の押さえ"",""金額"":200,""予算内比率"":""10%""},{""スタイル"":""標準"",""券種"":""ワイド"",""買い目"":""10 サンライズバブル - 7 ドナルンバ"",""狙い"":""◎－▲"",""金額"":200,""予算内比率"":""10%""},{""スタイル"":""標準"",""券種"":""三連複"",""買い目"":""10 サンライズバブル - 9 ルージュボヤージュ - 7 ドナルンバ"",""狙い"":""◎○▲の中心"",""金額"":300,""予算内比率"":""15%""},{""スタイル"":""標準"",""券種"":""三連複"",""買い目"":""10 サンライズバブル - 9 ルージュボヤージュ - 13 ジェットブレード"",""狙い"":""◎○－△"",""金額"":200,""予算内比率"":""10%""},{""スタイル"":""標準"",""券種"":""三連複"",""買い目"":""10 サンライズバブル - 7 ドナルンバ - 12 ダノンカゼルタ"",""狙い"":""◎▲－△"",""金額"":200,""予算内比率"":""10%""}]",,,,,,,,,,,,,,,
2026-09-27|中山|10R|6da644841d07578c|morning|NA,2026-09-26T20:17:06+09:00,1.7,2026-09-27,中山,10R,茨城新聞杯,芝,2000,重,6,ミツカネベネラ,注,9,0.0540577572002247,0.3323094527752886,48.13822340212026,0.0,48.13822340212026,18.1,9,,,morning,,,True,標準,2000.0,"[{""スタイル"":""標準"",""券種"":""単勝"",""買い目"":""10 サンライズバブル"",""狙い"":""◎の勝ち切り"",""金額"":300,""予算内比率"":""15%""},{""スタイル"":""標準"",""券種"":""馬連"",""買い目"":""10 サンライズバブル - 9 ルージュボヤージュ"",""狙い"":""◎－○の本線"",""金額"":300,""予算内比率"":""15%""},{""スタイル"":""標準"",""券種"":""ワイド"",""買い目"":""10 サンライズバブル - 9 ルージュボヤージュ"",""狙い"":""◎－○の安定側"",""金額"":300,""予算内比率"":""15%""},{""スタイル"":""標準"",""券種"":""馬連"",""買い目"":""10 サンライズバブル - 7 ドナルンバ"",""狙い"":""◎－▲の押さえ"",""金額"":200,""予算内比率"":""10%""},{""スタイル"":""標準"",""券種"":""ワイド"",""買い目"":""10 サンライズバブル - 7 ドナルンバ"",""狙い"":""◎－▲"",""金額"":200,""予算内比率"":""10%""},{""スタイル"":""標準"",""券種"":""三連複"",""買い目"":""10 サンライズバブル - 9 ルージュボヤージュ - 7 ドナルンバ"",""狙い"":""◎○▲の中心"",""金額"":300,""予算内比率"":""15%""},{""スタイル"":""標準"",""券種"":""三連複"",""買い目"":""10 サンライズバブル - 9 ルージュボヤージュ - 13 ジェットブレード"",""狙い"":""◎○－△"",""金額"":200,""予算内比率"":""10%""},{""スタイル"":""標準"",""券種"":""三連複"",""買い目"":""10 サンライズバブル - 7 ドナルンバ - 12 ダノンカゼルタ"",""狙い"":""◎▲－△"",""金額"":200,""予算内比率"":""10%""}]",,,,,,,,,,,,,,,
2026-09-27|中山|10R|6da644841d07578c|morning|NA,2026-09-26T20:17:06+09:00,1.7,2026-09-27,中山,10R,茨城新聞杯,芝,2000,重,7,ドナルンバ,▲,3,0.0861708373592129,0.6339741930079422,71.00707817339425,0.0,71.00707817339425,8.5,4,,,morning,,,True,標準,2000.0,"[{""スタイル"":""標準"",""券種"":""単勝"",""買い目"":""10 サンライズバブル"",""狙い"":""◎の勝ち切り"",""金額"":300,""予算内比率"":""15%""},{""スタイル"":""標準"",""券種"":""馬連"",""買い目"":""10 サンライズバブル - 9 ルージュボヤージュ"",""狙い"":""◎－○の本線"",""金額"":300,""予算内比率"":""15%""},{""スタイル"":""標準"",""券種"":""ワイド"",""買い目"":""10 サンライズバブル - 9 ルージュボヤージュ"",""狙い"":""◎－○の安定側"",""金額"":300,""予算内比率"":""15%""},{""スタイル"":""標準"",""券種"":""馬連"",""買い目"":""10 サンライズバブル - 7 ドナルンバ"",""狙い"":""◎－▲の押さえ"",""金額"":200,""予算内比率"":""10%""},{""スタイル"":""標準"",""券種"":""ワイド"",""買い目"":""10 サンライズバブル - 7 ドナルンバ"",""狙い"":""◎－▲"",""金額"":200,""予算内比率"":""10%""},{""スタイル"":""標準"",""券種"":""三連複"",""買い目"":""10 サンライズバブル - 9 ルージュボヤージュ - 7 ドナルンバ"",""狙い"":""◎○▲の中心"",""金額"":300,""予算内比率"":""15%""},{""スタイル"":""標準"",""券種"":""三連複"",""買い目"":""10 サンライズバブル - 9 ルージュボヤージュ - 13 ジェットブレード"",""狙い"":""◎○－△"",""金額"":200,""予算内比率"":""10%""},{""スタイル"":""標準"",""券種"":""三連複"",""買い目"":""10 サンライズバブル - 7 ドナルンバ - 12 ダノンカゼルタ"",""狙い"":""◎▲－△"",""金額"":200,""予算内比率"":""10%""}]",,,,,,,,,,,,,,,
2026-09-27|中山|10R|6da644841d07578c|morning|NA,2026-09-26T20:17:06+09:00,1.7,2026-09-27,中山,10R,茨城新聞杯,芝,2000,重,8,ベネスピラ,☆,6,0.0660649908937167,0.5310715569196327,55.85693201441772,0.0,55.85693201441772,12.1,6,,,morning,,,True,標準,2000.0,"[{""スタイル"":""標準"",""券種"":""単勝"",""買い目"":""10 サンライズバブル"",""狙い"":""◎の勝ち切り"",""金額"":300,""予算内比率"":""15%""},{""スタイル"":""標準"",""券種"":""馬連"",""買い目"":""10 サンライズバブル - 9 ルージュボヤージュ"",""狙い"":""◎－○の本線"",""金額"":300,""予算内比率"":""15%""},{""スタイル"":""標準"",""券種"":""ワイド"",""買い目"":""10 サンライズバブル - 9 ルージュボヤージュ"",""狙い"":""◎－○の安定側"",""金額"":300,""予算内比率"":""15%""},{""スタイル"":""標準"",""券種"":""馬連"",""買い目"":""10 サンライズバブル - 7 ドナルンバ"",""狙い"":""◎－▲の押さえ"",""金額"":200,""予算内比率"":""10%""},{""スタイル"":""標準"",""券種"":""ワイド"",""買い目"":""10 サンライズバブル - 7 ドナルンバ"",""狙い"":""◎－▲"",""金額"":200,""予算内比率"":""10%""},{""スタイル"":""標準"",""券種"":""三連複"",""買い目"":""10 サンライズバブル - 9 ルージュボヤージュ - 7 ドナルンバ"",""狙い"":""◎○▲の中心"",""金額"":300,""予算内比率"":""15%""},{""スタイル"":""標準"",""券種"":""三連複"",""買い目"":""10 サンライズバブル - 9 ルージュボヤージュ - 13 ジェットブレード"",""狙い"":""◎○－△"",""金額"":200,""予算内比率"":""10%""},{""スタイル"":""標準"",""券種"":""三連複"",""買い目"":""10 サンライズバブル - 7 ドナルンバ - 12 ダノンカゼルタ"",""狙い"":""◎▲－△"",""金額"":200,""予算内比率"":""10%""}]",,,,,,,,,,,,,,,
2026-09-27|中山|10R|6da644841d07578c|morning|NA,2026-09-26T20:17:06+09:00,1.7,2026-09-27,中山,10R,茨城新聞杯,芝,2000,重,9,ルージュボヤージュ,○,2,0.0802467030075256,0.5972360436775076,76.81151445208671,0.0,76.81151445208671,8.2,2,,,morning,,,True,標準,2000.0,"[{""スタイル"":""標準"",""券種"":""単勝"",""買い目"":""10 サンライズバブル"",""狙い"":""◎の勝ち切り"",""金額"":300,""予算内比率"":""15%""},{""スタイル"":""標準"",""券種"":""馬連"",""買い目"":""10 サンライズバブル - 9 ルージュボヤージュ"",""狙い"":""◎－○の本線"",""金額"":300,""予算内比率"":""15%""},{""スタイル"":""標準"",""券種"":""ワイド"",""買い目"":""10 サンライズバブル - 9 ルージュボヤージュ"",""狙い"":""◎－○の安定側"",""金額"":300,""予算内比率"":""15%""},{""スタイル"":""標準"",""券種"":""馬連"",""買い目"":""10 サンライズバブル - 7 ドナルンバ"",""狙い"":""◎－▲の押さえ"",""金額"":200,""予算内比率"":""10%""},{""スタイル"":""標準"",""券種"":""ワイド"",""買い目"":""10 サンライズバブル - 7 ドナルンバ"",""狙い"":""◎－▲"",""金額"":200,""予算内比率"":""10%""},{""スタイル"":""標準"",""券種"":""三連複"",""買い目"":""10 サンライズバブル - 9 ルージュボヤージュ - 7 ドナルンバ"",""狙い"":""◎○▲の中心"",""金額"":300,""予算内比率"":""15%""},{""スタイル"":""標準"",""券種"":""三連複"",""買い目"":""10 サンライズバブル - 9 ルージュボヤージュ - 13 ジェットブレード"",""狙い"":""◎○－△"",""金額"":200,""予算内比率"":""10%""},{""スタイル"":""標準"",""券種"":""三連複"",""買い目"":""10 サンライズバブル - 7 ドナルンバ - 12 ダノンカゼルタ"",""狙い"":""◎▲－△"",""金額"":200,""予算内比率"":""10%""}]",,,,,,,,,,,,,,,
2026-09-27|中山|10R|6da644841d07578c|morning|NA,2026-09-26T20:17:06+09:00,1.7,2026-09-27,中山,10R,茨城新聞杯,芝,2000,重,10,サンライズバブル,◎,1,0.0979667495991985,0.7244643372407231,74.94351170157145,1.9500762195121943,76.89358792108365,4.8,1,,,morning,,,True,標準,2000.0,"[{""スタイル"":""標準"",""券種"":""単勝"",""買い目"":""10 サンライズバブル"",""狙い"":""◎の勝ち切り"",""金額"":300,""予算内比率"":""15%""},{""スタイル"":""標準"",""券種"":""馬連"",""買い目"":""10 サンライズバブル - 9 ルージュボヤージュ"",""狙い"":""◎－○の本線"",""金額"":300,""予算内比率"":""15%""},{""スタイル"":""標準"",""券種"":""ワイド"",""買い目"":""10 サンライズバブル - 9 ルージュボヤージュ"",""狙い"":""◎－○の安定側"",""金額"":300,""予算内比率"":""15%""},{""スタイル"":""標準"",""券種"":""馬連"",""買い目"":""10 サンライズバブル - 7 ドナルンバ"",""狙い"":""◎－▲の押さえ"",""金額"":200,""予算内比率"":""10%""},{""スタイル"":""標準"",""券種"":""ワイド"",""買い目"":""10 サンライズバブル - 7 ドナルンバ"",""狙い"":""◎－▲"",""金額"":200,""予算内比率"":""10%""},{""スタイル"":""標準"",""券種"":""三連複"",""買い目"":""10 サンライズバブル - 9 ルージュボヤージュ - 7 ドナルンバ"",""狙い"":""◎○▲の中心"",""金額"":300,""予算内比率"":""15%""},{""スタイル"":""標準"",""券種"":""三連複"",""買い目"":""10 サンライズバブル - 9 ルージュボヤージュ - 13 ジェットブレード"",""狙い"":""◎○－△"",""金額"":200,""予算内比率"":""10%""},{""スタイル"":""標準"",""券種"":""三連複"",""買い目"":""10 サンライズバブル - 7 ドナルンバ - 12 ダノンカゼルタ"",""狙い"":""◎▲－△"",""金額"":200,""予算内比率"":""10%""}]",,,,,,,,,,,,,,,
2026-09-27|中山|10R|6da644841d07578c|morning|NA,2026-09-26T20:17:06+09:00,1.7,2026-09-27,中山,10R,茨城新聞杯,芝,2000,重,11,アイキャンドウイッ,×,14,0.0498274076165025,0.3171964669156441,37.27128668344722,-0.942726480836237,36.32856020261099,29.3,13,,,morning,,,True,標準,2000.0,"[{""スタイル"":""標準"",""券種"":""単勝"",""買い目"":""10 サンライズバブル"",""狙い"":""◎の勝ち切り"",""金額"":300,""予算内比率"":""15%""},{""スタイル"":""標準"",""券種"":""馬連"",""買い目"":""10 サンライズバブル - 9 ルージュボヤージュ"",""狙い"":""◎－○の本線"",""金額"":300,""予算内比率"":""15%""},{""スタイル"":""標準"",""券種"":""ワイド"",""買い目"":""10 サンライズバブル - 9 ルージュボヤージュ"",""狙い"":""◎－○の安定側"",""金額"":300,""予算内比率"":""15%""},{""スタイル"":""標準"",""券種"":""馬連"",""買い目"":""10 サンライズバブル - 7 ドナルンバ"",""狙い"":""◎－▲の押さえ"",""金額"":200,""予算内比率"":""10%""},{""スタイル"":""標準"",""券種"":""ワイド"",""買い目"":""10 サンライズバブル - 7 ドナルンバ"",""狙い"":""◎－▲"",""金額"":200,""予算内比率"":""10%""},{""スタイル"":""標準"",""券種"":""三連複"",""買い目"":""10 サンライズバブル - 9 ルージュボヤージュ - 7 ドナルンバ"",""狙い"":""◎○▲の中心"",""金額"":300,""予算内比率"":""15%""},{""スタイル"":""標準"",""券種"":""三連複"",""買い目"":""10 サンライズバブル - 9 ルージュボヤージュ - 13 ジェットブレード"",""狙い"":""◎○－△"",""金額"":200,""予算内比率"":""10%""},{""スタイル"":""標準"",""券種"":""三連複"",""買い目"":""10 サンライズバブル - 7 ドナルンバ - 12 ダノンカゼルタ"",""狙い"":""◎▲－△"",""金額"":200,""予算内比率"":""10%""}]",,,,,,,,,,,,,,,
2026-09-27|中山|10R|6da644841d07578c|morning|NA,2026-09-26T20:17:06+09:00,1.7,2026-09-27,中山,10R,茨城新聞杯,芝,2000,重,12,ダノンカゼルタ,△,5,0.0842111107601754,0.4241206962957766,57.73415070911736,0.0,57.73415070911736,36.3,15,,,morning,,,True,標準,2000.0,"[{""スタイル"":""標準"",""券種"":""単勝"",""買い目"":""10 サンライズバブル"",""狙い"":""◎の勝ち切り"",""金額"":300,""予算内比率"":""15%""},{""スタイル"":""標準"",""券種"":""馬連"",""買い目"":""10 サンライズバブル - 9 ルージュボヤージュ"",""狙い"":""◎－○の本線"",""金額"":300,""予算内比率"":""15%""},{""スタイル"":""標準"",""券種"":""ワイド"",""買い目"":""10 サンライズバブル - 9 ルージュボヤージュ"",""狙い"":""◎－○の安定側"",""金額"":300,""予算内比率"":""15%""},{""スタイル"":""標準"",""券種"":""馬連"",""買い目"":""10 サンライズバブル - 7 ドナルンバ"",""狙い"":""◎－▲の押さえ"",""金額"":200,""予算内比率"":""10%""},{""スタイル"":""標準"",""券種"":""ワイド"",""買い目"":""10 サンライズバブル - 7 ドナルンバ"",""狙い"":""◎－▲"",""金額"":200,""予算内比率"":""10%""},{""スタイル"":""標準"",""券種"":""三連複"",""買い目"":""10 サンライズバブル - 9 ルージュボヤージュ - 7 ドナルンバ"",""狙い"":""◎○▲の中心"",""金額"":300,""予算内比率"":""15%""},{""スタイル"":""標準"",""券種"":""三連複"",""買い目"":""10 サンライズバブル - 9 ルージュボヤージュ - 13 ジェットブレード"",""狙い"":""◎○－△"",""金額"":200,""予算内比率"":""10%""},{""スタイル"":""標準"",""券種"":""三連複"",""買い目"":""10 サンライズバブル - 7 ドナルンバ - 12 ダノンカゼルタ"",""狙い"":""◎▲－△"",""金額"":200,""予算内比率"":""10%""}]",,,,,,,,,,,,,,,
2026-09-27|中山|10R|6da644841d07578c|morning|NA,2026-09-26T20:17:06+09:00,1.7,2026-09-27,中山,10R,茨城新聞杯,芝,2000,重,13,ジェットブレード,△,4,0.0648352273018354,0.482997382102587,58.96360075393563,0.0,58.96360075393563,13.1,8,,,morning,,,True,標準,2000.0,"[{""スタイル"":""標準"",""券種"":""単勝"",""買い目"":""10 サンライズバブル"",""狙い"":""◎の勝ち切り"",""金額"":300,""予算内比率"":""15%""},{""スタイル"":""標準"",""券種"":""馬連"",""買い目"":""10 サンライズバブル - 9 ルージュボヤージュ"",""狙い"":""◎－○の本線"",""金額"":300,""予算内比率"":""15%""},{""スタイル"":""標準"",""券種"":""ワイド"",""買い目"":""10 サンライズバブル - 9 ルージュボヤージュ"",""狙い"":""◎－○の安定側"",""金額"":300,""予算内比率"":""15%""},{""スタイル"":""標準"",""券種"":""馬連"",""買い目"":""10 サンライズバブル - 7 ドナルンバ"",""狙い"":""◎－▲の押さえ"",""金額"":200,""予算内比率"":""10%""},{""スタイル"":""標準"",""券種"":""ワイド"",""買い目"":""10 サンライズバブル - 7 ドナルンバ"",""狙い"":""◎－▲"",""金額"":200,""予算内比率"":""10%""},{""スタイル"":""標準"",""券種"":""三連複"",""買い目"":""10 サンライズバブル - 9 ルージュボヤージュ - 7 ドナルンバ"",""狙い"":""◎○▲の中心"",""金額"":300,""予算内比率"":""15%""},{""スタイル"":""標準"",""券種"":""三連複"",""買い目"":""10 サンライズバブル - 9 ルージュボヤージュ - 13 ジェットブレード"",""狙い"":""◎○－△"",""金額"":200,""予算内比率"":""10%""},{""スタイル"":""標準"",""券種"":""三連複"",""買い目"":""10 サンライズバブル - 7 ドナルンバ - 12 ダノンカゼルタ"",""狙い"":""◎▲－△"",""金額"":200,""予算内比率"":""10%""}]",,,,,,,,,,,,,,,
2026-09-27|中山|10R|6da644841d07578c|morning|NA,2026-09-26T20:17:06+09:00,1.7,2026-09-27,中山,10R,茨城新聞杯,芝,2000,重,14,レイヤードレッド,注,10,0.0548785848867562,0.3673403981101421,46.21657796964389,0.0,46.21657796964389,18.1,10,,,morning,,,True,標準,2000.0,"[{""スタイル"":""標準"",""券種"":""単勝"",""買い目"":""10 サンライズバブル"",""狙い"":""◎の勝ち切り"",""金額"":300,""予算内比率"":""15%""},{""スタイル"":""標準"",""券種"":""馬連"",""買い目"":""10 サンライズバブル - 9 ルージュボヤージュ"",""狙い"":""◎－○の本線"",""金額"":300,""予算内比率"":""15%""},{""スタイル"":""標準"",""券種"":""ワイド"",""買い目"":""10 サンライズバブル - 9 ルージュボヤージュ"",""狙い"":""◎－○の安定側"",""金額"":300,""予算内比率"":""15%""},{""スタイル"":""標準"",""券種"":""馬連"",""買い目"":""10 サンライズバブル - 7 ドナルンバ"",""狙い"":""◎－▲の押さえ"",""金額"":200,""予算内比率"":""10%""},{""スタイル"":""標準"",""券種"":""ワイド"",""買い目"":""10 サンライズバブル - 7 ドナルンバ"",""狙い"":""◎－▲"",""金額"":200,""予算内比率"":""10%""},{""スタイル"":""標準"",""券種"":""三連複"",""買い目"":""10 サンライズバブル - 9 ルージュボヤージュ - 7 ドナルンバ"",""狙い"":""◎○▲の中心"",""金額"":300,""予算内比率"":""15%""},{""スタイル"":""標準"",""券種"":""三連複"",""買い目"":""10 サンライズバブル - 9 ルージュボヤージュ - 13 ジェットブレード"",""狙い"":""◎○－△"",""金額"":200,""予算内比率"":""10%""},{""スタイル"":""標準"",""券種"":""三連複"",""買い目"":""10 サンライズバブル - 7 ドナルンバ - 12 ダノンカゼルタ"",""狙い"":""◎▲－△"",""金額"":200,""予算内比率"":""10%""}]",,,,,,,,,,,,,,,
2026-09-27|中山|10R|6da644841d07578c|morning|NA,2026-09-26T20:17:06+09:00,1.7,2026-09-27,中山,10R,茨城新聞杯,芝,2000,重,15,マイネルバーテクス,×,16,0.0293524222452372,0.1969706889485518,22.47778596217064,-0.942726480836237,21.5350594813344,38.1,16,,,morning,,,True,標準,2000.0,"[{""スタイル"":""標準"",""券種"":""単勝"",""買い目"":""10 サンライズバブル"",""狙い"":""◎の勝ち切り"",""金額"":300,""予算内比率"":""15%""},{""スタイル"":""標準"",""券種"":""馬連"",""買い目"":""10 サンライズバブル - 9 ルージュボヤージュ"",""狙い"":""◎－○の本線"",""金額"":300,""予算内比率"":""15%""},{""スタイル"":""標準"",""券種"":""ワイド"",""買い目"":""10 サンライズバブル - 9 ルージュボヤージュ"",""狙い"":""◎－○の安定側"",""金額"":300,""予算内比率"":""15%""},{""スタイル"":""標準"",""券種"":""馬連"",""買い目"":""10 サンライズバブル - 7 ドナルンバ"",""狙い"":""◎－▲の押さえ"",""金額"":200,""予算内比率"":""10%""},{""スタイル"":""標準"",""券種"":""ワイド"",""買い目"":""10 サンライズバブル - 7 ドナルンバ"",""狙い"":""◎－▲"",""金額"":200,""予算内比率"":""10%""},{""スタイル"":""標準"",""券種"":""三連複"",""買い目"":""10 サンライズバブル - 9 ルージュボヤージュ - 7 ドナルンバ"",""狙い"":""◎○▲の中心"",""金額"":300,""予算内比率"":""15%""},{""スタイル"":""標準"",""券種"":""三連複"",""買い目"":""10 サンライズバブル - 9 ルージュボヤージュ - 13 ジェットブレード"",""狙い"":""◎○－△"",""金額"":200,""予算内比率"":""10%""},{""スタイル"":""標準"",""券種"":""三連複"",""買い目"":""10 サンライズバブル - 7 ドナルンバ - 12 ダノンカゼルタ"",""狙い"":""◎▲－△"",""金額"":200,""予算内比率"":""10%""}]",,,,,,,,,,,,,,,
2026-09-27|中山|10R|6da644841d07578c|morning|NA,2026-09-26T20:17:06+09:00,1.7,2026-09-27,中山,10R,茨城新聞杯,芝,2000,重,16,トレミニョン,×,17,0.0136987271142291,0.1205321951026337,17.966320821337458,-0.942726480836237,17.02359434050122,47.7,17,,,morning,,,True,標準,2000.0,"[{""スタイル"":""標準"",""券種"":""単勝"",""買い目"":""10 サンライズバブル"",""狙い"":""◎の勝ち切り"",""金額"":300,""予算内比率"":""15%""},{""スタイル"":""標準"",""券種"":""馬連"",""買い目"":""10 サンライズバブル - 9 ルージュボヤージュ"",""狙い"":""◎－○の本線"",""金額"":300,""予算内比率"":""15%""},{""スタイル"":""標準"",""券種"":""ワイド"",""買い目"":""10 サンライズバブル - 9 ルージュボヤージュ"",""狙い"":""◎－○の安定側"",""金額"":300,""予算内比率"":""15%""},{""スタイル"":""標準"",""券種"":""馬連"",""買い目"":""10 サンライズバブル - 7 ドナルンバ"",""狙い"":""◎－▲の押さえ"",""金額"":200,""予算内比率"":""10%""},{""スタイル"":""標準"",""券種"":""ワイド"",""買い目"":""10 サンライズバブル - 7 ドナルンバ"",""狙い"":""◎－▲"",""金額"":200,""予算内比率"":""10%""},{""スタイル"":""標準"",""券種"":""三連複"",""買い目"":""10 サンライズバブル - 9 ルージュボヤージュ - 7 ドナルンバ"",""狙い"":""◎○▲の中心"",""金額"":300,""予算内比率"":""15%""},{""スタイル"":""標準"",""券種"":""三連複"",""買い目"":""10 サンライズバブル - 9 ルージュボヤージュ - 13 ジェットブレード"",""狙い"":""◎○－△"",""金額"":200,""予算内比率"":""10%""},{""スタイル"":""標準"",""券種"":""三連複"",""買い目"":""10 サンライズバブル - 7 ドナルンバ - 12 ダノンカゼルタ"",""狙い"":""◎▲－△"",""金額"":200,""予算内比率"":""10%""}]",,,,,,,,,,,,,,,
2026-09-27|中山|10R|6da644841d07578c|morning|NA,2026-09-26T20:17:06+09:00,1.7,2026-09-27,中山,10R,茨城新聞杯,芝,2000,重,17,マテンロウギフト,×,11,0.0469080926252107,0.2774622917880433,42.385309104293725,-0.5499237804878048,41.83538532380592,20.6,11,,,morning,,,True,標準,2000.0,"[{""スタイル"":""標準"",""券種"":""単勝"",""買い目"":""10 サンライズバブル"",""狙い"":""◎の勝ち切り"",""金額"":300,""予算内比率"":""15%""},{""スタイル"":""標準"",""券種"":""馬連"",""買い目"":""10 サンライズバブル - 9 ルージュボヤージュ"",""狙い"":""◎－○の本線"",""金額"":300,""予算内比率"":""15%""},{""スタイル"":""標準"",""券種"":""ワイド"",""買い目"":""10 サンライズバブル - 9 ルージュボヤージュ"",""狙い"":""◎－○の安定側"",""金額"":300,""予算内比率"":""15%""},{""スタイル"":""標準"",""券種"":""馬連"",""買い目"":""10 サンライズバブル - 7 ドナルンバ"",""狙い"":""◎－▲の押さえ"",""金額"":200,""予算内比率"":""10%""},{""スタイル"":""標準"",""券種"":""ワイド"",""買い目"":""10 サンライズバブル - 7 ドナルンバ"",""狙い"":""◎－▲"",""金額"":200,""予算内比率"":""10%""},{""スタイル"":""標準"",""券種"":""三連複"",""買い目"":""10 サンライズバブル - 9 ルージュボヤージュ - 7 ドナルンバ"",""狙い"":""◎○▲の中心"",""金額"":300,""予算内比率"":""15%""},{""スタイル"":""標準"",""券種"":""三連複"",""買い目"":""10 サンライズバブル - 9 ルージュボヤージュ - 13 ジェットブレード"",""狙い"":""◎○－△"",""金額"":200,""予算内比率"":""10%""},{""スタイル"":""標準"",""券種"":""三連複"",""買い目"":""10 サンライズバブル - 7 ドナルンバ - 12 ダノンカゼルタ"",""狙い"":""◎▲－△"",""金額"":200,""予算内比率"":""10%""}]",,,,,,,,,,,,,,,
2026-09-27|中山|10R|6da644841d07578c|morning|NA,2026-09-26T20:17:06+09:00,1.7,2026-09-27,中山,10R,茨城新聞杯,芝,2000,重,18,ジャンビ,×,18,0.0126216890246464,0.1057640040276184,13.31344507204527,0.0,13.31344507204527,84.8,18,,,morning,,,True,標準,2000.0,"[{""スタイル"":""標準"",""券種"":""単勝"",""買い目"":""10 サンライズバブル"",""狙い"":""◎の勝ち切り"",""金額"":300,""予算内比率"":""15%""},{""スタイル"":""標準"",""券種"":""馬連"",""買い目"":""10 サンライズバブル - 9 ルージュボヤージュ"",""狙い"":""◎－○の本線"",""金額"":300,""予算内比率"":""15%""},{""スタイル"":""標準"",""券種"":""ワイド"",""買い目"":""10 サンライズバブル - 9 ルージュボヤージュ"",""狙い"":""◎－○の安定側"",""金額"":300,""予算内比率"":""15%""},{""スタイル"":""標準"",""券種"":""馬連"",""買い目"":""10 サンライズバブル - 7 ドナルンバ"",""狙い"":""◎－▲の押さえ"",""金額"":200,""予算内比率"":""10%""},{""スタイル"":""標準"",""券種"":""ワイド"",""買い目"":""10 サンライズバブル - 7 ドナルンバ"",""狙い"":""◎－▲"",""金額"":200,""予算内比率"":""10%""},{""スタイル"":""標準"",""券種"":""三連複"",""買い目"":""10 サンライズバブル - 9 ルージュボヤージュ - 7 ドナルンバ"",""狙い"":""◎○▲の中心"",""金額"":300,""予算内比率"":""15%""},{""スタイル"":""標準"",""券種"":""三連複"",""買い目"":""10 サンライズバブル - 9 ルージュボヤージュ - 13 ジェットブレード"",""狙い"":""◎○－△"",""金額"":200,""予算内比率"":""10%""},{""スタイル"":""標準"",""券種"":""三連複"",""買い目"":""10 サンライズバブル - 7 ドナルンバ - 12 ダノンカゼルタ"",""狙い"":""◎▲－△"",""金額"":200,""予算内比率"":""10%""}]",,,,,,,,,,,,,,,
2026-09-27|中山|11R|a6ff73b62e97f6df|morning|NA,2026-09-26T20:17:07+09:00,1.7,2026-09-27,中山,11R,スプリンターズS,芝,1200,重,1,レッドモンレーヴ,×,16,0.0268991675041173,0.2360478350716461,22.949583593267725,0.0,22.949583593267725,32.6,14,,,morning,,,True,標準,2000.0,"[{""スタイル"":""標準"",""券種"":""単勝"",""買い目"":""9 スターアニス"",""狙い"":""◎の勝ち切り"",""金額"":300,""予算内比率"":""15%""},{""スタイル"":""標準"",""券種"":""馬連"",""買い目"":""9 スターアニス - 15 フリッカージャブ"",""狙い"":""◎－○の本線"",""金額"":300,""予算内比率"":""15%""},{""スタイル"":""標準"",""券種"":""ワイド"",""買い目"":""9 スターアニス - 15 フリッカージャブ"",""狙い"":""◎－○の安定側"",""金額"":300,""予算内比率"":""15%""},{""スタイル"":""標準"",""券種"":""馬連"",""買い目"":""9 スターアニス - 13 パンジャタワー"",""狙い"":""◎－▲の押さえ"",""金額"":200,""予算内比率"":""10%""},{""スタイル"":""標準"",""券種"":""ワイド"",""買い目"":""9 スターアニス - 13 パンジャタワー"",""狙い"":""◎－▲"",""金額"":200,""予算内比率"":""10%""},{""スタイル"":""標準"",""券種"":""三連複"",""買い目"":""9 スターアニス - 15 フリッカージャブ - 13 パンジャタワー"",""狙い"":""◎○▲の中心"",""金額"":300,""予算内比率"":""15%""},{""スタイル"":""標準"",""券種"":""三連複"",""買い目"":""9 スターアニス - 15 フリッカージャブ - 6 ワールズエンド"",""狙い"":""◎○－△"",""金額"":200,""予算内比率"":""10%""},{""スタイル"":""標準"",""券種"":""三連複"",""買い目"":""9 スターアニス - 13 パンジャタワー - 16 ピューロマジック"",""狙い"":""◎▲－△"",""金額"":200,""予算内比率"":""10%""}]",,,,,,,,,,,,,,,
2026-09-27|中山|11R|a6ff73b62e97f6df|morning|NA,2026-09-26T20:17:07+09:00,1.7,2026-09-27,中山,11R,スプリンターズS,芝,1200,重,2,アイサンサン,×,13,0.0347684389731574,0.2120749363687341,27.134375405263807,0.0,27.134375405263807,50.5,15,,,morning,,,True,標準,2000.0,"[{""スタイル"":""標準"",""券種"":""単勝"",""買い目"":""9 スターアニス"",""狙い"":""◎の勝ち切り"",""金額"":300,""予算内比率"":""15%""},{""スタイル"":""標準"",""券種"":""馬連"",""買い目"":""9 スターアニス - 15 フリッカージャブ"",""狙い"":""◎－○の本線"",""金額"":300,""予算内比率"":""15%""},{""スタイル"":""標準"",""券種"":""ワイド"",""買い目"":""9 スターアニス - 15 フリッカージャブ"",""狙い"":""◎－○の安定側"",""金額"":300,""予算内比率"":""15%""},{""スタイル"":""標準"",""券種"":""馬連"",""買い目"":""9 スターアニス - 13 パンジャタワー"",""狙い"":""◎－▲の押さえ"",""金額"":200,""予算内比率"":""10%""},{""スタイル"":""標準"",""券種"":""ワイド"",""買い目"":""9 スターアニス - 13 パンジャタワー"",""狙い"":""◎－▲"",""金額"":200,""予算内比率"":""10%""},{""スタイル"":""標準"",""券種"":""三連複"",""買い目"":""9 スターアニス - 15 フリッカージャブ - 13 パンジャタワー"",""狙い"":""◎○▲の中心"",""金額"":300,""予算内比率"":""15%""},{""スタイル"":""標準"",""券種"":""三連複"",""買い目"":""9 スターアニス - 15 フリッカージャブ - 6 ワールズエンド"",""狙い"":""◎○－△"",""金額"":200,""予算内比率"":""10%""},{""スタイル"":""標準"",""券種"":""三連複"",""買い目"":""9 スターアニス - 13 パンジャタワー - 16 ピューロマジック"",""狙い"":""◎▲－△"",""金額"":200,""予算内比率"":""10%""}]",,,,,,,,,,,,,,,
2026-09-27|中山|11R|a6ff73b62e97f6df|morning|NA,2026-09-26T20:17:07+09:00,1.7,2026-09-27,中山,11R,スプリンターズS,芝,1200,重,3,ママコチャ,☆,7,0.0613351367254929,0.4175222859236199,52.41575564501005,-0.5499237804878048,51.86583186452224,16.9,8,,,morning,,,True,標準,2000.0,"[{""スタイル"":""標準"",""券種"":""単勝"",""買い目"":""9 スターアニス"",""狙い"":""◎の勝ち切り"",""金額"":300,""予算内比率"":""15%""},{""スタイル"":""標準"",""券種"":""馬連"",""買い目"":""9 スターアニス - 15 フリッカージャブ"",""狙い"":""◎－○の本線"",""金額"":300,""予算内比率"":""15%""},{""スタイル"":""標準"",""券種"":""ワイド"",""買い目"":""9 スターアニス - 15 フリッカージャブ"",""狙い"":""◎－○の安定側"",""金額"":300,""予算内比率"":""15%""},{""スタイル"":""標準"",""券種"":""馬連"",""買い目"":""9 スターアニス - 13 パンジャタワー"",""狙い"":""◎－▲の押さえ"",""金額"":200,""予算内比率"":""10%""},{""スタイル"":""標準"",""券種"":""ワイド"",""買い目"":""9 スターアニス - 13 パンジャタワー"",""狙い"":""◎－▲"",""金額"":200,""予算内比率"":""10%""},{""スタイル"":""標準"",""券種"":""三連複"",""買い目"":""9 スターアニス - 15 フリッカージャブ - 13 パンジャタワー"",""狙い"":""◎○▲の中心"",""金額"":300,""予算内比率"":""15%""},{""スタイル"":""標準"",""券種"":""三連複"",""買い目"":""9 スターアニス - 15 フリッカージャブ - 6 ワールズエンド"",""狙い"":""◎○－△"",""金額"":200,""予算内比率"":""10%""},{""スタイル"":""標準"",""券種"":""三連複"",""買い目"":""9 スターアニス - 13 パンジャタワー - 16 ピューロマジック"",""狙い"":""◎▲－△"",""金額"":200,""予算内比率"":""10%""}]",,,,,,,,,,,,,,,
2026-09-27|中山|11R|a6ff73b62e97f6df|morning|NA,2026-09-26T20:17:07+09:00,1.7,2026-09-27,中山,11R,スプリンターズS,芝,1200,重,4,ジューンブレア,×,11,0.028440988848716,0.249954970055743,36.1119255856049,0.0,36.1119255856049,29.7,12,,,morning,,,True,標準,2000.0,"[{""スタイル"":""標準"",""券種"":""単勝"",""買い目"":""9 スターアニス"",""狙い"":""◎の勝ち切り"",""金額"":300,""予算内比率"":""15%""},{""スタイル"":""標準"",""券種"":""馬連"",""買い目"":""9 スターアニス - 15 フリッカージャブ"",""狙い"":""◎－○の本線"",""金額"":300,""予算内比率"":""15%""},{""スタイル"":""標準"",""券種"":""ワイド"",""買い目"":""9 スターアニス - 15 フリッカージャブ"",""狙い"":""◎－○の安定側"",""金額"":300,""予算内比率"":""15%""},{""スタイル"":""標準"",""券種"":""馬連"",""買い目"":""9 スターアニス - 13 パンジャタワー"",""狙い"":""◎－▲の押さえ"",""金額"":200,""予算内比率"":""10%""},{""スタイル"":""標準"",""券種"":""ワイド"",""買い目"":""9 スターアニス - 13 パンジャタワー"",""狙い"":""◎－▲"",""金額"":200,""予算内比率"":""10%""},{""スタイル"":""標準"",""券種"":""三連複"",""買い目"":""9 スターアニス - 15 フリッカージャブ - 13 パンジャタワー"",""狙い"":""◎○▲の中心"",""金額"":300,""予算内比率"":""15%""},{""スタイル"":""標準"",""券種"":""三連複"",""買い目"":""9 スターアニス - 15 フリッカージャブ - 6 ワールズエンド"",""狙い"":""◎○－△"",""金額"":200,""予算内比率"":""10%""},{""スタイル"":""標準"",""券種"":""三連複"",""買い目"":""9 スターアニス - 13 パンジャタワー - 16 ピューロマジック"",""狙い"":""◎▲－△"",""金額"":200,""予算内比率"":""10%""}]",,,,,,,,,,,,,,,
2026-09-27|中山|11R|a6ff73b62e97f6df|morning|NA,2026-09-26T20:17:07+09:00,1.7,2026-09-27,中山,11R,スプリンターズS,芝,1200,重,5,サウンドモリアーナ,×,14,0.0279925262253049,0.168612564724898,25.90897542673235,0.0,25.90897542673235,27.3,11,,,morning,,,True,標準,2000.0,"[{""スタイル"":""標準"",""券種"":""単勝"",""買い目"":""9 スターアニス"",""狙い"":""◎の勝ち切り"",""金額"":300,""予算内比率"":""15%""},{""スタイル"":""標準"",""券種"":""馬連"",""買い目"":""9 スターアニス - 15 フリッカージャブ"",""狙い"":""◎－○の本線"",""金額"":300,""予算内比率"":""15%""},{""スタイル"":""標準"",""券種"":""ワイド"",""買い目"":""9 スターアニス - 15 フリッカージャブ"",""狙い"":""◎－○の安定側"",""金額"":300,""予算内比率"":""15%""},{""スタイル"":""標準"",""券種"":""馬連"",""買い目"":""9 スターアニス - 13 パンジャタワー"",""狙い"":""◎－▲の押さえ"",""金額"":200,""予算内比率"":""10%""},{""スタイル"":""標準"",""券種"":""ワイド"",""買い目"":""9 スターアニス - 13 パンジャタワー"",""狙い"":""◎－▲"",""金額"":200,""予算内比率"":""10%""},{""スタイル"":""標準"",""券種"":""三連複"",""買い目"":""9 スターアニス - 15 フリッカージャブ - 13 パンジャタワー"",""狙い"":""◎○▲の中心"",""金額"":300,""予算内比率"":""15%""},{""スタイル"":""標準"",""券種"":""三連複"",""買い目"":""9 スターアニス - 15 フリッカージャブ - 6 ワールズエンド"",""狙い"":""◎○－△"",""金額"":200,""予算内比率"":""10%""},{""スタイル"":""標準"",""券種"":""三連複"",""買い目"":""9 スターアニス - 13 パンジャタワー - 16 ピューロマジック"",""狙い"":""◎▲－△"",""金額"":200,""予算内比率"":""10%""}]",,,,,,,,,,,,,,,
2026-09-27|中山|11R|a6ff73b62e97f6df|morning|NA,2026-09-26T20:17:07+09:00,1.7,2026-09-27,中山,11R,スプリンターズS,芝,1200,重,6,ワールズエンド,△,4,0.0913240244932308,0.5369634191985456,61.97859556148133,1.9500762195121943,63.928671780993525,11.6,5,,,morning,,,True,標準,2000.0,"[{""スタイル"":""標準"",""券種"":""単勝"",""買い目"":""9 スターアニス"",""狙い"":""◎の勝ち切り"",""金額"":300,""予算内比率"":""15%""},{""スタイル"":""標準"",""券種"":""馬連"",""買い目"":""9 スターアニス - 15 フリッカージャブ"",""狙い"":""◎－○の本線"",""金額"":300,""予算内比率"":""15%""},{""スタイル"":""標準"",""券種"":""ワイド"",""買い目"":""9 スターアニス - 15 フリッカージャブ"",""狙い"":""◎－○の安定側"",""金額"":300,""予算内比率"":""15%""},{""スタイル"":""標準"",""券種"":""馬連"",""買い目"":""9 スターアニス - 13 パンジャタワー"",""狙い"":""◎－▲の押さえ"",""金額"":200,""予算内比率"":""10%""},{""スタイル"":""標準"",""券種"":""ワイド"",""買い目"":""9 スターアニス - 13 パンジャタワー"",""狙い"":""◎－▲"",""金額"":200,""予算内比率"":""10%""},{""スタイル"":""標準"",""券種"":""三連複"",""買い目"":""9 スターアニス - 15 フリッカージャブ - 13 パンジャタワー"",""狙い"":""◎○▲の中心"",""金額"":300,""予算内比率"":""15%""},{""スタイル"":""標準"",""券種"":""三連複"",""買い目"":""9 スターアニス - 15 フリッカージャブ - 6 ワールズエンド"",""狙い"":""◎○－△"",""金額"":200,""予算内比率"":""10%""},{""スタイル"":""標準"",""券種"":""三連複"",""買い目"":""9 スターアニス - 13 パンジャタワー - 16 ピューロマジック"",""狙い"":""◎▲－△"",""金額"":200,""予算内比率"":""10%""}]",,,,,,,,,,,,,,,
2026-09-27|中山|11R|a6ff73b62e97f6df|morning|NA,2026-09-26T20:17:07+09:00,1.7,2026-09-27,中山,11R,スプリンターズS,芝,1200,重,7,ペアポルックス,×,12,0.0447553312990889,0.2856179925904899,30.836347763246174,0.0,30.836347763246174,30.7,13,,,morning,,,True,標準,2000.0,"[{""スタイル"":""標準"",""券種"":""単勝"",""買い目"":""9 スターアニス"",""狙い"":""◎の勝ち切り"",""金額"":300,""予算内比率"":""15%""},{""スタイル"":""標準"",""券種"":""馬連"",""買い目"":""9 スターアニス - 15 フリッカージャブ"",""狙い"":""◎－○の本線"",""金額"":300,""予算内比率"":""15%""},{""スタイル"":""標準"",""券種"":""ワイド"",""買い目"":""9 スターアニス - 15 フリッカージャブ"",""狙い"":""◎－○の安定側"",""金額"":300,""予算内比率"":""15%""},{""スタイル"":""標準"",""券種"":""馬連"",""買い目"":""9 スターアニス - 13 パンジャタワー"",""狙い"":""◎－▲の押さえ"",""金額"":200,""予算内比率"":""10%""},{""スタイル"":""標準"",""券種"":""ワイド"",""買い目"":""9 スターアニス - 13 パンジャタワー"",""狙い"":""◎－▲"",""金額"":200,""予算内比率"":""10%""},{""スタイル"":""標準"",""券種"":""三連複"",""買い目"":""9 スターアニス - 15 フリッカージャブ - 13 パンジャタワー"",""狙い"":""◎○▲の中心"",""金額"":300,""予算内比率"":""15%""},{""スタイル"":""標準"",""券種"":""三連複"",""買い目"":""9 スターアニス - 15 フリッカージャブ - 6 ワールズエンド"",""狙い"":""◎○－△"",""金額"":200,""予算内比率"":""10%""},{""スタイル"":""標準"",""券種"":""三連複"",""買い目"":""9 スターアニス - 13 パンジャタワー - 16 ピューロマジック"",""狙い"":""◎▲－△"",""金額"":200,""予算内比率"":""10%""}]",,,,,,,,,,,,,,,
2026-09-27|中山|11R|a6ff73b62e97f6df|morning|NA,2026-09-26T20:17:07+09:00,1.7,2026-09-27,中山,11R,スプリンターズS,芝,1200,重,8,エーティーマクフィ,注,10,0.0484112263306237,0.3182690799897101,39.57619581295055,0.0,39.57619581295055,22.0,10,,,morning,,,True,標準,2000.0,"[{""スタイル"":""標準"",""券種"":""単勝"",""買い目"":""9 スターアニス"",""狙い"":""◎の勝ち切り"",""金額"":300,""予算内比率"":""15%""},{""スタイル"":""標準"",""券種"":""馬連"",""買い目"":""9 スターアニス - 15 フリッカージャブ"",""狙い"":""◎－○の本線"",""金額"":300,""予算内比率"":""15%""},{""スタイル"":""標準"",""券種"":""ワイド"",""買い目"":""9 スターアニス - 15 フリッカージャブ"",""狙い"":""◎－○の安定側"",""金額"":300,""予算内比率"":""15%""},{""スタイル"":""標準"",""券種"":""馬連"",""買い目"":""9 スターアニス - 13 パンジャタワー"",""狙い"":""◎－▲の押さえ"",""金額"":200,""予算内比率"":""10%""},{""スタイル"":""標準"",""券種"":""ワイド"",""買い目"":""9 スターアニス - 13 パンジャタワー"",""狙い"":""◎－▲"",""金額"":200,""予算内比率"":""10%""},{""スタイル"":""標準"",""券種"":""三連複"",""買い目"":""9 スターアニス - 15 フリッカージャブ - 13 パンジャタワー"",""狙い"":""◎○▲の中心"",""金額"":300,""予算内比率"":""15%""},{""スタイル"":""標準"",""券種"":""三連複"",""買い目"":""9 スターアニス - 15 フリッカージャブ - 6 ワールズエンド"",""狙い"":""◎○－△"",""金額"":200,""予算内比率"":""10%""},{""スタイル"":""標準"",""券種"":""三連複"",""買い目"":""9 スターアニス - 13 パンジャタワー - 16 ピューロマジック"",""狙い"":""◎▲－△"",""金額"":200,""予算内比率"":""10%""}]",,,,,,,,,,,,,,,
2026-09-27|中山|11R|a6ff73b62e97f6df|morning|NA,2026-09-26T20:17:07+09:00,1.7,2026-09-27,中山,11R,スプリンターズS,芝,1200,重,9,スターアニス,◎,1,0.112285099026663,0.761829529936084,83.35027035141964,0.0,83.35027035141964,4.0,1,,,morning,,,True,標準,2000.0,"[{""スタイル"":""標準"",""券種"":""単勝"",""買い目"":""9 スターアニス"",""狙い"":""◎の勝ち切り"",""金額"":300,""予算内比率"":""15%""},{""スタイル"":""標準"",""券種"":""馬連"",""買い目"":""9 スターアニス - 15 フリッカージャブ"",""狙い"":""◎－○の本線"",""金額"":300,""予算内比率"":""15%""},{""スタイル"":""標準"",""券種"":""ワイド"",""買い目"":""9 スターアニス - 15 フリッカージャブ"",""狙い"":""◎－○の安定側"",""金額"":300,""予算内比率"":""15%""},{""スタイル"":""標準"",""券種"":""馬連"",""買い目"":""9 スターアニス - 13 パンジャタワー"",""狙い"":""◎－▲の押さえ"",""金額"":200,""予算内比率"":""10%""},{""スタイル"":""標準"",""券種"":""ワイド"",""買い目"":""9 スターアニス - 13 パンジャタワー"",""狙い"":""◎－▲"",""金額"":200,""予算内比率"":""10%""},{""スタイル"":""標準"",""券種"":""三連複"",""買い目"":""9 スターアニス - 15 フリッカージャブ - 13 パンジャタワー"",""狙い"":""◎○▲の中心"",""金額"":300,""予算内比率"":""15%""},{""スタイル"":""標準"",""券種"":""三連複"",""買い目"":""9 スターアニス - 15 フリッカージャブ - 6 ワールズエンド"",""狙い"":""◎○－△"",""金額"":200,""予算内比率"":""10%""},{""スタイル"":""標準"",""券種"":""三連複"",""買い目"":""9 スターアニス - 13 パンジャタワー - 16 ピューロマジック"",""狙い"":""◎▲－△"",""金額"":200,""予算内比率"":""10%""}]",,,,,,,,,,,,,,,
2026-09-27|中山|11R|a6ff73b62e97f6df|morning|NA,2026-09-26T20:17:07+09:00,1.7,2026-09-27,中山,11R,スプリンターズS,芝,1200,重,10,レイピア,☆,6,0.0679662303365862,0.4637701684465206,53.53695462773127,1.2001306620209058,54.73708528975217,16.8,7,,,morning,,,True,標準,2000.0,"[{""スタイル"":""標準"",""券種"":""単勝"",""買い目"":""9 スターアニス"",""狙い"":""◎の勝ち切り"",""金額"":300,""予算内比率"":""15%""},{""スタイル"":""標準"",""券種"":""馬連"",""買い目"":""9 スターアニス - 15 フリッカージャブ"",""狙い"":""◎－○の本線"",""金額"":300,""予算内比率"":""15%""},{""スタイル"":""標準"",""券種"":""ワイド"",""買い目"":""9 スターアニス - 15 フリッカージャブ"",""狙い"":""◎－○の安定側"",""金額"":300,""予算内比率"":""15%""},{""スタイル"":""標準"",""券種"":""馬連"",""買い目"":""9 スターアニス - 13 パンジャタワー"",""狙い"":""◎－▲の押さえ"",""金額"":200,""予算内比率"":""10%""},{""スタイル"":""標準"",""券種"":""ワイド"",""買い目"":""9 スターアニス - 13 パンジャタワー"",""狙い"":""◎－▲"",""金額"":200,""予算内比率"":""10%""},{""スタイル"":""標準"",""券種"":""三連複"",""買い目"":""9 スターアニス - 15 フリッカージャブ - 13 パンジャタワー"",""狙い"":""◎○▲の中心"",""金額"":300,""予算内比率"":""15%""},{""スタイル"":""標準"",""券種"":""三連複"",""買い目"":""9 スターアニス - 15 フリッカージャブ - 6 ワールズエンド"",""狙い"":""◎○－△"",""金額"":200,""予算内比率"":""10%""},{""スタイル"":""標準"",""券種"":""三連複"",""買い目"":""9 スターアニス - 13 パンジャタワー - 16 ピューロマジック"",""狙い"":""◎▲－△"",""金額"":200,""予算内比率"":""10%""}]",,,,,,,,,,,,,,,
2026-09-27|中山|11R|a6ff73b62e97f6df|morning|NA,2026-09-26T20:17:07+09:00,1.7,2026-09-27,中山,11R,スプリンターズS,芝,1200,重,11,ルガル,注,9,0.0714804185940667,0.4352183198684745,50.485045062753,-0.5499237804878048,49.93512128226519,9.4,4,,,morning,,,True,標準,2000.0,"[{""スタイル"":""標準"",""券種"":""単勝"",""買い目"":""9 スターアニス"",""狙い"":""◎の勝ち切り"",""金額"":300,""予算内比率"":""15%""},{""スタイル"":""標準"",""券種"":""馬連"",""買い目"":""9 スターアニス - 15 フリッカージャブ"",""狙い"":""◎－○の本線"",""金額"":300,""予算内比率"":""15%""},{""スタイル"":""標準"",""券種"":""ワイド"",""買い目"":""9 スターアニス - 15 フリッカージャブ"",""狙い"":""◎－○の安定側"",""金額"":300,""予算内比率"":""15%""},{""スタイル"":""標準"",""券種"":""馬連"",""買い目"":""9 スターアニス - 13 パンジャタワー"",""狙い"":""◎－▲の押さえ"",""金額"":200,""予算内比率"":""10%""},{""スタイル"":""標準"",""券種"":""ワイド"",""買い目"":""9 スターアニス - 13 パンジャタワー"",""狙い"":""◎－▲"",""金額"":200,""予算内比率"":""10%""},{""スタイル"":""標準"",""券種"":""三連複"",""買い目"":""9 スターアニス - 15 フリッカージャブ - 13 パンジャタワー"",""狙い"":""◎○▲の中心"",""金額"":300,""予算内比率"":""15%""},{""スタイル"":""標準"",""券種"":""三連複"",""買い目"":""9 スターアニス - 15 フリッカージャブ - 6 ワールズエンド"",""狙い"":""◎○－△"",""金額"":200,""予算内比率"":""10%""},{""スタイル"":""標準"",""券種"":""三連複"",""買い目"":""9 スターアニス - 13 パンジャタワー - 16 ピューロマジック"",""狙い"":""◎▲－△"",""金額"":200,""予算内比率"":""10%""}]",,,,,,,,,,,,,,,
2026-09-27|中山|11R|a6ff73b62e97f6df|morning|NA,2026-09-26T20:17:07+09:00,1.7,2026-09-27,中山,11R,スプリンターズS,芝,1200,重,12,ブラックチャリス,×,15,0.0172353281623734,0.1815689065381906,24.29866357110969,0.0,24.29866357110969,60.9,16,,,morning,,,True,標準,2000.0,"[{""スタイル"":""標準"",""券種"":""単勝"",""買い目"":""9 スターアニス"",""狙い"":""◎の勝ち切り"",""金額"":300,""予算内比率"":""15%""},{""スタイル"":""標準"",""券種"":""馬連"",""買い目"":""9 スターアニス - 15 フリッカージャブ"",""狙い"":""◎－○の本線"",""金額"":300,""予算内比率"":""15%""},{""スタイル"":""標準"",""券種"":""ワイド"",""買い目"":""9 スターアニス - 15 フリッカージャブ"",""狙い"":""◎－○の安定側"",""金額"":300,""予算内比率"":""15%""},{""スタイル"":""標準"",""券種"":""馬連"",""買い目"":""9 スターアニス - 13 パンジャタワー"",""狙い"":""◎－▲の押さえ"",""金額"":200,""予算内比率"":""10%""},{""スタイル"":""標準"",""券種"":""ワイド"",""買い目"":""9 スターアニス - 13 パンジャタワー"",""狙い"":""◎－▲"",""金額"":200,""予算内比率"":""10%""},{""スタイル"":""標準"",""券種"":""三連複"",""買い目"":""9 スターアニス - 15 フリッカージャブ - 13 パンジャタワー"",""狙い"":""◎○▲の中心"",""金額"":300,""予算内比率"":""15%""},{""スタイル"":""標準"",""券種"":""三連複"",""買い目"":""9 スターアニス - 15 フリッカージャブ - 6 ワールズエンド"",""狙い"":""◎○－△"",""金額"":200,""予算内比率"":""10%""},{""スタイル"":""標準"",""券種"":""三連複"",""買い目"":""9 スターアニス - 13 パンジャタワー - 16 ピューロマジック"",""狙い"":""◎▲－△"",""金額"":200,""予算内比率"":""10%""}]",,,,,,,,,,,,,,,
2026-09-27|中山|11R|a6ff73b62e97f6df|morning|NA,2026-09-26T20:17:07+09:00,1.7,2026-09-27,中山,11R,スプリンターズS,芝,1200,重,13,パンジャタワー,▲,3,0.0897612220771448,0.6508532759923579,68.72944926110726,0.0,68.72944926110726,5.4,2,,,morning,,,True,標準,2000.0,"[{""スタイル"":""標準"",""券種"":""単勝"",""買い目"":""9 スターアニス"",""狙い"":""◎の勝ち切り"",""金額"":300,""予算内比率"":""15%""},{""スタイル"":""標準"",""券種"":""馬連"",""買い目"":""9 スターアニス - 15 フリッカージャブ"",""狙い"":""◎－○の本線"",""金額"":300,""予算内比率"":""15%""},{""スタイル"":""標準"",""券種"":""ワイド"",""買い目"":""9 スターアニス - 15 フリッカージャブ"",""狙い"":""◎－○の安定側"",""金額"":300,""予算内比率"":""15%""},{""スタイル"":""標準"",""券種"":""馬連"",""買い目"":""9 スターアニス - 13 パンジャタワー"",""狙い"":""◎－▲の押さえ"",""金額"":200,""予算内比率"":""10%""},{""スタイル"":""標準"",""券種"":""ワイド"",""買い目"":""9 スターアニス - 13 パンジャタワー"",""狙い"":""◎－▲"",""金額"":200,""予算内比率"":""10%""},{""スタイル"":""標準"",""券種"":""三連複"",""買い目"":""9 スターアニス - 15 フリッカージャブ - 13 パンジャタワー"",""狙い"":""◎○▲の中心"",""金額"":300,""予算内比率"":""15%""},{""スタイル"":""標準"",""券種"":""三連複"",""買い目"":""9 スターアニス - 15 フリッカージャブ - 6 ワールズエンド"",""狙い"":""◎○－△"",""金額"":200,""予算内比率"":""10%""},{""スタイル"":""標準"",""券種"":""三連複"",""買い目"":""9 スターアニス - 13 パンジャタワー - 16 ピューロマジック"",""狙い"":""◎▲－△"",""金額"":200,""予算内比率"":""10%""}]",,,,,,,,,,,,,,,
2026-09-27|中山|11R|a6ff73b62e97f6df|morning|NA,2026-09-26T20:17:07+09:00,1.7,2026-09-27,中山,11R,スプリンターズS,芝,1200,重,14,ウインカーネリアン,注,8,0.0651026663513332,0.4191088480424328,51.40287269703937,-0.942726480836237,50.460146216203135,11.7,6,,,morning,,,True,標準,2000.0,"[{""スタイル"":""標準"",""券種"":""単勝"",""買い目"":""9 スターアニス"",""狙い"":""◎の勝ち切り"",""金額"":300,""予算内比率"":""15%""},{""スタイル"":""標準"",""券種"":""馬連"",""買い目"":""9 スターアニス - 15 フリッカージャブ"",""狙い"":""◎－○の本線"",""金額"":300,""予算内比率"":""15%""},{""スタイル"":""標準"",""券種"":""ワイド"",""買い目"":""9 スターアニス - 15 フリッカージャブ"",""狙い"":""◎－○の安定側"",""金額"":300,""予算内比率"":""15%""},{""スタイル"":""標準"",""券種"":""馬連"",""買い目"":""9 スターアニス - 13 パンジャタワー"",""狙い"":""◎－▲の押さえ"",""金額"":200,""予算内比率"":""10%""},{""スタイル"":""標準"",""券種"":""ワイド"",""買い目"":""9 スターアニス - 13 パンジャタワー"",""狙い"":""◎－▲"",""金額"":200,""予算内比率"":""10%""},{""スタイル"":""標準"",""券種"":""三連複"",""買い目"":""9 スターアニス - 15 フリッカージャブ - 13 パンジャタワー"",""狙い"":""◎○▲の中心"",""金額"":300,""予算内比率"":""15%""},{""スタイル"":""標準"",""券種"":""三連複"",""買い目"":""9 スターアニス - 15 フリッカージャブ - 6 ワールズエンド"",""狙い"":""◎○－△"",""金額"":200,""予算内比率"":""10%""},{""スタイル"":""標準"",""券種"":""三連複"",""買い目"":""9 スターアニス - 13 パンジャタワー - 16 ピューロマジック"",""狙い"":""◎▲－△"",""金額"":200,""予算内比率"":""10%""}]",,,,,,,,,,,,,,,
2026-09-27|中山|11R|a6ff73b62e97f6df|morning|NA,2026-09-26T20:17:07+09:00,1.7,2026-09-27,中山,11R,スプリンターズS,芝,1200,重,15,フリッカージャブ,○,2,0.1155577137705474,0.7337014571987448,80.68507285993724,0.0,80.68507285993724,6.5,3,,,morning,,,True,標準,2000.0,"[{""スタイル"":""標準"",""券種"":""単勝"",""買い目"":""9 スターアニス"",""狙い"":""◎の勝ち切り"",""金額"":300,""予算内比率"":""15%""},{""スタイル"":""標準"",""券種"":""馬連"",""買い目"":""9 スターアニス - 15 フリッカージャブ"",""狙い"":""◎－○の本線"",""金額"":300,""予算内比率"":""15%""},{""スタイル"":""標準"",""券種"":""ワイド"",""買い目"":""9 スターアニス - 15 フリッカージャブ"",""狙い"":""◎－○の安定側"",""金額"":300,""予算内比率"":""15%""},{""スタイル"":""標準"",""券種"":""馬連"",""買い目"":""9 スターアニス - 13 パンジャタワー"",""狙い"":""◎－▲の押さえ"",""金額"":200,""予算内比率"":""10%""},{""スタイル"":""標準"",""券種"":""ワイド"",""買い目"":""9 スターアニス - 13 パンジャタワー"",""狙い"":""◎－▲"",""金額"":200,""予算内比率"":""10%""},{""スタイル"":""標準"",""券種"":""三連複"",""買い目"":""9 スターアニス - 15 フリッカージャブ - 13 パンジャタワー"",""狙い"":""◎○▲の中心"",""金額"":300,""予算内比率"":""15%""},{""スタイル"":""標準"",""券種"":""三連複"",""買い目"":""9 スターアニス - 15 フリッカージャブ - 6 ワールズエンド"",""狙い"":""◎○－△"",""金額"":200,""予算内比率"":""10%""},{""スタイル"":""標準"",""券種"":""三連複"",""買い目"":""9 スターアニス - 13 パンジャタワー - 16 ピューロマジック"",""狙い"":""◎▲－△"",""金額"":200,""予算内比率"":""10%""}]",,,,,,,,,,,,,,,
2026-09-27|中山|11R|a6ff73b62e97f6df|morning|NA,2026-09-26T20:17:07+09:00,1.7,2026-09-27,中山,11R,スプリンターズS,芝,1200,重,16,ピューロマジック,△,5,0.0966844812815525,0.5288153773169897,53.03621449733299,2.4,55.43621449733299,18.1,9,,,morning,,,True,標準,2000.0,"[{""スタイル"":""標準"",""券種"":""単勝"",""買い目"":""9 スターアニス"",""狙い"":""◎の勝ち切り"",""金額"":300,""予算内比率"":""15%""},{""スタイル"":""標準"",""券種"":""馬連"",""買い目"":""9 スターアニス - 15 フリッカージャブ"",""狙い"":""◎－○の本線"",""金額"":300,""予算内比率"":""15%""},{""スタイル"":""標準"",""券種"":""ワイド"",""買い目"":""9 スターアニス - 15 フリッカージャブ"",""狙い"":""◎－○の安定側"",""金額"":300,""予算内比率"":""15%""},{""スタイル"":""標準"",""券種"":""馬連"",""買い目"":""9 スターアニス - 13 パンジャタワー"",""狙い"":""◎－▲の押さえ"",""金額"":200,""予算内比率"":""10%""},{""スタイル"":""標準"",""券種"":""ワイド"",""買い目"":""9 スターアニス - 13 パンジャタワー"",""狙い"":""◎－▲"",""金額"":200,""予算内比率"":""10%""},{""スタイル"":""標準"",""券種"":""三連複"",""買い目"":""9 スターアニス - 15 フリッカージャブ - 13 パンジャタワー"",""狙い"":""◎○▲の中心"",""金額"":300,""予算内比率"":""15%""},{""スタイル"":""標準"",""券種"":""三連複"",""買い目"":""9 スターアニス - 15 フリッカージャブ - 6 ワールズエンド"",""狙い"":""◎○－△"",""金額"":200,""予算内比率"":""10%""},{""スタイル"":""標準"",""券種"":""三連複"",""買い目"":""9 スターアニス - 13 パンジャタワー - 16 ピューロマジック"",""狙い"":""◎▲－△"",""金額"":200,""予算内比率"":""10%""}]",,,,,,,,,,,,,,,
2026-09-27|中山|12R|867ebc651b21ad93|morning|NA,2026-09-26T20:17:08+09:00,1.7,2026-09-27,中山,12R,外房S,ダート,1200,重,1,アイアムユウシュン,注,10,0.04107595445717,0.2920233931635165,32.44313344700071,-0.5271398747390399,31.915993572261677,24.2,12,,,morning,,,True,標準,2000.0,"[{""スタイル"":""標準"",""券種"":""単勝"",""買い目"":""2 ローズカリス"",""狙い"":""◎の勝ち切り"",""金額"":300,""予算内比率"":""15%""},{""スタイル"":""標準"",""券種"":""馬連"",""買い目"":""2 ローズカリス - 12 ボディブロー"",""狙い"":""◎－○の本線"",""金額"":300,""予算内比率"":""15%""},{""スタイル"":""標準"",""券種"":""ワイド"",""買い目"":""2 ローズカリス - 12 ボディブロー"",""狙い"":""◎－○の安定側"",""金額"":300,""予算内比率"":""15%""},{""スタイル"":""標準"",""券種"":""馬連"",""買い目"":""2 ローズカリス - 9 ワンダラー"",""狙い"":""◎－▲の押さえ"",""金額"":200,""予算内比率"":""10%""},{""スタイル"":""標準"",""券種"":""ワイド"",""買い目"":""2 ローズカリス - 9 ワンダラー"",""狙い"":""◎－▲"",""金額"":200,""予算内比率"":""10%""},{""スタイル"":""標準"",""券種"":""三連複"",""買い目"":""2 ローズカリス - 12 ボディブロー - 9 ワンダラー"",""狙い"":""◎○▲の中心"",""金額"":300,""予算内比率"":""15%""},{""スタイル"":""標準"",""券種"":""三連複"",""買い目"":""2 ローズカリス - 12 ボディブロー - 7 マーゴットゲイン"",""狙い"":""◎○－△"",""金額"":200,""予算内比率"":""10%""},{""スタイル"":""標準"",""券種"":""三連複"",""買い目"":""2 ローズカリス - 9 ワンダラー - 5 コパノヴィンセント"",""狙い"":""◎▲－△"",""金額"":200,""予算内比率"":""10%""}]",,,,,,,,,,,,,,,
2026-09-27|中山|12R|867ebc651b21ad93|morning|NA,2026-09-26T20:17:08+09:00,1.7,2026-09-27,中山,12R,外房S,ダート,1200,重,2,ローズカリス,◎,1,0.1278050930285344,0.7941614971283345,83.70807485641673,0.0,83.70807485641673,4.4,2,,,morning,,,True,標準,2000.0,"[{""スタイル"":""標準"",""券種"":""単勝"",""買い目"":""2 ローズカリス"",""狙い"":""◎の勝ち切り"",""金額"":300,""予算内比率"":""15%""},{""スタイル"":""標準"",""券種"":""馬連"",""買い目"":""2 ローズカリス - 12 ボディブロー"",""狙い"":""◎－○の本線"",""金額"":300,""予算内比率"":""15%""},{""スタイル"":""標準"",""券種"":""ワイド"",""買い目"":""2 ローズカリス - 12 ボディブロー"",""狙い"":""◎－○の安定側"",""金額"":300,""予算内比率"":""15%""},{""スタイル"":""標準"",""券種"":""馬連"",""買い目"":""2 ローズカリス - 9 ワンダラー"",""狙い"":""◎－▲の押さえ"",""金額"":200,""予算内比率"":""10%""},{""スタイル"":""標準"",""券種"":""ワイド"",""買い目"":""2 ローズカリス - 9 ワンダラー"",""狙い"":""◎－▲"",""金額"":200,""予算内比率"":""10%""},{""スタイル"":""標準"",""券種"":""三連複"",""買い目"":""2 ローズカリス - 12 ボディブロー - 9 ワンダラー"",""狙い"":""◎○▲の中心"",""金額"":300,""予算内比率"":""15%""},{""スタイル"":""標準"",""券種"":""三連複"",""買い目"":""2 ローズカリス - 12 ボディブロー - 7 マーゴットゲイン"",""狙い"":""◎○－△"",""金額"":200,""予算内比率"":""10%""},{""スタイル"":""標準"",""券種"":""三連複"",""買い目"":""2 ローズカリス - 9 ワンダラー - 5 コパノヴィンセント"",""狙い"":""◎▲－△"",""金額"":200,""予算内比率"":""10%""}]",,,,,,,,,,,,,,,
2026-09-27|中山|12R|867ebc651b21ad93|morning|NA,2026-09-26T20:17:08+09:00,1.7,2026-09-27,中山,12R,外房S,ダート,1200,重,3,ソウルオンファイア,注,8,0.0549953756506525,0.2684966601687804,35.98556417463042,0.0,35.98556417463042,22.3,11,,,morning,,,True,標準,2000.0,"[{""スタイル"":""標準"",""券種"":""単勝"",""買い目"":""2 ローズカリス"",""狙い"":""◎の勝ち切り"",""金額"":300,""予算内比率"":""15%""},{""スタイル"":""標準"",""券種"":""馬連"",""買い目"":""2 ローズカリス - 12 ボディブロー"",""狙い"":""◎－○の本線"",""金額"":300,""予算内比率"":""15%""},{""スタイル"":""標準"",""券種"":""ワイド"",""買い目"":""2 ローズカリス - 12 ボディブロー"",""狙い"":""◎－○の安定側"",""金額"":300,""予算内比率"":""15%""},{""スタイル"":""標準"",""券種"":""馬連"",""買い目"":""2 ローズカリス - 9 ワンダラー"",""狙い"":""◎－▲の押さえ"",""金額"":200,""予算内比率"":""10%""},{""スタイル"":""標準"",""券種"":""ワイド"",""買い目"":""2 ローズカリス - 9 ワンダラー"",""狙い"":""◎－▲"",""金額"":200,""予算内比率"":""10%""},{""スタイル"":""標準"",""券種"":""三連複"",""買い目"":""2 ローズカリス - 12 ボディブロー - 9 ワンダラー"",""狙い"":""◎○▲の中心"",""金額"":300,""予算内比率"":""15%""},{""スタイル"":""標準"",""券種"":""三連複"",""買い目"":""2 ローズカリス - 12 ボディブロー - 7 マーゴットゲイン"",""狙い"":""◎○－△"",""金額"":200,""予算内比率"":""10%""},{""スタイル"":""標準"",""券種"":""三連複"",""買い目"":""2 ローズカリス - 9 ワンダラー - 5 コパノヴィンセント"",""狙い"":""◎▲－△"",""金額"":200,""予算内比率"":""10%""}]",,,,,,,,,,,,,,,
2026-09-27|中山|12R|867ebc651b21ad93|morning|NA,2026-09-26T20:17:08+09:00,1.7,2026-09-27,中山,12R,外房S,ダート,1200,重,4,イノセントキャット,×,12,0.0296354142104125,0.1546798923248399,23.51504194345624,1.97286012526096,25.4879020687172,27.2,13,,,morning,,,True,標準,2000.0,"[{""スタイル"":""標準"",""券種"":""単勝"",""買い目"":""2 ローズカリス"",""狙い"":""◎の勝ち切り"",""金額"":300,""予算内比率"":""15%""},{""スタイル"":""標準"",""券種"":""馬連"",""買い目"":""2 ローズカリス - 12 ボディブロー"",""狙い"":""◎－○の本線"",""金額"":300,""予算内比率"":""15%""},{""スタイル"":""標準"",""券種"":""ワイド"",""買い目"":""2 ローズカリス - 12 ボディブロー"",""狙い"":""◎－○の安定側"",""金額"":300,""予算内比率"":""15%""},{""スタイル"":""標準"",""券種"":""馬連"",""買い目"":""2 ローズカリス - 9 ワンダラー"",""狙い"":""◎－▲の押さえ"",""金額"":200,""予算内比率"":""10%""},{""スタイル"":""標準"",""券種"":""ワイド"",""買い目"":""2 ローズカリス - 9 ワンダラー"",""狙い"":""◎－▲"",""金額"":200,""予算内比率"":""10%""},{""スタイル"":""標準"",""券種"":""三連複"",""買い目"":""2 ローズカリス - 12 ボディブロー - 9 ワンダラー"",""狙い"":""◎○▲の中心"",""金額"":300,""予算内比率"":""15%""},{""スタイル"":""標準"",""券種"":""三連複"",""買い目"":""2 ローズカリス - 12 ボディブロー - 7 マーゴットゲイン"",""狙い"":""◎○－△"",""金額"":200,""予算内比率"":""10%""},{""スタイル"":""標準"",""券種"":""三連複"",""買い目"":""2 ローズカリス - 9 ワンダラー - 5 コパノヴィンセント"",""狙い"":""◎▲－△"",""金額"":200,""予算内比率"":""10%""}]",,,,,,,,,,,,,,,
2026-09-27|中山|12R|867ebc651b21ad93|morning|NA,2026-09-26T20:17:08+09:00,1.7,2026-09-27,中山,12R,外房S,ダート,1200,重,5,コパノヴィンセント,△,5,0.0921311650106175,0.4925050888327321,58.54212686984484,-0.5271398747390399,58.014986995105794,18.9,7,,,morning,,,True,標準,2000.0,"[{""スタイル"":""標準"",""券種"":""単勝"",""買い目"":""2 ローズカリス"",""狙い"":""◎の勝ち切り"",""金額"":300,""予算内比率"":""15%""},{""スタイル"":""標準"",""券種"":""馬連"",""買い目"":""2 ローズカリス - 12 ボディブロー"",""狙い"":""◎－○の本線"",""金額"":300,""予算内比率"":""15%""},{""スタイル"":""標準"",""券種"":""ワイド"",""買い目"":""2 ローズカリス - 12 ボディブロー"",""狙い"":""◎－○の安定側"",""金額"":300,""予算内比率"":""15%""},{""スタイル"":""標準"",""券種"":""馬連"",""買い目"":""2 ローズカリス - 9 ワンダラー"",""狙い"":""◎－▲の押さえ"",""金額"":200,""予算内比率"":""10%""},{""スタイル"":""標準"",""券種"":""ワイド"",""買い目"":""2 ローズカリス - 9 ワンダラー"",""狙い"":""◎－▲"",""金額"":200,""予算内比率"":""10%""},{""スタイル"":""標準"",""券種"":""三連複"",""買い目"":""2 ローズカリス - 12 ボディブロー - 9 ワンダラー"",""狙い"":""◎○▲の中心"",""金額"":300,""予算内比率"":""15%""},{""スタイル"":""標準"",""券種"":""三連複"",""買い目"":""2 ローズカリス - 12 ボディブロー - 7 マーゴットゲイン"",""狙い"":""◎○－△"",""金額"":200,""予算内比率"":""10%""},{""スタイル"":""標準"",""券種"":""三連複"",""買い目"":""2 ローズカリス - 9 ワンダラー - 5 コパノヴィンセント"",""狙い"":""◎▲－△"",""金額"":200,""予算内比率"":""10%""}]",,,,,,,,,,,,,,,
2026-09-27|中山|12R|867ebc651b21ad93|morning|NA,2026-09-26T20:17:08+09:00,1.7,2026-09-27,中山,12R,外房S,ダート,1200,重,6,キタノソワレ,×,13,0.0249752020081535,0.1954726979505706,16.989722231907766,-0.5271398747390399,16.462582357168728,20.7,9,,,morning,,,True,標準,2000.0,"[{""スタイル"":""標準"",""券種"":""単勝"",""買い目"":""2 ローズカリス"",""狙い"":""◎の勝ち切り"",""金額"":300,""予算内比率"":""15%""},{""スタイル"":""標準"",""券種"":""馬連"",""買い目"":""2 ローズカリス - 12 ボディブロー"",""狙い"":""◎－○の本線"",""金額"":300,""予算内比率"":""15%""},{""スタイル"":""標準"",""券種"":""ワイド"",""買い目"":""2 ローズカリス - 12 ボディブロー"",""狙い"":""◎－○の安定側"",""金額"":300,""予算内比率"":""15%""},{""スタイル"":""標準"",""券種"":""馬連"",""買い目"":""2 ローズカリス - 9 ワンダラー"",""狙い"":""◎－▲の押さえ"",""金額"":200,""予算内比率"":""10%""},{""スタイル"":""標準"",""券種"":""ワイド"",""買い目"":""2 ローズカリス - 9 ワンダラー"",""狙い"":""◎－▲"",""金額"":200,""予算内比率"":""10%""},{""スタイル"":""標準"",""券種"":""三連複"",""買い目"":""2 ローズカリス - 12 ボディブロー - 9 ワンダラー"",""狙い"":""◎○▲の中心"",""金額"":300,""予算内比率"":""15%""},{""スタイル"":""標準"",""券種"":""三連複"",""買い目"":""2 ローズカリス - 12 ボディブロー - 7 マーゴットゲイン"",""狙い"":""◎○－△"",""金額"":200,""予算内比率"":""10%""},{""スタイル"":""標準"",""券種"":""三連複"",""買い目"":""2 ローズカリス - 9 ワンダラー - 5 コパノヴィンセント"",""狙い"":""◎▲－△"",""金額"":200,""予算内比率"":""10%""}]",,,,,,,,,,,,,,,
2026-09-27|中山|12R|867ebc651b21ad93|morning|NA,2026-09-26T20:17:08+09:00,1.7,2026-09-27,中山,12R,外房S,ダート,1200,重,7,マーゴットゲイン,△,4,0.0890103054165779,0.6095875888659996,56.38488168557048,1.97286012526096,58.35774181083144,9.9,4,,,morning,,,True,標準,2000.0,"[{""スタイル"":""標準"",""券種"":""単勝"",""買い目"":""2 ローズカリス"",""狙い"":""◎の勝ち切り"",""金額"":300,""予算内比率"":""15%""},{""スタイル"":""標準"",""券種"":""馬連"",""買い目"":""2 ローズカリス - 12 ボディブロー"",""狙い"":""◎－○の本線"",""金額"":300,""予算内比率"":""15%""},{""スタイル"":""標準"",""券種"":""ワイド"",""買い目"":""2 ローズカリス - 12 ボディブロー"",""狙い"":""◎－○の安定側"",""金額"":300,""予算内比率"":""15%""},{""スタイル"":""標準"",""券種"":""馬連"",""買い目"":""2 ローズカリス - 9 ワンダラー"",""狙い"":""◎－▲の押さえ"",""金額"":200,""予算内比率"":""10%""},{""スタイル"":""標準"",""券種"":""ワイド"",""買い目"":""2 ローズカリス - 9 ワンダラー"",""狙い"":""◎－▲"",""金額"":200,""予算内比率"":""10%""},{""スタイル"":""標準"",""券種"":""三連複"",""買い目"":""2 ローズカリス - 12 ボディブロー - 9 ワンダラー"",""狙い"":""◎○▲の中心"",""金額"":300,""予算内比率"":""15%""},{""スタイル"":""標準"",""券種"":""三連複"",""買い目"":""2 ローズカリス - 12 ボディブロー - 7 マーゴットゲイン"",""狙い"":""◎○－△"",""金額"":200,""予算内比率"":""10%""},{""スタイル"":""標準"",""券種"":""三連複"",""買い目"":""2 ローズカリス - 9 ワンダラー - 5 コパノヴィンセント"",""狙い"":""◎▲－△"",""金額"":200,""予算内比率"":""10%""}]",,,,,,,,,,,,,,,
2026-09-27|中山|12R|867ebc651b21ad93|morning|NA,2026-09-26T20:17:08+09:00,1.7,2026-09-27,中山,12R,外房S,ダート,1200,重,8,スプランドゥール,×,11,0.0363723804223534,0.2428886742581885,32.49682931636205,-1.4057063326374393,31.091122983724613,48.4,14,,,morning,,,True,標準,2000.0,"[{""スタイル"":""標準"",""券種"":""単勝"",""買い目"":""2 ローズカリス"",""狙い"":""◎の勝ち切り"",""金額"":300,""予算内比率"":""15%""},{""スタイル"":""標準"",""券種"":""馬連"",""買い目"":""2 ローズカリス - 12 ボディブロー"",""狙い"":""◎－○の本線"",""金額"":300,""予算内比率"":""15%""},{""スタイル"":""標準"",""券種"":""ワイド"",""買い目"":""2 ローズカリス - 12 ボディブロー"",""狙い"":""◎－○の安定側"",""金額"":300,""予算内比率"":""15%""},{""スタイル"":""標準"",""券種"":""馬連"",""買い目"":""2 ローズカリス - 9 ワンダラー"",""狙い"":""◎－▲の押さえ"",""金額"":200,""予算内比率"":""10%""},{""スタイル"":""標準"",""券種"":""ワイド"",""買い目"":""2 ローズカリス - 9 ワンダラー"",""狙い"":""◎－▲"",""金額"":200,""予算内比率"":""10%""},{""スタイル"":""標準"",""券種"":""三連複"",""買い目"":""2 ローズカリス - 12 ボディブロー - 9 ワンダラー"",""狙い"":""◎○▲の中心"",""金額"":300,""予算内比率"":""15%""},{""スタイル"":""標準"",""券種"":""三連複"",""買い目"":""2 ローズカリス - 12 ボディブロー - 7 マーゴットゲイン"",""狙い"":""◎○－△"",""金額"":200,""予算内比率"":""10%""},{""スタイル"":""標準"",""券種"":""三連複"",""買い目"":""2 ローズカリス - 9 ワンダラー - 5 コパノヴィンセント"",""狙い"":""◎▲－△"",""金額"":200,""予算内比率"":""10%""}]",,,,,,,,,,,,,,,
2026-09-27|中山|12R|867ebc651b21ad93|morning|NA,2026-09-26T20:17:08+09:00,1.7,2026-09-27,中山,12R,外房S,ダート,1200,重,9,ワンダラー,▲,3,0.1078710809528765,0.7172634996753173,72.05493453168773,1.97286012526096,74.0277946569487,4.1,1,,,morning,,,True,標準,2000.0,"[{""スタイル"":""標準"",""券種"":""単勝"",""買い目"":""2 ローズカリス"",""狙い"":""◎の勝ち切り"",""金額"":300,""予算内比率"":""15%""},{""スタイル"":""標準"",""券種"":""馬連"",""買い目"":""2 ローズカリス - 12 ボディブロー"",""狙い"":""◎－○の本線"",""金額"":300,""予算内比率"":""15%""},{""スタイル"":""標準"",""券種"":""ワイド"",""買い目"":""2 ローズカリス - 12 ボディブロー"",""狙い"":""◎－○の安定側"",""金額"":300,""予算内比率"":""15%""},{""スタイル"":""標準"",""券種"":""馬連"",""買い目"":""2 ローズカリス - 9 ワンダラー"",""狙い"":""◎－▲の押さえ"",""金額"":200,""予算内比率"":""10%""},{""スタイル"":""標準"",""券種"":""ワイド"",""買い目"":""2 ローズカリス - 9 ワンダラー"",""狙い"":""◎－▲"",""金額"":200,""予算内比率"":""10%""},{""スタイル"":""標準"",""券種"":""三連複"",""買い目"":""2 ローズカリス - 12 ボディブロー - 9 ワンダラー"",""狙い"":""◎○▲の中心"",""金額"":300,""予算内比率"":""15%""},{""スタイル"":""標準"",""券種"":""三連複"",""買い目"":""2 ローズカリス - 12 ボディブロー - 7 マーゴットゲイン"",""狙い"":""◎○－△"",""金額"":200,""予算内比率"":""10%""},{""スタイル"":""標準"",""券種"":""三連複"",""買い目"":""2 ローズカリス - 9 ワンダラー - 5 コパノヴィンセント"",""狙い"":""◎▲－△"",""金額"":200,""予算内比率"":""10%""}]",,,,,,,,,,,,,,,
2026-09-27|中山|12R|867ebc651b21ad93|morning|NA,2026-09-26T20:17:08+09:00,1.7,2026-09-27,中山,12R,外房S,ダート,1200,重,10,カネショウレジェン,☆,7,0.0689033249676244,0.4640705797328454,48.87874767499471,1.2391887861616464,50.117936461156354,18.9,8,,,morning,,,True,標準,2000.0,"[{""スタイル"":""標準"",""券種"":""単勝"",""買い目"":""2 ローズカリス"",""狙い"":""◎の勝ち切り"",""金額"":300,""予算内比率"":""15%""},{""スタイル"":""標準"",""券種"":""馬連"",""買い目"":""2 ローズカリス - 12 ボディブロー"",""狙い"":""◎－○の本線"",""金額"":300,""予算内比率"":""15%""},{""スタイル"":""標準"",""券種"":""ワイド"",""買い目"":""2 ローズカリス - 12 ボディブロー"",""狙い"":""◎－○の安定側"",""金額"":300,""予算内比率"":""15%""},{""スタイル"":""標準"",""券種"":""馬連"",""買い目"":""2 ローズカリス - 9 ワンダラー"",""狙い"":""◎－▲の押さえ"",""金額"":200,""予算内比率"":""10%""},{""スタイル"":""標準"",""券種"":""ワイド"",""買い目"":""2 ローズカリス - 9 ワンダラー"",""狙い"":""◎－▲"",""金額"":200,""予算内比率"":""10%""},{""スタイル"":""標準"",""券種"":""三連複"",""買い目"":""2 ローズカリス - 12 ボディブロー - 9 ワンダラー"",""狙い"":""◎○▲の中心"",""金額"":300,""予算内比率"":""15%""},{""スタイル"":""標準"",""券種"":""三連複"",""買い目"":""2 ローズカリス - 12 ボディブロー - 7 マーゴットゲイン"",""狙い"":""◎○－△"",""金額"":200,""予算内比率"":""10%""},{""スタイル"":""標準"",""券種"":""三連複"",""買い目"":""2 ローズカリス - 9 ワンダラー - 5 コパノヴィンセント"",""狙い"":""◎▲－△"",""金額"":200,""予算内比率"":""10%""}]",,,,,,,,,,,,,,,
2026-09-27|中山|12R|867ebc651b21ad93|morning|NA,2026-09-26T20:17:08+09:00,1.7,2026-09-27,中山,12R,外房S,ダート,1200,重,11,ホワイトガーベラ,×,16,0.0077201743883592,0.0661948819182998,5.545450326247617,-0.5271398747390399,5.018310451508578,109.1,16,,,morning,,,True,標準,2000.0,"[{""スタイル"":""標準"",""券種"":""単勝"",""買い目"":""2 ローズカリス"",""狙い"":""◎の勝ち切り"",""金額"":300,""予算内比率"":""15%""},{""スタイル"":""標準"",""券種"":""馬連"",""買い目"":""2 ローズカリス - 12 ボディブロー"",""狙い"":""◎－○の本線"",""金額"":300,""予算内比率"":""15%""},{""スタイル"":""標準"",""券種"":""ワイド"",""買い目"":""2 ローズカリス - 12 ボディブロー"",""狙い"":""◎－○の安定側"",""金額"":300,""予算内比率"":""15%""},{""スタイル"":""標準"",""券種"":""馬連"",""買い目"":""2 ローズカリス - 9 ワンダラー"",""狙い"":""◎－▲の押さえ"",""金額"":200,""予算内比率"":""10%""},{""スタイル"":""標準"",""券種"":""ワイド"",""買い目"":""2 ローズカリス - 9 ワンダラー"",""狙い"":""◎－▲"",""金額"":200,""予算内比率"":""10%""},{""スタイル"":""標準"",""券種"":""三連複"",""買い目"":""2 ローズカリス - 12 ボディブロー - 9 ワンダラー"",""狙い"":""◎○▲の中心"",""金額"":300,""予算内比率"":""15%""},{""スタイル"":""標準"",""券種"":""三連複"",""買い目"":""2 ローズカリス - 12 ボディブロー - 7 マーゴットゲイン"",""狙い"":""◎○－△"",""金額"":200,""予算内比率"":""10%""},{""スタイル"":""標準"",""券種"":""三連複"",""買い目"":""2 ローズカリス - 9 ワンダラー - 5 コパノヴィンセント"",""狙い"":""◎▲－△"",""金額"":200,""予算内比率"":""10%""}]",,,,,,,,,,,,,,,
2026-09-27|中山|12R|867ebc651b21ad93|morning|NA,2026-09-26T20:17:08+09:00,1.7,2026-09-27,中山,12R,外房S,ダート,1200,重,12,ボディブロー,○,2,0.1322030688433412,0.8198910030387885,79.13152864447073,1.2391887861616464,80.37071743063238,5.9,3,,,morning,,,True,標準,2000.0,"[{""スタイル"":""標準"",""券種"":""単勝"",""買い目"":""2 ローズカリス"",""狙い"":""◎の勝ち切り"",""金額"":300,""予算内比率"":""15%""},{""スタイル"":""標準"",""券種"":""馬連"",""買い目"":""2 ローズカリス - 12 ボディブロー"",""狙い"":""◎－○の本線"",""金額"":300,""予算内比率"":""15%""},{""スタイル"":""標準"",""券種"":""ワイド"",""買い目"":""2 ローズカリス - 12 ボディブロー"",""狙い"":""◎－○の安定側"",""金額"":300,""予算内比率"":""15%""},{""スタイル"":""標準"",""券種"":""馬連"",""買い目"":""2 ローズカリス - 9 ワンダラー"",""狙い"":""◎－▲の押さえ"",""金額"":200,""予算内比率"":""10%""},{""スタイル"":""標準"",""券種"":""ワイド"",""買い目"":""2 ローズカリス - 9 ワンダラー"",""狙い"":""◎－▲"",""金額"":200,""予算内比率"":""10%""},{""スタイル"":""標準"",""券種"":""三連複"",""買い目"":""2 ローズカリス - 12 ボディブロー - 9 ワンダラー"",""狙い"":""◎○▲の中心"",""金額"":300,""予算内比率"":""15%""},{""スタイル"":""標準"",""券種"":""三連複"",""買い目"":""2 ローズカリス - 12 ボディブロー - 7 マーゴットゲイン"",""狙い"":""◎○－△"",""金額"":200,""予算内比率"":""10%""},{""スタイル"":""標準"",""券種"":""三連複"",""買い目"":""2 ローズカリス - 9 ワンダラー - 5 コパノヴィンセント"",""狙い"":""◎▲－△"",""金額"":200,""予算内比率"":""10%""}]",,,,,,,,,,,,,,,
2026-09-27|中山|12R|867ebc651b21ad93|morning|NA,2026-09-26T20:17:08+09:00,1.7,2026-09-27,中山,12R,外房S,ダート,1200,重,13,ライトニングゼウス,☆,6,0.0907170627365055,0.5293005718753252,53.04491130979285,1.97286012526096,55.01777143505381,11.7,5,,,morning,,,True,標準,2000.0,"[{""スタイル"":""標準"",""券種"":""単勝"",""買い目"":""2 ローズカリス"",""狙い"":""◎の勝ち切り"",""金額"":300,""予算内比率"":""15%""},{""スタイル"":""標準"",""券種"":""馬連"",""買い目"":""2 ローズカリス - 12 ボディブロー"",""狙い"":""◎－○の本線"",""金額"":300,""予算内比率"":""15%""},{""スタイル"":""標準"",""券種"":""ワイド"",""買い目"":""2 ローズカリス - 12 ボディブロー"",""狙い"":""◎－○の安定側"",""金額"":300,""予算内比率"":""15%""},{""スタイル"":""標準"",""券種"":""馬連"",""買い目"":""2 ローズカリス - 9 ワンダラー"",""狙い"":""◎－▲の押さえ"",""金額"":200,""予算内比率"":""10%""},{""スタイル"":""標準"",""券種"":""ワイド"",""買い目"":""2 ローズカリス - 9 ワンダラー"",""狙い"":""◎－▲"",""金額"":200,""予算内比率"":""10%""},{""スタイル"":""標準"",""券種"":""三連複"",""買い目"":""2 ローズカリス - 12 ボディブロー - 9 ワンダラー"",""狙い"":""◎○▲の中心"",""金額"":300,""予算内比率"":""15%""},{""スタイル"":""標準"",""券種"":""三連複"",""買い目"":""2 ローズカリス - 12 ボディブロー - 7 マーゴットゲイン"",""狙い"":""◎○－△"",""金額"":200,""予算内比率"":""10%""},{""スタイル"":""標準"",""券種"":""三連複"",""買い目"":""2 ローズカリス - 9 ワンダラー - 5 コパノヴィンセント"",""狙い"":""◎▲－△"",""金額"":200,""予算内比率"":""10%""}]",,,,,,,,,,,,,,,
2026-09-27|中山|12R|867ebc651b21ad93|morning|NA,2026-09-26T20:17:08+09:00,1.7,2026-09-27,中山,12R,外房S,ダート,1200,重,14,クリノオリーブ,注,9,0.0598435644447443,0.3126807452548,35.78664625402268,-0.5271398747390399,35.25950637928364,21.8,10,,,morning,,,True,標準,2000.0,"[{""スタイル"":""標準"",""券種"":""単勝"",""買い目"":""2 ローズカリス"",""狙い"":""◎の勝ち切り"",""金額"":300,""予算内比率"":""15%""},{""スタイル"":""標準"",""券種"":""馬連"",""買い目"":""2 ローズカリス - 12 ボディブロー"",""狙い"":""◎－○の本線"",""金額"":300,""予算内比率"":""15%""},{""スタイル"":""標準"",""券種"":""ワイド"",""買い目"":""2 ローズカリス - 12 ボディブロー"",""狙い"":""◎－○の安定側"",""金額"":300,""予算内比率"":""15%""},{""スタイル"":""標準"",""券種"":""馬連"",""買い目"":""2 ローズカリス - 9 ワンダラー"",""狙い"":""◎－▲の押さえ"",""金額"":200,""予算内比率"":""10%""},{""スタイル"":""標準"",""券種"":""ワイド"",""買い目"":""2 ローズカリス - 9 ワンダラー"",""狙い"":""◎－▲"",""金額"":200,""予算内比率"":""10%""},{""スタイル"":""標準"",""券種"":""三連複"",""買い目"":""2 ローズカリス - 12 ボディブロー - 9 ワンダラー"",""狙い"":""◎○▲の中心"",""金額"":300,""予算内比率"":""15%""},{""スタイル"":""標準"",""券種"":""三連複"",""買い目"":""2 ローズカリス - 12 ボディブロー - 7 マーゴットゲイン"",""狙い"":""◎○－△"",""金額"":200,""予算内比率"":""10%""},{""スタイル"":""標準"",""券種"":""三連複"",""買い目"":""2 ローズカリス - 9 ワンダラー - 5 コパノヴィンセント"",""狙い"":""◎▲－△"",""金額"":200,""予算内比率"":""10%""}]",,,,,,,,,,,,,,,
2026-09-27|中山|12R|867ebc651b21ad93|morning|NA,2026-09-26T20:17:08+09:00,1.7,2026-09-27,中山,12R,外房S,ダート,1200,重,15,ランウインディ,×,14,0.0197943466435052,0.1625227362392421,16.85205427533146,-0.5271398747390399,16.324914400592423,54.5,15,,,morning,,,True,標準,2000.0,"[{""スタイル"":""標準"",""券種"":""単勝"",""買い目"":""2 ローズカリス"",""狙い"":""◎の勝ち切り"",""金額"":300,""予算内比率"":""15%""},{""スタイル"":""標準"",""券種"":""馬連"",""買い目"":""2 ローズカリス - 12 ボディブロー"",""狙い"":""◎－○の本線"",""金額"":300,""予算内比率"":""15%""},{""スタイル"":""標準"",""券種"":""ワイド"",""買い目"":""2 ローズカリス - 12 ボディブロー"",""狙い"":""◎－○の安定側"",""金額"":300,""予算内比率"":""15%""},{""スタイル"":""標準"",""券種"":""馬連"",""買い目"":""2 ローズカリス - 9 ワンダラー"",""狙い"":""◎－▲の押さえ"",""金額"":200,""予算内比率"":""10%""},{""スタイル"":""標準"",""券種"":""ワイド"",""買い目"":""2 ローズカリス - 9 ワンダラー"",""狙い"":""◎－▲"",""金額"":200,""予算内比率"":""10%""},{""スタイル"":""標準"",""券種"":""三連複"",""買い目"":""2 ローズカリス - 12 ボディブロー - 9 ワンダラー"",""狙い"":""◎○▲の中心"",""金額"":300,""予算内比率"":""15%""},{""スタイル"":""標準"",""券種"":""三連複"",""買い目"":""2 ローズカリス - 12 ボディブロー - 7 マーゴットゲイン"",""狙い"":""◎○－△"",""金額"":200,""予算内比率"":""10%""},{""スタイル"":""標準"",""券種"":""三連複"",""買い目"":""2 ローズカリス - 9 ワンダラー - 5 コパノヴィンセント"",""狙い"":""◎▲－△"",""金額"":200,""予算内比率"":""10%""}]",,,,,,,,,,,,,,,
2026-09-27|中山|12R|867ebc651b21ad93|morning|NA,2026-09-26T20:17:08+09:00,1.7,2026-09-27,中山,12R,外房S,ダート,1200,重,16,ポッドソル,×,15,0.0169464868185713,0.2189778192144195,15.58976265522828,0.0,15.58976265522828,16.1,6,,,morning,,,True,標準,2000.0,"[{""スタイル"":""標準"",""券種"":""単勝"",""買い目"":""2 ローズカリス"",""狙い"":""◎の勝ち切り"",""金額"":300,""予算内比率"":""15%""},{""スタイル"":""標準"",""券種"":""馬連"",""買い目"":""2 ローズカリス - 12 ボディブロー"",""狙い"":""◎－○の本線"",""金額"":300,""予算内比率"":""15%""},{""スタイル"":""標準"",""券種"":""ワイド"",""買い目"":""2 ローズカリス - 12 ボディブロー"",""狙い"":""◎－○の安定側"",""金額"":300,""予算内比率"":""15%""},{""スタイル"":""標準"",""券種"":""馬連"",""買い目"":""2 ローズカリス - 9 ワンダラー"",""狙い"":""◎－▲の押さえ"",""金額"":200,""予算内比率"":""10%""},{""スタイル"":""標準"",""券種"":""ワイド"",""買い目"":""2 ローズカリス - 9 ワンダラー"",""狙い"":""◎－▲"",""金額"":200,""予算内比率"":""10%""},{""スタイル"":""標準"",""券種"":""三連複"",""買い目"":""2 ローズカリス - 12 ボディブロー - 9 ワンダラー"",""狙い"":""◎○▲の中心"",""金額"":300,""予算内比率"":""15%""},{""スタイル"":""標準"",""券種"":""三連複"",""買い目"":""2 ローズカリス - 12 ボディブロー - 7 マーゴットゲイン"",""狙い"":""◎○－△"",""金額"":200,""予算内比率"":""10%""},{""スタイル"":""標準"",""券種"":""三連複"",""買い目"":""2 ローズカリス - 9 ワンダラー - 5 コパノヴィンセント"",""狙い"":""◎▲－△"",""金額"":200,""予算内比率"":""10%""}]",,,,,,,,,,,,,,,
2026-09-27|阪神|2R|6f2ed508d84dd316|morning|NA,2026-09-26T20:17:09+09:00,1.7,2026-09-27,阪神,2R,2歳未勝利,芝,1600,良,1,プレシャスタイム,◎,1,0.4135711895578373,0.6864317528261293,73.46897475093763,-0.9865149057414614,72.48245984519617,3.9,2,,,morning,,,True,標準,2000.0,"[{""スタイル"":""標準"",""券種"":""単勝"",""買い目"":""1 プレシャスタイム"",""狙い"":""◎の勝ち切り"",""金額"":300,""予算内比率"":""15%""},{""スタイル"":""標準"",""券種"":""馬連"",""買い目"":""1 プレシャスタイム - 3 ナイトインチュニス"",""狙い"":""◎－○の本線"",""金額"":300,""予算内比率"":""15%""},{""スタイル"":""標準"",""券種"":""ワイド"",""買い目"":""1 プレシャスタイム - 3 ナイトインチュニス"",""狙い"":""◎－○の安定側"",""金額"":300,""予算内比率"":""15%""},{""スタイル"":""標準"",""券種"":""馬連"",""買い目"":""1 プレシャスタイム - 8 デュアルサイン"",""狙い"":""◎－▲の押さえ"",""金額"":200,""予算内比率"":""10%""},{""スタイル"":""標準"",""券種"":""ワイド"",""買い目"":""1 プレシャスタイム - 8 デュアルサイン"",""狙い"":""◎－▲"",""金額"":200,""予算内比率"":""10%""},{""スタイル"":""標準"",""券種"":""三連複"",""買い目"":""1 プレシャスタイム - 3 ナイトインチュニス - 8 デュアルサイン"",""狙い"":""◎○▲の中心"",""金額"":300,""予算内比率"":""15%""},{""スタイル"":""標準"",""券種"":""三連複"",""買い目"":""1 プレシャスタイム - 3 ナイトインチュニス - 7 カローナ"",""狙い"":""◎○－△"",""金額"":200,""予算内比率"":""10%""},{""スタイル"":""標準"",""券種"":""三連複"",""買い目"":""1 プレシャスタイム - 8 デュアルサイン - 2 シュプレヒコール"",""狙い"":""◎▲－△"",""金額"":200,""予算内比率"":""10%""}]",,,,,,,,,,,,,,,
2026-09-27|阪神|2R|6f2ed508d84dd316|morning|NA,2026-09-26T20:17:09+09:00,1.7,2026-09-27,阪神,2R,2歳未勝利,芝,1600,良,2,シュプレヒコール,△,5,0.073027054035197,0.0240289862253116,10.277104767238166,0.0,10.277104767238166,6.4,4,,,morning,,,True,標準,2000.0,"[{""スタイル"":""標準"",""券種"":""単勝"",""買い目"":""1 プレシャスタイム"",""狙い"":""◎の勝ち切り"",""金額"":300,""予算内比率"":""15%""},{""スタイル"":""標準"",""券種"":""馬連"",""買い目"":""1 プレシャスタイム - 3 ナイトインチュニス"",""狙い"":""◎－○の本線"",""金額"":300,""予算内比率"":""15%""},{""スタイル"":""標準"",""券種"":""ワイド"",""買い目"":""1 プレシャスタイム - 3 ナイトインチュニス"",""狙い"":""◎－○の安定側"",""金額"":300,""予算内比率"":""15%""},{""スタイル"":""標準"",""券種"":""馬連"",""買い目"":""1 プレシャスタイム - 8 デュアルサイン"",""狙い"":""◎－▲の押さえ"",""金額"":200,""予算内比率"":""10%""},{""スタイル"":""標準"",""券種"":""ワイド"",""買い目"":""1 プレシャスタイム - 8 デュアルサイン"",""狙い"":""◎－▲"",""金額"":200,""予算内比率"":""10%""},{""スタイル"":""標準"",""券種"":""三連複"",""買い目"":""1 プレシャスタイム - 3 ナイトインチュニス - 8 デュアルサイン"",""狙い"":""◎○▲の中心"",""金額"":300,""予算内比率"":""15%""},{""スタイル"":""標準"",""券種"":""三連複"",""買い目"":""1 プレシャスタイム - 3 ナイトインチュニス - 7 カローナ"",""狙い"":""◎○－△"",""金額"":200,""予算内比率"":""10%""},{""スタイル"":""標準"",""券種"":""三連複"",""買い目"":""1 プレシャスタイム - 8 デュアルサイン - 2 シュプレヒコール"",""狙い"":""◎▲－△"",""金額"":200,""予算内比率"":""10%""}]",,,,,,,,,,,,,,,
2026-09-27|阪神|2R|6f2ed508d84dd316|morning|NA,2026-09-26T20:17:09+09:00,1.7,2026-09-27,阪神,2R,2歳未勝利,芝,1600,良,3,ナイトインチュニス,○,2,0.1489069863744926,0.0791682319713751,19.113213313580395,0.0,19.113213313580395,3.4,1,,,morning,,,True,標準,2000.0,"[{""スタイル"":""標準"",""券種"":""単勝"",""買い目"":""1 プレシャスタイム"",""狙い"":""◎の勝ち切り"",""金額"":300,""予算内比率"":""15%""},{""スタイル"":""標準"",""券種"":""馬連"",""買い目"":""1 プレシャスタイム - 3 ナイトインチュニス"",""狙い"":""◎－○の本線"",""金額"":300,""予算内比率"":""15%""},{""スタイル"":""標準"",""券種"":""ワイド"",""買い目"":""1 プレシャスタイム - 3 ナイトインチュニス"",""狙い"":""◎－○の安定側"",""金額"":300,""予算内比率"":""15%""},{""スタイル"":""標準"",""券種"":""馬連"",""買い目"":""1 プレシャスタイム - 8 デュアルサイン"",""狙い"":""◎－▲の押さえ"",""金額"":200,""予算内比率"":""10%""},{""スタイル"":""標準"",""券種"":""ワイド"",""買い目"":""1 プレシャスタイム - 8 デュアルサイン"",""狙い"":""◎－▲"",""金額"":200,""予算内比率"":""10%""},{""スタイル"":""標準"",""券種"":""三連複"",""買い目"":""1 プレシャスタイム - 3 ナイトインチュニス - 8 デュアルサイン"",""狙い"":""◎○▲の中心"",""金額"":300,""予算内比率"":""15%""},{""スタイル"":""標準"",""券種"":""三連複"",""買い目"":""1 プレシャスタイム - 3 ナイトインチュニス - 7 カローナ"",""狙い"":""◎○－△"",""金額"":200,""予算内比率"":""10%""},{""スタイル"":""標準"",""券種"":""三連複"",""買い目"":""1 プレシャスタイム - 8 デュアルサイン - 2 シュプレヒコール"",""狙い"":""◎▲－△"",""金額"":200,""予算内比率"":""10%""}]",,,,,,,,,,,,,,,
2026-09-27|阪神|2R|6f2ed508d84dd316|morning|NA,2026-09-26T20:17:09+09:00,1.7,2026-09-27,阪神,2R,2歳未勝利,芝,1600,良,4,グルード,☆,7,0.0632149746239112,0.0347191491731056,10.025514877800514,0.0,10.025514877800514,13.8,7,,,morning,,,True,標準,2000.0,"[{""スタイル"":""標準"",""券種"":""単勝"",""買い目"":""1 プレシャスタイム"",""狙い"":""◎の勝ち切り"",""金額"":300,""予算内比率"":""15%""},{""スタイル"":""標準"",""券種"":""馬連"",""買い目"":""1 プレシャスタイム - 3 ナイトインチュニス"",""狙い"":""◎－○の本線"",""金額"":300,""予算内比率"":""15%""},{""スタイル"":""標準"",""券種"":""ワイド"",""買い目"":""1 プレシャスタイム - 3 ナイトインチュニス"",""狙い"":""◎－○の安定側"",""金額"":300,""予算内比率"":""15%""},{""スタイル"":""標準"",""券種"":""馬連"",""買い目"":""1 プレシャスタイム - 8 デュアルサイン"",""狙い"":""◎－▲の押さえ"",""金額"":200,""予算内比率"":""10%""},{""スタイル"":""標準"",""券種"":""ワイド"",""買い目"":""1 プレシャスタイム - 8 デュアルサイン"",""狙い"":""◎－▲"",""金額"":200,""予算内比率"":""10%""},{""スタイル"":""標準"",""券種"":""三連複"",""買い目"":""1 プレシャスタイム - 3 ナイトインチュニス - 8 デュアルサイン"",""狙い"":""◎○▲の中心"",""金額"":300,""予算内比率"":""15%""},{""スタイル"":""標準"",""券種"":""三連複"",""買い目"":""1 プレシャスタイム - 3 ナイトインチュニス - 7 カローナ"",""狙い"":""◎○－△"",""金額"":200,""予算内比率"":""10%""},{""スタイル"":""標準"",""券種"":""三連複"",""買い目"":""1 プレシャスタイム - 8 デュアルサイン - 2 シュプレヒコール"",""狙い"":""◎▲－△"",""金額"":200,""予算内比率"":""10%""}]",,,,,,,,,,,,,,,
2026-09-27|阪神|2R|6f2ed508d84dd316|morning|NA,2026-09-26T20:17:09+09:00,1.7,2026-09-27,阪神,2R,2歳未勝利,芝,1600,良,5,セーニョレガーレ,☆,6,0.0691667885654421,0.0282778160234251,10.180279792798224,0.0,10.180279792798224,8.0,5,,,morning,,,True,標準,2000.0,"[{""スタイル"":""標準"",""券種"":""単勝"",""買い目"":""1 プレシャスタイム"",""狙い"":""◎の勝ち切り"",""金額"":300,""予算内比率"":""15%""},{""スタイル"":""標準"",""券種"":""馬連"",""買い目"":""1 プレシャスタイム - 3 ナイトインチュニス"",""狙い"":""◎－○の本線"",""金額"":300,""予算内比率"":""15%""},{""スタイル"":""標準"",""券種"":""ワイド"",""買い目"":""1 プレシャスタイム - 3 ナイトインチュニス"",""狙い"":""◎－○の安定側"",""金額"":300,""予算内比率"":""15%""},{""スタイル"":""標準"",""券種"":""馬連"",""買い目"":""1 プレシャスタイム - 8 デュアルサイン"",""狙い"":""◎－▲の押さえ"",""金額"":200,""予算内比率"":""10%""},{""スタイル"":""標準"",""券種"":""ワイド"",""買い目"":""1 プレシャスタイム - 8 デュアルサイン"",""狙い"":""◎－▲"",""金額"":200,""予算内比率"":""10%""},{""スタイル"":""標準"",""券種"":""三連複"",""買い目"":""1 プレシャスタイム - 3 ナイトインチュニス - 8 デュアルサイン"",""狙い"":""◎○▲の中心"",""金額"":300,""予算内比率"":""15%""},{""スタイル"":""標準"",""券種"":""三連複"",""買い目"":""1 プレシャスタイム - 3 ナイトインチュニス - 7 カローナ"",""狙い"":""◎○－△"",""金額"":200,""予算内比率"":""10%""},{""スタイル"":""標準"",""券種"":""三連複"",""買い目"":""1 プレシャスタイム - 8 デュアルサイン - 2 シュプレヒコール"",""狙い"":""◎▲－△"",""金額"":200,""予算内比率"":""10%""}]",,,,,,,,,,,,,,,
2026-09-27|阪神|2R|6f2ed508d84dd316|morning|NA,2026-09-26T20:17:09+09:00,1.7,2026-09-27,阪神,2R,2歳未勝利,芝,1600,良,6,ティエルニート,注,8,0.0566102858669317,0.0364137378399347,9.581107453592129,0.0,9.581107453592129,17.0,8,,,morning,,,True,標準,2000.0,"[{""スタイル"":""標準"",""券種"":""単勝"",""買い目"":""1 プレシャスタイム"",""狙い"":""◎の勝ち切り"",""金額"":300,""予算内比率"":""15%""},{""スタイル"":""標準"",""券種"":""馬連"",""買い目"":""1 プレシャスタイム - 3 ナイトインチュニス"",""狙い"":""◎－○の本線"",""金額"":300,""予算内比率"":""15%""},{""スタイル"":""標準"",""券種"":""ワイド"",""買い目"":""1 プレシャスタイム - 3 ナイトインチュニス"",""狙い"":""◎－○の安定側"",""金額"":300,""予算内比率"":""15%""},{""スタイル"":""標準"",""券種"":""馬連"",""買い目"":""1 プレシャスタイム - 8 デュアルサイン"",""狙い"":""◎－▲の押さえ"",""金額"":200,""予算内比率"":""10%""},{""スタイル"":""標準"",""券種"":""ワイド"",""買い目"":""1 プレシャスタイム - 8 デュアルサイン"",""狙い"":""◎－▲"",""金額"":200,""予算内比率"":""10%""},{""スタイル"":""標準"",""券種"":""三連複"",""買い目"":""1 プレシャスタイム - 3 ナイトインチュニス - 8 デュアルサイン"",""狙い"":""◎○▲の中心"",""金額"":300,""予算内比率"":""15%""},{""スタイル"":""標準"",""券種"":""三連複"",""買い目"":""1 プレシャスタイム - 3 ナイトインチュニス - 7 カローナ"",""狙い"":""◎○－△"",""金額"":200,""予算内比率"":""10%""},{""スタイル"":""標準"",""券種"":""三連複"",""買い目"":""1 プレシャスタイム - 8 デュアルサイン - 2 シュプレヒコール"",""狙い"":""◎▲－△"",""金額"":200,""予算内比率"":""10%""}]",,,,,,,,,,,,,,,
2026-09-27|阪神|2R|6f2ed508d84dd316|morning|NA,2026-09-26T20:17:09+09:00,1.7,2026-09-27,阪神,2R,2歳未勝利,芝,1600,良,7,カローナ,△,4,0.0790773437225204,0.0307083929933993,11.095796095565555,0.0,11.095796095565555,12.2,6,,,morning,,,True,標準,2000.0,"[{""スタイル"":""標準"",""券種"":""単勝"",""買い目"":""1 プレシャスタイム"",""狙い"":""◎の勝ち切り"",""金額"":300,""予算内比率"":""15%""},{""スタイル"":""標準"",""券種"":""馬連"",""買い目"":""1 プレシャスタイム - 3 ナイトインチュニス"",""狙い"":""◎－○の本線"",""金額"":300,""予算内比率"":""15%""},{""スタイル"":""標準"",""券種"":""ワイド"",""買い目"":""1 プレシャスタイム - 3 ナイトインチュニス"",""狙い"":""◎－○の安定側"",""金額"":300,""予算内比率"":""15%""},{""スタイル"":""標準"",""券種"":""馬連"",""買い目"":""1 プレシャスタイム - 8 デュアルサイン"",""狙い"":""◎－▲の押さえ"",""金額"":200,""予算内比率"":""10%""},{""スタイル"":""標準"",""券種"":""ワイド"",""買い目"":""1 プレシャスタイム - 8 デュアルサイン"",""狙い"":""◎－▲"",""金額"":200,""予算内比率"":""10%""},{""スタイル"":""標準"",""券種"":""三連複"",""買い目"":""1 プレシャスタイム - 3 ナイトインチュニス - 8 デュアルサイン"",""狙い"":""◎○▲の中心"",""金額"":300,""予算内比率"":""15%""},{""スタイル"":""標準"",""券種"":""三連複"",""買い目"":""1 プレシャスタイム - 3 ナイトインチュニス - 7 カローナ"",""狙い"":""◎○－△"",""金額"":200,""予算内比率"":""10%""},{""スタイル"":""標準"",""券種"":""三連複"",""買い目"":""1 プレシャスタイム - 8 デュアルサイン - 2 シュプレヒコール"",""狙い"":""◎▲－△"",""金額"":200,""予算内比率"":""10%""}]",,,,,,,,,,,,,,,
2026-09-27|阪神|2R|6f2ed508d84dd316|morning|NA,2026-09-26T20:17:09+09:00,1.7,2026-09-27,阪神,2R,2歳未勝利,芝,1600,良,8,デュアルサイン,▲,3,0.0964253772536675,0.0395067599072358,12.925557972890878,0.0,12.925557972890878,4.6,3,,,morning,,,True,標準,2000.0,"[{""スタイル"":""標準"",""券種"":""単勝"",""買い目"":""1 プレシャスタイム"",""狙い"":""◎の勝ち切り"",""金額"":300,""予算内比率"":""15%""},{""スタイル"":""標準"",""券種"":""馬連"",""買い目"":""1 プレシャスタイム - 3 ナイトインチュニス"",""狙い"":""◎－○の本線"",""金額"":300,""予算内比率"":""15%""},{""スタイル"":""標準"",""券種"":""ワイド"",""買い目"":""1 プレシャスタイム - 3 ナイトインチュニス"",""狙い"":""◎－○の安定側"",""金額"":300,""予算内比率"":""15%""},{""スタイル"":""標準"",""券種"":""馬連"",""買い目"":""1 プレシャスタイム - 8 デュアルサイン"",""狙い"":""◎－▲の押さえ"",""金額"":200,""予算内比率"":""10%""},{""スタイル"":""標準"",""券種"":""ワイド"",""買い目"":""1 プレシャスタイム - 8 デュアルサイン"",""狙い"":""◎－▲"",""金額"":200,""予算内比率"":""10%""},{""スタイル"":""標準"",""券種"":""三連複"",""買い目"":""1 プレシャスタイム - 3 ナイトインチュニス - 8 デュアルサイン"",""狙い"":""◎○▲の中心"",""金額"":300,""予算内比率"":""15%""},{""スタイル"":""標準"",""券種"":""三連複"",""買い目"":""1 プレシャスタイム - 3 ナイトインチュニス - 7 カローナ"",""狙い"":""◎○－△"",""金額"":200,""予算内比率"":""10%""},{""スタイル"":""標準"",""券種"":""三連複"",""買い目"":""1 プレシャスタイム - 8 デュアルサイン - 2 シュプレヒコール"",""狙い"":""◎▲－△"",""金額"":200,""予算内比率"":""10%""}]",,,,,,,,,,,,,,,
2026-09-27|阪神|3R|fcb4d157578ca9e5|morning|NA,2026-09-26T20:17:10+09:00,1.7,2026-09-27,阪神,3R,2歳未勝利,ダート,1800,良,1,ロードメガロポリス,注,8,0.0460063812277624,0.0269026436470276,7.743248630940608,0.0,7.743248630940608,23.7,8,,,morning,,,True,標準,2000.0,"[{""スタイル"":""標準"",""券種"":""単勝"",""買い目"":""2 ブックオブケルズ"",""狙い"":""◎の勝ち切り"",""金額"":300,""予算内比率"":""15%""},{""スタイル"":""標準"",""券種"":""馬連"",""買い目"":""2 ブックオブケルズ - 8 ダンスコマンド"",""狙い"":""◎－○の本線"",""金額"":300,""予算内比率"":""15%""},{""スタイル"":""標準"",""券種"":""ワイド"",""買い目"":""2 ブックオブケルズ - 8 ダンスコマンド"",""狙い"":""◎－○の安定側"",""金額"":300,""予算内比率"":""15%""},{""スタイル"":""標準"",""券種"":""馬連"",""買い目"":""2 ブックオブケルズ - 6 ミンコフスキー"",""狙い"":""◎－▲の押さえ"",""金額"":200,""予算内比率"":""10%""},{""スタイル"":""標準"",""券種"":""ワイド"",""買い目"":""2 ブックオブケルズ - 6 ミンコフスキー"",""狙い"":""◎－▲"",""金額"":200,""予算内比率"":""10%""},{""スタイル"":""標準"",""券種"":""三連複"",""買い目"":""2 ブックオブケルズ - 8 ダンスコマンド - 6 ミンコフスキー"",""狙い"":""◎○▲の中心"",""金額"":300,""予算内比率"":""15%""},{""スタイル"":""標準"",""券種"":""三連複"",""買い目"":""2 ブックオブケルズ - 8 ダンスコマンド - 5 ボーオーブ"",""狙い"":""◎○－△"",""金額"":200,""予算内比率"":""10%""},{""スタイル"":""標準"",""券種"":""三連複"",""買い目"":""2 ブックオブケルズ - 6 ミンコフスキー - 7 ナオミガサイキョウ"",""狙い"":""◎▲－△"",""金額"":200,""予算内比率"":""10%""}]",,,,,,,,,,,,,,,
2026-09-27|阪神|3R|fcb4d157578ca9e5|morning|NA,2026-09-26T20:17:10+09:00,1.7,2026-09-27,阪神,3R,2歳未勝利,ダート,1800,良,2,ブックオブケルズ,◎,1,0.5074689601856374,0.4615329919553356,61.30171809799943,0.0,61.30171809799943,1.5,1,,,morning,,,True,標準,2000.0,"[{""スタイル"":""標準"",""券種"":""単勝"",""買い目"":""2 ブックオブケルズ"",""狙い"":""◎の勝ち切り"",""金額"":300,""予算内比率"":""15%""},{""スタイル"":""標準"",""券種"":""馬連"",""買い目"":""2 ブックオブケルズ - 8 ダンスコマンド"",""狙い"":""◎－○の本線"",""金額"":300,""予算内比率"":""15%""},{""スタイル"":""標準"",""券種"":""ワイド"",""買い目"":""2 ブックオブケルズ - 8 ダンスコマンド"",""狙い"":""◎－○の安定側"",""金額"":300,""予算内比率"":""15%""},{""スタイル"":""標準"",""券種"":""馬連"",""買い目"":""2 ブックオブケルズ - 6 ミンコフスキー"",""狙い"":""◎－▲の押さえ"",""金額"":200,""予算内比率"":""10%""},{""スタイル"":""標準"",""券種"":""ワイド"",""買い目"":""2 ブックオブケルズ - 6 ミンコフスキー"",""狙い"":""◎－▲"",""金額"":200,""予算内比率"":""10%""},{""スタイル"":""標準"",""券種"":""三連複"",""買い目"":""2 ブックオブケルズ - 8 ダンスコマンド - 6 ミンコフスキー"",""狙い"":""◎○▲の中心"",""金額"":300,""予算内比率"":""15%""},{""スタイル"":""標準"",""券種"":""三連複"",""買い目"":""2 ブックオブケルズ - 8 ダンスコマンド - 5 ボーオーブ"",""狙い"":""◎○－△"",""金額"":200,""予算内比率"":""10%""},{""スタイル"":""標準"",""券種"":""三連複"",""買い目"":""2 ブックオブケルズ - 6 ミンコフスキー - 7 ナオミガサイキョウ"",""狙い"":""◎▲－△"",""金額"":200,""予算内比率"":""10%""}]",,,,,,,,,,,,,,,
2026-09-27|阪神|3R|fcb4d157578ca9e5|morning|NA,2026-09-26T20:17:10+09:00,1.7,2026-09-27,阪神,3R,2歳未勝利,ダート,1800,良,3,メイクアマーク,☆,6,0.0744685387001642,0.0338344813532616,10.05286799121285,0.0,10.05286799121285,12.8,5,,,morning,,,True,標準,2000.0,"[{""スタイル"":""標準"",""券種"":""単勝"",""買い目"":""2 ブックオブケルズ"",""狙い"":""◎の勝ち切り"",""金額"":300,""予算内比率"":""15%""},{""スタイル"":""標準"",""券種"":""馬連"",""買い目"":""2 ブックオブケルズ - 8 ダンスコマンド"",""狙い"":""◎－○の本線"",""金額"":300,""予算内比率"":""15%""},{""スタイル"":""標準"",""券種"":""ワイド"",""買い目"":""2 ブックオブケルズ - 8 ダンスコマンド"",""狙い"":""◎－○の安定側"",""金額"":300,""予算内比率"":""15%""},{""スタイル"":""標準"",""券種"":""馬連"",""買い目"":""2 ブックオブケルズ - 6 ミンコフスキー"",""狙い"":""◎－▲の押さえ"",""金額"":200,""予算内比率"":""10%""},{""スタイル"":""標準"",""券種"":""ワイド"",""買い目"":""2 ブックオブケルズ - 6 ミンコフスキー"",""狙い"":""◎－▲"",""金額"":200,""予算内比率"":""10%""},{""スタイル"":""標準"",""券種"":""三連複"",""買い目"":""2 ブックオブケルズ - 8 ダンスコマンド - 6 ミンコフスキー"",""狙い"":""◎○▲の中心"",""金額"":300,""予算内比率"":""15%""},{""スタイル"":""標準"",""券種"":""三連複"",""買い目"":""2 ブックオブケルズ - 8 ダンスコマンド - 5 ボーオーブ"",""狙い"":""◎○－△"",""金額"":200,""予算内比率"":""10%""},{""スタイル"":""標準"",""券種"":""三連複"",""買い目"":""2 ブックオブケルズ - 6 ミンコフスキー - 7 ナオミガサイキョウ"",""狙い"":""◎▲－△"",""金額"":200,""予算内比率"":""10%""}]",,,,,,,,,,,,,,,
2026-09-27|阪神|3R|fcb4d157578ca9e5|morning|NA,2026-09-26T20:17:10+09:00,1.7,2026-09-27,阪神,3R,2歳未勝利,ダート,1800,良,4,カクシンゴールド,注,9,0.006335919921296,0.010164662142513,4.170288328997862,0.0,4.170288328997862,138.6,9,,,morning,,,True,標準,2000.0,"[{""スタイル"":""標準"",""券種"":""単勝"",""買い目"":""2 ブックオブケルズ"",""狙い"":""◎の勝ち切り"",""金額"":300,""予算内比率"":""15%""},{""スタイル"":""標準"",""券種"":""馬連"",""買い目"":""2 ブックオブケルズ - 8 ダンスコマンド"",""狙い"":""◎－○の本線"",""金額"":300,""予算内比率"":""15%""},{""スタイル"":""標準"",""券種"":""ワイド"",""買い目"":""2 ブックオブケルズ - 8 ダンスコマンド"",""狙い"":""◎－○の安定側"",""金額"":300,""予算内比率"":""15%""},{""スタイル"":""標準"",""券種"":""馬連"",""買い目"":""2 ブックオブケルズ - 6 ミンコフスキー"",""狙い"":""◎－▲の押さえ"",""金額"":200,""予算内比率"":""10%""},{""スタイル"":""標準"",""券種"":""ワイド"",""買い目"":""2 ブックオブケルズ - 6 ミンコフスキー"",""狙い"":""◎－▲"",""金額"":200,""予算内比率"":""10%""},{""スタイル"":""標準"",""券種"":""三連複"",""買い目"":""2 ブックオブケルズ - 8 ダンスコマンド - 6 ミンコフスキー"",""狙い"":""◎○▲の中心"",""金額"":300,""予算内比率"":""15%""},{""スタイル"":""標準"",""券種"":""三連複"",""買い目"":""2 ブックオブケルズ - 8 ダンスコマンド - 5 ボーオーブ"",""狙い"":""◎○－△"",""金額"":200,""予算内比率"":""10%""},{""スタイル"":""標準"",""券種"":""三連複"",""買い目"":""2 ブックオブケルズ - 6 ミンコフスキー - 7 ナオミガサイキョウ"",""狙い"":""◎▲－△"",""金額"":200,""予算内比率"":""10%""}]",,,,,,,,,,,,,,,
2026-09-27|阪神|3R|fcb4d157578ca9e5|morning|NA,2026-09-26T20:17:10+09:00,1.7,2026-09-27,阪神,3R,2歳未勝利,ダート,1800,良,5,ボーオーブ,△,4,0.0733210607905065,0.0379454113745114,10.179273244260234,0.0,10.179273244260234,8.6,2,,,morning,,,True,標準,2000.0,"[{""スタイル"":""標準"",""券種"":""単勝"",""買い目"":""2 ブックオブケルズ"",""狙い"":""◎の勝ち切り"",""金額"":300,""予算内比率"":""15%""},{""スタイル"":""標準"",""券種"":""馬連"",""買い目"":""2 ブックオブケルズ - 8 ダンスコマンド"",""狙い"":""◎－○の本線"",""金額"":300,""予算内比率"":""15%""},{""スタイル"":""標準"",""券種"":""ワイド"",""買い目"":""2 ブックオブケルズ - 8 ダンスコマンド"",""狙い"":""◎－○の安定側"",""金額"":300,""予算内比率"":""15%""},{""スタイル"":""標準"",""券種"":""馬連"",""買い目"":""2 ブックオブケルズ - 6 ミンコフスキー"",""狙い"":""◎－▲の押さえ"",""金額"":200,""予算内比率"":""10%""},{""スタイル"":""標準"",""券種"":""ワイド"",""買い目"":""2 ブックオブケルズ - 6 ミンコフスキー"",""狙い"":""◎－▲"",""金額"":200,""予算内比率"":""10%""},{""スタイル"":""標準"",""券種"":""三連複"",""買い目"":""2 ブックオブケルズ - 8 ダンスコマンド - 6 ミンコフスキー"",""狙い"":""◎○▲の中心"",""金額"":300,""予算内比率"":""15%""},{""スタイル"":""標準"",""券種"":""三連複"",""買い目"":""2 ブックオブケルズ - 8 ダンスコマンド - 5 ボーオーブ"",""狙い"":""◎○－△"",""金額"":200,""予算内比率"":""10%""},{""スタイル"":""標準"",""券種"":""三連複"",""買い目"":""2 ブックオブケルズ - 6 ミンコフスキー - 7 ナオミガサイキョウ"",""狙い"":""◎▲－△"",""金額"":200,""予算内比率"":""10%""}]",,,,,,,,,,,,,,,
2026-09-27|阪神|3R|fcb4d157578ca9e5|morning|NA,2026-09-26T20:17:10+09:00,1.7,2026-09-27,阪神,3R,2歳未勝利,ダート,1800,良,6,ミンコフスキー,▲,3,0.0745514134664782,0.039552239104162,10.34447172947695,0.0,10.34447172947695,8.6,3,,,morning,,,True,標準,2000.0,"[{""スタイル"":""標準"",""券種"":""単勝"",""買い目"":""2 ブックオブケルズ"",""狙い"":""◎の勝ち切り"",""金額"":300,""予算内比率"":""15%""},{""スタイル"":""標準"",""券種"":""馬連"",""買い目"":""2 ブックオブケルズ - 8 ダンスコマンド"",""狙い"":""◎－○の本線"",""金額"":300,""予算内比率"":""15%""},{""スタイル"":""標準"",""券種"":""ワイド"",""買い目"":""2 ブックオブケルズ - 8 ダンスコマンド"",""狙い"":""◎－○の安定側"",""金額"":300,""予算内比率"":""15%""},{""スタイル"":""標準"",""券種"":""馬連"",""買い目"":""2 ブックオブケルズ - 6 ミンコフスキー"",""狙い"":""◎－▲の押さえ"",""金額"":200,""予算内比率"":""10%""},{""スタイル"":""標準"",""券種"":""ワイド"",""買い目"":""2 ブックオブケルズ - 6 ミンコフスキー"",""狙い"":""◎－▲"",""金額"":200,""予算内比率"":""10%""},{""スタイル"":""標準"",""券種"":""三連複"",""買い目"":""2 ブックオブケルズ - 8 ダンスコマンド - 6 ミンコフスキー"",""狙い"":""◎○▲の中心"",""金額"":300,""予算内比率"":""15%""},{""スタイル"":""標準"",""券種"":""三連複"",""買い目"":""2 ブックオブケルズ - 8 ダンスコマンド - 5 ボーオーブ"",""狙い"":""◎○－△"",""金額"":200,""予算内比率"":""10%""},{""スタイル"":""標準"",""券種"":""三連複"",""買い目"":""2 ブックオブケルズ - 6 ミンコフスキー - 7 ナオミガサイキョウ"",""狙い"":""◎▲－△"",""金額"":200,""予算内比率"":""10%""}]",,,,,,,,,,,,,,,
2026-09-27|阪神|3R|fcb4d157578ca9e5|morning|NA,2026-09-26T20:17:10+09:00,1.7,2026-09-27,阪神,3R,2歳未勝利,ダート,1800,良,7,ナオミガサイキョウ,△,5,0.0751754876268865,0.0330343155341619,10.06161778080377,0.0,10.06161778080377,13.0,6,,,morning,,,True,標準,2000.0,"[{""スタイル"":""標準"",""券種"":""単勝"",""買い目"":""2 ブックオブケルズ"",""狙い"":""◎の勝ち切り"",""金額"":300,""予算内比率"":""15%""},{""スタイル"":""標準"",""券種"":""馬連"",""買い目"":""2 ブックオブケルズ - 8 ダンスコマンド"",""狙い"":""◎－○の本線"",""金額"":300,""予算内比率"":""15%""},{""スタイル"":""標準"",""券種"":""ワイド"",""買い目"":""2 ブックオブケルズ - 8 ダンスコマンド"",""狙い"":""◎－○の安定側"",""金額"":300,""予算内比率"":""15%""},{""スタイル"":""標準"",""券種"":""馬連"",""買い目"":""2 ブックオブケルズ - 6 ミンコフスキー"",""狙い"":""◎－▲の押さえ"",""金額"":200,""予算内比率"":""10%""},{""スタイル"":""標準"",""券種"":""ワイド"",""買い目"":""2 ブックオブケルズ - 6 ミンコフスキー"",""狙い"":""◎－▲"",""金額"":200,""予算内比率"":""10%""},{""スタイル"":""標準"",""券種"":""三連複"",""買い目"":""2 ブックオブケルズ - 8 ダンスコマンド - 6 ミンコフスキー"",""狙い"":""◎○▲の中心"",""金額"":300,""予算内比率"":""15%""},{""スタイル"":""標準"",""券種"":""三連複"",""買い目"":""2 ブックオブケルズ - 8 ダンスコマンド - 5 ボーオーブ"",""狙い"":""◎○－△"",""金額"":200,""予算内比率"":""10%""},{""スタイル"":""標準"",""券種"":""三連複"",""買い目"":""2 ブックオブケルズ - 6 ミンコフスキー - 7 ナオミガサイキョウ"",""狙い"":""◎▲－△"",""金額"":200,""予算内比率"":""10%""}]",,,,,,,,,,,,,,,
2026-09-27|阪神|3R|fcb4d157578ca9e5|morning|NA,2026-09-26T20:17:10+09:00,1.7,2026-09-27,阪神,3R,2歳未勝利,ダート,1800,良,8,ダンスコマンド,○,2,0.0834537001476485,0.0330651032171869,10.634103293602342,0.0,10.634103293602342,9.1,4,,,morning,,,True,標準,2000.0,"[{""スタイル"":""標準"",""券種"":""単勝"",""買い目"":""2 ブックオブケルズ"",""狙い"":""◎の勝ち切り"",""金額"":300,""予算内比率"":""15%""},{""スタイル"":""標準"",""券種"":""馬連"",""買い目"":""2 ブックオブケルズ - 8 ダンスコマンド"",""狙い"":""◎－○の本線"",""金額"":300,""予算内比率"":""15%""},{""スタイル"":""標準"",""券種"":""ワイド"",""買い目"":""2 ブックオブケルズ - 8 ダンスコマンド"",""狙い"":""◎－○の安定側"",""金額"":300,""予算内比率"":""15%""},{""スタイル"":""標準"",""券種"":""馬連"",""買い目"":""2 ブックオブケルズ - 6 ミンコフスキー"",""狙い"":""◎－▲の押さえ"",""金額"":200,""予算内比率"":""10%""},{""スタイル"":""標準"",""券種"":""ワイド"",""買い目"":""2 ブックオブケルズ - 6 ミンコフスキー"",""狙い"":""◎－▲"",""金額"":200,""予算内比率"":""10%""},{""スタイル"":""標準"",""券種"":""三連複"",""買い目"":""2 ブックオブケルズ - 8 ダンスコマンド - 6 ミンコフスキー"",""狙い"":""◎○▲の中心"",""金額"":300,""予算内比率"":""15%""},{""スタイル"":""標準"",""券種"":""三連複"",""買い目"":""2 ブックオブケルズ - 8 ダンスコマンド - 5 ボーオーブ"",""狙い"":""◎○－△"",""金額"":200,""予算内比率"":""10%""},{""スタイル"":""標準"",""券種"":""三連複"",""買い目"":""2 ブックオブケルズ - 6 ミンコフスキー - 7 ナオミガサイキョウ"",""狙い"":""◎▲－△"",""金額"":200,""予算内比率"":""10%""}]",,,,,,,,,,,,,,,
2026-09-27|阪神|3R|fcb4d157578ca9e5|morning|NA,2026-09-26T20:17:10+09:00,1.7,2026-09-27,阪神,3R,2歳未勝利,ダート,1800,良,9,セブンサークル,☆,7,0.0592185379336201,0.0314180992654887,8.880260366332639,0.0,8.880260366332639,17.3,7,,,morning,,,True,標準,2000.0,"[{""スタイル"":""標準"",""券種"":""単勝"",""買い目"":""2 ブックオブケルズ"",""狙い"":""◎の勝ち切り"",""金額"":300,""予算内比率"":""15%""},{""スタイル"":""標準"",""券種"":""馬連"",""買い目"":""2 ブックオブケルズ - 8 ダンスコマンド"",""狙い"":""◎－○の本線"",""金額"":300,""予算内比率"":""15%""},{""スタイル"":""標準"",""券種"":""ワイド"",""買い目"":""2 ブックオブケルズ - 8 ダンスコマンド"",""狙い"":""◎－○の安定側"",""金額"":300,""予算内比率"":""15%""},{""スタイル"":""標準"",""券種"":""馬連"",""買い目"":""2 ブックオブケルズ - 6 ミンコフスキー"",""狙い"":""◎－▲の押さえ"",""金額"":200,""予算内比率"":""10%""},{""スタイル"":""標準"",""券種"":""ワイド"",""買い目"":""2 ブックオブケルズ - 6 ミンコフスキー"",""狙い"":""◎－▲"",""金額"":200,""予算内比率"":""10%""},{""スタイル"":""標準"",""券種"":""三連複"",""買い目"":""2 ブックオブケルズ - 8 ダンスコマンド - 6 ミンコフスキー"",""狙い"":""◎○▲の中心"",""金額"":300,""予算内比率"":""15%""},{""スタイル"":""標準"",""券種"":""三連複"",""買い目"":""2 ブックオブケルズ - 8 ダンスコマンド - 5 ボーオーブ"",""狙い"":""◎○－△"",""金額"":200,""予算内比率"":""10%""},{""スタイル"":""標準"",""券種"":""三連複"",""買い目"":""2 ブックオブケルズ - 6 ミンコフスキー - 7 ナオミガサイキョウ"",""狙い"":""◎▲－△"",""金額"":200,""予算内比率"":""10%""}]",,,,,,,,,,,,,,,
2026-09-27|阪神|4R|4c4af7c00f667c56|morning|NA,2026-09-26T20:17:10+09:00,1.7,2026-09-27,阪神,4R,2歳未勝利,芝,2000,良,1,ロクメイカン,☆,6,0.096301370074526,0.0368471992299914,16.797966534134385,0.0,16.797966534134385,13.2,6,,,morning,,,True,標準,2000.0,"[{""スタイル"":""標準"",""券種"":""単勝"",""買い目"":""2 ダイナマイク"",""狙い"":""◎の勝ち切り"",""金額"":300,""予算内比率"":""15%""},{""スタイル"":""標準"",""券種"":""馬連"",""買い目"":""2 ダイナマイク - 4 ガリアルダ"",""狙い"":""◎－○の本線"",""金額"":300,""予算内比率"":""15%""},{""スタイル"":""標準"",""券種"":""ワイド"",""買い目"":""2 ダイナマイク - 4 ガリアルダ"",""狙い"":""◎－○の安定側"",""金額"":300,""予算内比率"":""15%""},{""スタイル"":""標準"",""券種"":""馬連"",""買い目"":""2 ダイナマイク - 3 エトワールハマー"",""狙い"":""◎－▲の押さえ"",""金額"":200,""予算内比率"":""10%""},{""スタイル"":""標準"",""券種"":""ワイド"",""買い目"":""2 ダイナマイク - 3 エトワールハマー"",""狙い"":""◎－▲"",""金額"":200,""予算内比率"":""10%""},{""スタイル"":""標準"",""券種"":""三連複"",""買い目"":""2 ダイナマイク - 4 ガリアルダ - 3 エトワールハマー"",""狙い"":""◎○▲の中心"",""金額"":300,""予算内比率"":""15%""},{""スタイル"":""標準"",""券種"":""三連複"",""買い目"":""2 ダイナマイク - 4 ガリアルダ - 5 ヤマニンイハナ"",""狙い"":""◎○－△"",""金額"":200,""予算内比率"":""10%""},{""スタイル"":""標準"",""券種"":""三連複"",""買い目"":""2 ダイナマイク - 3 エトワールハマー - 7 クラリスバローズ"",""狙い"":""◎▲－△"",""金額"":200,""予算内比率"":""10%""}]",,,,,,,,,,,,,,,
2026-09-27|阪神|4R|4c4af7c00f667c56|morning|NA,2026-09-26T20:17:10+09:00,1.7,2026-09-27,阪神,4R,2歳未勝利,芝,2000,良,2,ダイナマイク,◎,1,0.2873310611844928,0.1013170511478299,43.29092105762414,0.0,43.29092105762414,3.0,1,,,morning,,,True,標準,2000.0,"[{""スタイル"":""標準"",""券種"":""単勝"",""買い目"":""2 ダイナマイク"",""狙い"":""◎の勝ち切り"",""金額"":300,""予算内比率"":""15%""},{""スタイル"":""標準"",""券種"":""馬連"",""買い目"":""2 ダイナマイク - 4 ガリアルダ"",""狙い"":""◎－○の本線"",""金額"":300,""予算内比率"":""15%""},{""スタイル"":""標準"",""券種"":""ワイド"",""買い目"":""2 ダイナマイク - 4 ガリアルダ"",""狙い"":""◎－○の安定側"",""金額"":300,""予算内比率"":""15%""},{""スタイル"":""標準"",""券種"":""馬連"",""買い目"":""2 ダイナマイク - 3 エトワールハマー"",""狙い"":""◎－▲の押さえ"",""金額"":200,""予算内比率"":""10%""},{""スタイル"":""標準"",""券種"":""ワイド"",""買い目"":""2 ダイナマイク - 3 エトワールハマー"",""狙い"":""◎－▲"",""金額"":200,""予算内比率"":""10%""},{""スタイル"":""標準"",""券種"":""三連複"",""買い目"":""2 ダイナマイク - 4 ガリアルダ - 3 エトワールハマー"",""狙い"":""◎○▲の中心"",""金額"":300,""予算内比率"":""15%""},{""スタイル"":""標準"",""券種"":""三連複"",""買い目"":""2 ダイナマイク - 4 ガリアルダ - 5 ヤマニンイハナ"",""狙い"":""◎○－△"",""金額"":200,""予算内比率"":""10%""},{""スタイル"":""標準"",""券種"":""三連複"",""買い目"":""2 ダイナマイク - 3 エトワールハマー - 7 クラリスバローズ"",""狙い"":""◎▲－△"",""金額"":200,""予算内比率"":""10%""}]",,,,,,,,,,,,,,,
2026-09-27|阪神|4R|4c4af7c00f667c56|morning|NA,2026-09-26T20:17:10+09:00,1.7,2026-09-27,阪神,4R,2歳未勝利,芝,2000,良,3,エトワールハマー,▲,3,0.1385835247172024,0.0410240829610908,22.15722991446896,0.0,22.15722991446896,4.6,3,,,morning,,,True,標準,2000.0,"[{""スタイル"":""標準"",""券種"":""単勝"",""買い目"":""2 ダイナマイク"",""狙い"":""◎の勝ち切り"",""金額"":300,""予算内比率"":""15%""},{""スタイル"":""標準"",""券種"":""馬連"",""買い目"":""2 ダイナマイク - 4 ガリアルダ"",""狙い"":""◎－○の本線"",""金額"":300,""予算内比率"":""15%""},{""スタイル"":""標準"",""券種"":""ワイド"",""買い目"":""2 ダイナマイク - 4 ガリアルダ"",""狙い"":""◎－○の安定側"",""金額"":300,""予算内比率"":""15%""},{""スタイル"":""標準"",""券種"":""馬連"",""買い目"":""2 ダイナマイク - 3 エトワールハマー"",""狙い"":""◎－▲の押さえ"",""金額"":200,""予算内比率"":""10%""},{""スタイル"":""標準"",""券種"":""ワイド"",""買い目"":""2 ダイナマイク - 3 エトワールハマー"",""狙い"":""◎－▲"",""金額"":200,""予算内比率"":""10%""},{""スタイル"":""標準"",""券種"":""三連複"",""買い目"":""2 ダイナマイク - 4 ガリアルダ - 3 エトワールハマー"",""狙い"":""◎○▲の中心"",""金額"":300,""予算内比率"":""15%""},{""スタイル"":""標準"",""券種"":""三連複"",""買い目"":""2 ダイナマイク - 4 ガリアルダ - 5 ヤマニンイハナ"",""狙い"":""◎○－△"",""金額"":200,""予算内比率"":""10%""},{""スタイル"":""標準"",""券種"":""三連複"",""買い目"":""2 ダイナマイク - 3 エトワールハマー - 7 クラリスバローズ"",""狙い"":""◎▲－△"",""金額"":200,""予算内比率"":""10%""}]",,,,,,,,,,,,,,,
2026-09-27|阪神|4R|4c4af7c00f667c56|morning|NA,2026-09-26T20:17:10+09:00,1.7,2026-09-27,阪神,4R,2歳未勝利,芝,2000,良,4,ガリアルダ,○,2,0.1656633821470393,0.0483267338672223,25.82097906647689,0.0,25.82097906647689,3.9,2,,,morning,,,True,標準,2000.0,"[{""スタイル"":""標準"",""券種"":""単勝"",""買い目"":""2 ダイナマイク"",""狙い"":""◎の勝ち切り"",""金額"":300,""予算内比率"":""15%""},{""スタイル"":""標準"",""券種"":""馬連"",""買い目"":""2 ダイナマイク - 4 ガリアルダ"",""狙い"":""◎－○の本線"",""金額"":300,""予算内比率"":""15%""},{""スタイル"":""標準"",""券種"":""ワイド"",""買い目"":""2 ダイナマイク - 4 ガリアルダ"",""狙い"":""◎－○の安定側"",""金額"":300,""予算内比率"":""15%""},{""スタイル"":""標準"",""券種"":""馬連"",""買い目"":""2 ダイナマイク - 3 エトワールハマー"",""狙い"":""◎－▲の押さえ"",""金額"":200,""予算内比率"":""10%""},{""スタイル"":""標準"",""券種"":""ワイド"",""買い目"":""2 ダイナマイク - 3 エトワールハマー"",""狙い"":""◎－▲"",""金額"":200,""予算内比率"":""10%""},{""スタイル"":""標準"",""券種"":""三連複"",""買い目"":""2 ダイナマイク - 4 ガリアルダ - 3 エトワールハマー"",""狙い"":""◎○▲の中心"",""金額"":300,""予算内比率"":""15%""},{""スタイル"":""標準"",""券種"":""三連複"",""買い目"":""2 ダイナマイク - 4 ガリアルダ - 5 ヤマニンイハナ"",""狙い"":""◎○－△"",""金額"":200,""予算内比率"":""10%""},{""スタイル"":""標準"",""券種"":""三連複"",""買い目"":""2 ダイナマイク - 3 エトワールハマー - 7 クラリスバローズ"",""狙い"":""◎▲－△"",""金額"":200,""予算内比率"":""10%""}]",,,,,,,,,,,,,,,
2026-09-27|阪神|4R|4c4af7c00f667c56|morning|NA,2026-09-26T20:17:10+09:00,1.7,2026-09-27,阪神,4R,2歳未勝利,芝,2000,良,5,ヤマニンイハナ,△,4,0.1238095333163013,0.0198974578173562,19.301268304406747,0.0,19.301268304406747,6.5,5,,,morning,,,True,標準,2000.0,"[{""スタイル"":""標準"",""券種"":""単勝"",""買い目"":""2 ダイナマイク"",""狙い"":""◎の勝ち切り"",""金額"":300,""予算内比率"":""15%""},{""スタイル"":""標準"",""券種"":""馬連"",""買い目"":""2 ダイナマイク - 4 ガリアルダ"",""狙い"":""◎－○の本線"",""金額"":300,""予算内比率"":""15%""},{""スタイル"":""標準"",""券種"":""ワイド"",""買い目"":""2 ダイナマイク - 4 ガリアルダ"",""狙い"":""◎－○の安定側"",""金額"":300,""予算内比率"":""15%""},{""スタイル"":""標準"",""券種"":""馬連"",""買い目"":""2 ダイナマイク - 3 エトワールハマー"",""狙い"":""◎－▲の押さえ"",""金額"":200,""予算内比率"":""10%""},{""スタイル"":""標準"",""券種"":""ワイド"",""買い目"":""2 ダイナマイク - 3 エトワールハマー"",""狙い"":""◎－▲"",""金額"":200,""予算内比率"":""10%""},{""スタイル"":""標準"",""券種"":""三連複"",""買い目"":""2 ダイナマイク - 4 ガリアルダ - 3 エトワールハマー"",""狙い"":""◎○▲の中心"",""金額"":300,""予算内比率"":""15%""},{""スタイル"":""標準"",""券種"":""三連複"",""買い目"":""2 ダイナマイク - 4 ガリアルダ - 5 ヤマニンイハナ"",""狙い"":""◎○－△"",""金額"":200,""予算内比率"":""10%""},{""スタイル"":""標準"",""券種"":""三連複"",""買い目"":""2 ダイナマイク - 3 エトワールハマー - 7 クラリスバローズ"",""狙い"":""◎▲－△"",""金額"":200,""予算内比率"":""10%""}]",,,,,,,,,,,,,,,
2026-09-27|阪神|4R|4c4af7c00f667c56|morning|NA,2026-09-26T20:17:10+09:00,1.7,2026-09-27,阪神,4R,2歳未勝利,芝,2000,良,6,パーセンタイル,☆,7,0.0804955500368305,0.0377389710393205,14.917236994918593,0.0,14.917236994918593,16.8,7,,,morning,,,True,標準,2000.0,"[{""スタイル"":""標準"",""券種"":""単勝"",""買い目"":""2 ダイナマイク"",""狙い"":""◎の勝ち切り"",""金額"":300,""予算内比率"":""15%""},{""スタイル"":""標準"",""券種"":""馬連"",""買い目"":""2 ダイナマイク - 4 ガリアルダ"",""狙い"":""◎－○の本線"",""金額"":300,""予算内比率"":""15%""},{""スタイル"":""標準"",""券種"":""ワイド"",""買い目"":""2 ダイナマイク - 4 ガリアルダ"",""狙い"":""◎－○の安定側"",""金額"":300,""予算内比率"":""15%""},{""スタイル"":""標準"",""券種"":""馬連"",""買い目"":""2 ダイナマイク - 3 エトワールハマー"",""狙い"":""◎－▲の押さえ"",""金額"":200,""予算内比率"":""10%""},{""スタイル"":""標準"",""券種"":""ワイド"",""買い目"":""2 ダイナマイク - 3 エトワールハマー"",""狙い"":""◎－▲"",""金額"":200,""予算内比率"":""10%""},{""スタイル"":""標準"",""券種"":""三連複"",""買い目"":""2 ダイナマイク - 4 ガリアルダ - 3 エトワールハマー"",""狙い"":""◎○▲の中心"",""金額"":300,""予算内比率"":""15%""},{""スタイル"":""標準"",""券種"":""三連複"",""買い目"":""2 ダイナマイク - 4 ガリアルダ - 5 ヤマニンイハナ"",""狙い"":""◎○－△"",""金額"":200,""予算内比率"":""10%""},{""スタイル"":""標準"",""券種"":""三連複"",""買い目"":""2 ダイナマイク - 3 エトワールハマー - 7 クラリスバローズ"",""狙い"":""◎▲－△"",""金額"":200,""予算内比率"":""10%""}]",,,,,,,,,,,,,,,
2026-09-27|阪神|4R|4c4af7c00f667c56|morning|NA,2026-09-26T20:17:10+09:00,1.7,2026-09-27,阪神,4R,2歳未勝利,芝,2000,良,7,クラリスバローズ,△,5,0.1078155785236076,0.0271669621606702,17.716508564180053,0.0,17.716508564180053,6.0,4,,,morning,,,True,標準,2000.0,"[{""スタイル"":""標準"",""券種"":""単勝"",""買い目"":""2 ダイナマイク"",""狙い"":""◎の勝ち切り"",""金額"":300,""予算内比率"":""15%""},{""スタイル"":""標準"",""券種"":""馬連"",""買い目"":""2 ダイナマイク - 4 ガリアルダ"",""狙い"":""◎－○の本線"",""金額"":300,""予算内比率"":""15%""},{""スタイル"":""標準"",""券種"":""ワイド"",""買い目"":""2 ダイナマイク - 4 ガリアルダ"",""狙い"":""◎－○の安定側"",""金額"":300,""予算内比率"":""15%""},{""スタイル"":""標準"",""券種"":""馬連"",""買い目"":""2 ダイナマイク - 3 エトワールハマー"",""狙い"":""◎－▲の押さえ"",""金額"":200,""予算内比率"":""10%""},{""スタイル"":""標準"",""券種"":""ワイド"",""買い目"":""2 ダイナマイク - 3 エトワールハマー"",""狙い"":""◎－▲"",""金額"":200,""予算内比率"":""10%""},{""スタイル"":""標準"",""券種"":""三連複"",""買い目"":""2 ダイナマイク - 4 ガリアルダ - 3 エトワールハマー"",""狙い"":""◎○▲の中心"",""金額"":300,""予算内比率"":""15%""},{""スタイル"":""標準"",""券種"":""三連複"",""買い目"":""2 ダイナマイク - 4 ガリアルダ - 5 ヤマニンイハナ"",""狙い"":""◎○－△"",""金額"":200,""予算内比率"":""10%""},{""スタイル"":""標準"",""券種"":""三連複"",""買い目"":""2 ダイナマイク - 3 エトワールハマー - 7 クラリスバローズ"",""狙い"":""◎▲－△"",""金額"":200,""予算内比率"":""10%""}]",,,,,,,,,,,,,,,
2026-09-27|阪神|5R|36fbf1fc3b759b55|morning|NA,2026-09-26T20:17:11+09:00,1.7,2026-09-27,阪神,5R,2歳新馬,芝,1400,良,1,クリスレグナム,注,8,0.0329743690369212,0.0268552618863483,8.706229458236766,0.0,8.706229458236766,37.8,8,,,morning,,,True,標準,2000.0,"[{""スタイル"":""標準"",""券種"":""単勝"",""買い目"":""8 エターナルバラード"",""狙い"":""◎の勝ち切り"",""金額"":300,""予算内比率"":""15%""},{""スタイル"":""標準"",""券種"":""馬連"",""買い目"":""8 エターナルバラード - 6 ベルジャンブ"",""狙い"":""◎－○の本線"",""金額"":300,""予算内比率"":""15%""},{""スタイル"":""標準"",""券種"":""ワイド"",""買い目"":""8 エターナルバラード - 6 ベルジャンブ"",""狙い"":""◎－○の安定側"",""金額"":300,""予算内比率"":""15%""},{""スタイル"":""標準"",""券種"":""馬連"",""買い目"":""8 エターナルバラード - 2 エクシプノス"",""狙い"":""◎－▲の押さえ"",""金額"":200,""予算内比率"":""10%""},{""スタイル"":""標準"",""券種"":""ワイド"",""買い目"":""8 エターナルバラード - 2 エクシプノス"",""狙い"":""◎－▲"",""金額"":200,""予算内比率"":""10%""},{""スタイル"":""標準"",""券種"":""三連複"",""買い目"":""8 エターナルバラード - 6 ベルジャンブ - 2 エクシプノス"",""狙い"":""◎○▲の中心"",""金額"":300,""予算内比率"":""15%""},{""スタイル"":""標準"",""券種"":""三連複"",""買い目"":""8 エターナルバラード - 6 ベルジャンブ - 3 パルスカ"",""狙い"":""◎○－△"",""金額"":200,""予算内比率"":""10%""},{""スタイル"":""標準"",""券種"":""三連複"",""買い目"":""8 エターナルバラード - 2 エクシプノス - 9 ノーマンデー"",""狙い"":""◎▲－△"",""金額"":200,""予算内比率"":""10%""}]",,,,,,,,,,,,,,,
2026-09-27|阪神|5R|36fbf1fc3b759b55|morning|NA,2026-09-26T20:17:11+09:00,1.7,2026-09-27,阪神,5R,2歳新馬,芝,1400,良,2,エクシプノス,▲,3,0.1097840429296463,0.0387598083221486,18.94133768243949,0.0,18.94133768243949,5.0,3,,,morning,,,True,標準,2000.0,"[{""スタイル"":""標準"",""券種"":""単勝"",""買い目"":""8 エターナルバラード"",""狙い"":""◎の勝ち切り"",""金額"":300,""予算内比率"":""15%""},{""スタイル"":""標準"",""券種"":""馬連"",""買い目"":""8 エターナルバラード - 6 ベルジャンブ"",""狙い"":""◎－○の本線"",""金額"":300,""予算内比率"":""15%""},{""スタイル"":""標準"",""券種"":""ワイド"",""買い目"":""8 エターナルバラード - 6 ベルジャンブ"",""狙い"":""◎－○の安定側"",""金額"":300,""予算内比率"":""15%""},{""スタイル"":""標準"",""券種"":""馬連"",""買い目"":""8 エターナルバラード - 2 エクシプノス"",""狙い"":""◎－▲の押さえ"",""金額"":200,""予算内比率"":""10%""},{""スタイル"":""標準"",""券種"":""ワイド"",""買い目"":""8 エターナルバラード - 2 エクシプノス"",""狙い"":""◎－▲"",""金額"":200,""予算内比率"":""10%""},{""スタイル"":""標準"",""券種"":""三連複"",""買い目"":""8 エターナルバラード - 6 ベルジャンブ - 2 エクシプノス"",""狙い"":""◎○▲の中心"",""金額"":300,""予算内比率"":""15%""},{""スタイル"":""標準"",""券種"":""三連複"",""買い目"":""8 エターナルバラード - 6 ベルジャンブ - 3 パルスカ"",""狙い"":""◎○－△"",""金額"":200,""予算内比率"":""10%""},{""スタイル"":""標準"",""券種"":""三連複"",""買い目"":""8 エターナルバラード - 2 エクシプノス - 9 ノーマンデー"",""狙い"":""◎▲－△"",""金額"":200,""予算内比率"":""10%""}]",,,,,,,,,,,,,,,
2026-09-27|阪神|5R|36fbf1fc3b759b55|morning|NA,2026-09-26T20:17:11+09:00,1.7,2026-09-27,阪神,5R,2歳新馬,芝,1400,良,3,パルスカ,△,4,0.0952078251775633,0.0327740497291644,16.812683788628544,0.0,16.812683788628544,9.0,4,,,morning,,,True,標準,2000.0,"[{""スタイル"":""標準"",""券種"":""単勝"",""買い目"":""8 エターナルバラード"",""狙い"":""◎の勝ち切り"",""金額"":300,""予算内比率"":""15%""},{""スタイル"":""標準"",""券種"":""馬連"",""買い目"":""8 エターナルバラード - 6 ベルジャンブ"",""狙い"":""◎－○の本線"",""金額"":300,""予算内比率"":""15%""},{""スタイル"":""標準"",""券種"":""ワイド"",""買い目"":""8 エターナルバラード - 6 ベルジャンブ"",""狙い"":""◎－○の安定側"",""金額"":300,""予算内比率"":""15%""},{""スタイル"":""標準"",""券種"":""馬連"",""買い目"":""8 エターナルバラード - 2 エクシプノス"",""狙い"":""◎－▲の押さえ"",""金額"":200,""予算内比率"":""10%""},{""スタイル"":""標準"",""券種"":""ワイド"",""買い目"":""8 エターナルバラード - 2 エクシプノス"",""狙い"":""◎－▲"",""金額"":200,""予算内比率"":""10%""},{""スタイル"":""標準"",""券種"":""三連複"",""買い目"":""8 エターナルバラード - 6 ベルジャンブ - 2 エクシプノス"",""狙い"":""◎○▲の中心"",""金額"":300,""予算内比率"":""15%""},{""スタイル"":""標準"",""券種"":""三連複"",""買い目"":""8 エターナルバラード - 6 ベルジャンブ - 3 パルスカ"",""狙い"":""◎○－△"",""金額"":200,""予算内比率"":""10%""},{""スタイル"":""標準"",""券種"":""三連複"",""買い目"":""8 エターナルバラード - 2 エクシプノス - 9 ノーマンデー"",""狙い"":""◎▲－△"",""金額"":200,""予算内比率"":""10%""}]",,,,,,,,,,,,,,,
2026-09-27|阪神|5R|36fbf1fc3b759b55|morning|NA,2026-09-26T20:17:11+09:00,1.7,2026-09-27,阪神,5R,2歳新馬,芝,1400,良,4,メモリーブック,注,9,0.0309438960269267,0.0255247167571376,8.38487078536835,0.0,8.38487078536835,43.8,9,,,morning,,,True,標準,2000.0,"[{""スタイル"":""標準"",""券種"":""単勝"",""買い目"":""8 エターナルバラード"",""狙い"":""◎の勝ち切り"",""金額"":300,""予算内比率"":""15%""},{""スタイル"":""標準"",""券種"":""馬連"",""買い目"":""8 エターナルバラード - 6 ベルジャンブ"",""狙い"":""◎－○の本線"",""金額"":300,""予算内比率"":""15%""},{""スタイル"":""標準"",""券種"":""ワイド"",""買い目"":""8 エターナルバラード - 6 ベルジャンブ"",""狙い"":""◎－○の安定側"",""金額"":300,""予算内比率"":""15%""},{""スタイル"":""標準"",""券種"":""馬連"",""買い目"":""8 エターナルバラード - 2 エクシプノス"",""狙い"":""◎－▲の押さえ"",""金額"":200,""予算内比率"":""10%""},{""スタイル"":""標準"",""券種"":""ワイド"",""買い目"":""8 エターナルバラード - 2 エクシプノス"",""狙い"":""◎－▲"",""金額"":200,""予算内比率"":""10%""},{""スタイル"":""標準"",""券種"":""三連複"",""買い目"":""8 エターナルバラード - 6 ベルジャンブ - 2 エクシプノス"",""狙い"":""◎○▲の中心"",""金額"":300,""予算内比率"":""15%""},{""スタイル"":""標準"",""券種"":""三連複"",""買い目"":""8 エターナルバラード - 6 ベルジャンブ - 3 パルスカ"",""狙い"":""◎○－△"",""金額"":200,""予算内比率"":""10%""},{""スタイル"":""標準"",""券種"":""三連複"",""買い目"":""8 エターナルバラード - 2 エクシプノス - 9 ノーマンデー"",""狙い"":""◎▲－△"",""金額"":200,""予算内比率"":""10%""}]",,,,,,,,,,,,,,,
2026-09-27|阪神|5R|36fbf1fc3b759b55|morning|NA,2026-09-26T20:17:11+09:00,1.7,2026-09-27,阪神,5R,2歳新馬,芝,1400,良,5,スパイスオブライフ,☆,6,0.0862423655045373,0.0321379973081071,15.655684833529786,0.0,15.655684833529786,12.8,5,,,morning,,,True,標準,2000.0,"[{""スタイル"":""標準"",""券種"":""単勝"",""買い目"":""8 エターナルバラード"",""狙い"":""◎の勝ち切り"",""金額"":300,""予算内比率"":""15%""},{""スタイル"":""標準"",""券種"":""馬連"",""買い目"":""8 エターナルバラード - 6 ベルジャンブ"",""狙い"":""◎－○の本線"",""金額"":300,""予算内比率"":""15%""},{""スタイル"":""標準"",""券種"":""ワイド"",""買い目"":""8 エターナルバラード - 6 ベルジャンブ"",""狙い"":""◎－○の安定側"",""金額"":300,""予算内比率"":""15%""},{""スタイル"":""標準"",""券種"":""馬連"",""買い目"":""8 エターナルバラード - 2 エクシプノス"",""狙い"":""◎－▲の押さえ"",""金額"":200,""予算内比率"":""10%""},{""スタイル"":""標準"",""券種"":""ワイド"",""買い目"":""8 エターナルバラード - 2 エクシプノス"",""狙い"":""◎－▲"",""金額"":200,""予算内比率"":""10%""},{""スタイル"":""標準"",""券種"":""三連複"",""買い目"":""8 エターナルバラード - 6 ベルジャンブ - 2 エクシプノス"",""狙い"":""◎○▲の中心"",""金額"":300,""予算内比率"":""15%""},{""スタイル"":""標準"",""券種"":""三連複"",""買い目"":""8 エターナルバラード - 6 ベルジャンブ - 3 パルスカ"",""狙い"":""◎○－△"",""金額"":200,""予算内比率"":""10%""},{""スタイル"":""標準"",""券種"":""三連複"",""買い目"":""8 エターナルバラード - 2 エクシプノス - 9 ノーマンデー"",""狙い"":""◎▲－△"",""金額"":200,""予算内比率"":""10%""}]",,,,,,,,,,,,,,,
2026-09-27|阪神|5R|36fbf1fc3b759b55|morning|NA,2026-09-26T20:17:11+09:00,1.7,2026-09-27,阪神,5R,2歳新馬,芝,1400,良,6,ベルジャンブ,○,2,0.1874778126745183,0.095044573295579,31.50641393422586,0.0,31.50641393422586,3.2,2,,,morning,,,True,標準,2000.0,"[{""スタイル"":""標準"",""券種"":""単勝"",""買い目"":""8 エターナルバラード"",""狙い"":""◎の勝ち切り"",""金額"":300,""予算内比率"":""15%""},{""スタイル"":""標準"",""券種"":""馬連"",""買い目"":""8 エターナルバラード - 6 ベルジャンブ"",""狙い"":""◎－○の本線"",""金額"":300,""予算内比率"":""15%""},{""スタイル"":""標準"",""券種"":""ワイド"",""買い目"":""8 エターナルバラード - 6 ベルジャンブ"",""狙い"":""◎－○の安定側"",""金額"":300,""予算内比率"":""15%""},{""スタイル"":""標準"",""券種"":""馬連"",""買い目"":""8 エターナルバラード - 2 エクシプノス"",""狙い"":""◎－▲の押さえ"",""金額"":200,""予算内比率"":""10%""},{""スタイル"":""標準"",""券種"":""ワイド"",""買い目"":""8 エターナルバラード - 2 エクシプノス"",""狙い"":""◎－▲"",""金額"":200,""予算内比率"":""10%""},{""スタイル"":""標準"",""券種"":""三連複"",""買い目"":""8 エターナルバラード - 6 ベルジャンブ - 2 エクシプノス"",""狙い"":""◎○▲の中心"",""金額"":300,""予算内比率"":""15%""},{""スタイル"":""標準"",""券種"":""三連複"",""買い目"":""8 エターナルバラード - 6 ベルジャンブ - 3 パルスカ"",""狙い"":""◎○－△"",""金額"":200,""予算内比率"":""10%""},{""スタイル"":""標準"",""券種"":""三連複"",""買い目"":""8 エターナルバラード - 2 エクシプノス - 9 ノーマンデー"",""狙い"":""◎▲－△"",""金額"":200,""予算内比率"":""10%""}]",,,,,,,,,,,,,,,
2026-09-27|阪神|5R|36fbf1fc3b759b55|morning|NA,2026-09-26T20:17:11+09:00,1.7,2026-09-27,阪神,5R,2歳新馬,芝,1400,良,7,ジゼルアリーナ,注,10,0.0237695114595993,0.0177562242867295,7.096035975577197,0.0,7.096035975577197,75.7,10,,,morning,,,True,標準,2000.0,"[{""スタイル"":""標準"",""券種"":""単勝"",""買い目"":""8 エターナルバラード"",""狙い"":""◎の勝ち切り"",""金額"":300,""予算内比率"":""15%""},{""スタイル"":""標準"",""券種"":""馬連"",""買い目"":""8 エターナルバラード - 6 ベルジャンブ"",""狙い"":""◎－○の本線"",""金額"":300,""予算内比率"":""15%""},{""スタイル"":""標準"",""券種"":""ワイド"",""買い目"":""8 エターナルバラード - 6 ベルジャンブ"",""狙い"":""◎－○の安定側"",""金額"":300,""予算内比率"":""15%""},{""スタイル"":""標準"",""券種"":""馬連"",""買い目"":""8 エターナルバラード - 2 エクシプノス"",""狙い"":""◎－▲の押さえ"",""金額"":200,""予算内比率"":""10%""},{""スタイル"":""標準"",""券種"":""ワイド"",""買い目"":""8 エターナルバラード - 2 エクシプノス"",""狙い"":""◎－▲"",""金額"":200,""予算内比率"":""10%""},{""スタイル"":""標準"",""券種"":""三連複"",""買い目"":""8 エターナルバラード - 6 ベルジャンブ - 2 エクシプノス"",""狙い"":""◎○▲の中心"",""金額"":300,""予算内比率"":""15%""},{""スタイル"":""標準"",""券種"":""三連複"",""買い目"":""8 エターナルバラード - 6 ベルジャンブ - 3 パルスカ"",""狙い"":""◎○－△"",""金額"":200,""予算内比率"":""10%""},{""スタイル"":""標準"",""券種"":""三連複"",""買い目"":""8 エターナルバラード - 2 エクシプノス - 9 ノーマンデー"",""狙い"":""◎▲－△"",""金額"":200,""予算内比率"":""10%""}]",,,,,,,,,,,,,,,
2026-09-27|阪神|5R|36fbf1fc3b759b55|morning|NA,2026-09-26T20:17:11+09:00,1.7,2026-09-27,阪神,5R,2歳新馬,芝,1400,良,8,エターナルバラード,◎,1,0.2788767427170733,0.0989163574022721,43.170886370346246,0.0,43.170886370346246,2.7,1,,,morning,,,True,標準,2000.0,"[{""スタイル"":""標準"",""券種"":""単勝"",""買い目"":""8 エターナルバラード"",""狙い"":""◎の勝ち切り"",""金額"":300,""予算内比率"":""15%""},{""スタイル"":""標準"",""券種"":""馬連"",""買い目"":""8 エターナルバラード - 6 ベルジャンブ"",""狙い"":""◎－○の本線"",""金額"":300,""予算内比率"":""15%""},{""スタイル"":""標準"",""券種"":""ワイド"",""買い目"":""8 エターナルバラード - 6 ベルジャンブ"",""狙い"":""◎－○の安定側"",""金額"":300,""予算内比率"":""15%""},{""スタイル"":""標準"",""券種"":""馬連"",""買い目"":""8 エターナルバラード - 2 エクシプノス"",""狙い"":""◎－▲の押さえ"",""金額"":200,""予算内比率"":""10%""},{""スタイル"":""標準"",""券種"":""ワイド"",""買い目"":""8 エターナルバラード - 2 エクシプノス"",""狙い"":""◎－▲"",""金額"":200,""予算内比率"":""10%""},{""スタイル"":""標準"",""券種"":""三連複"",""買い目"":""8 エターナルバラード - 6 ベルジャンブ - 2 エクシプノス"",""狙い"":""◎○▲の中心"",""金額"":300,""予算内比率"":""15%""},{""スタイル"":""標準"",""券種"":""三連複"",""買い目"":""8 エターナルバラード - 6 ベルジャンブ - 3 パルスカ"",""狙い"":""◎○－△"",""金額"":200,""予算内比率"":""10%""},{""スタイル"":""標準"",""券種"":""三連複"",""買い目"":""8 エターナルバラード - 2 エクシプノス - 9 ノーマンデー"",""狙い"":""◎▲－△"",""金額"":200,""予算内比率"":""10%""}]",,,,,,,,,,,,,,,
2026-09-27|阪神|5R|36fbf1fc3b759b55|morning|NA,2026-09-26T20:17:11+09:00,1.7,2026-09-27,阪神,5R,2歳新馬,芝,1400,良,9,ノーマンデー,△,5,0.0853821507896824,0.0343505148504788,15.658350775636986,0.0,15.658350775636986,13.4,6,,,morning,,,True,標準,2000.0,"[{""スタイル"":""標準"",""券種"":""単勝"",""買い目"":""8 エターナルバラード"",""狙い"":""◎の勝ち切り"",""金額"":300,""予算内比率"":""15%""},{""スタイル"":""標準"",""券種"":""馬連"",""買い目"":""8 エターナルバラード - 6 ベルジャンブ"",""狙い"":""◎－○の本線"",""金額"":300,""予算内比率"":""15%""},{""スタイル"":""標準"",""券種"":""ワイド"",""買い目"":""8 エターナルバラード - 6 ベルジャンブ"",""狙い"":""◎－○の安定側"",""金額"":300,""予算内比率"":""15%""},{""スタイル"":""標準"",""券種"":""馬連"",""買い目"":""8 エターナルバラード - 2 エクシプノス"",""狙い"":""◎－▲の押さえ"",""金額"":200,""予算内比率"":""10%""},{""スタイル"":""標準"",""券種"":""ワイド"",""買い目"":""8 エターナルバラード - 2 エクシプノス"",""狙い"":""◎－▲"",""金額"":200,""予算内比率"":""10%""},{""スタイル"":""標準"",""券種"":""三連複"",""買い目"":""8 エターナルバラード - 6 ベルジャンブ - 2 エクシプノス"",""狙い"":""◎○▲の中心"",""金額"":300,""予算内比率"":""15%""},{""スタイル"":""標準"",""券種"":""三連複"",""買い目"":""8 エターナルバラード - 6 ベルジャンブ - 3 パルスカ"",""狙い"":""◎○－△"",""金額"":200,""予算内比率"":""10%""},{""スタイル"":""標準"",""券種"":""三連複"",""買い目"":""8 エターナルバラード - 2 エクシプノス - 9 ノーマンデー"",""狙い"":""◎▲－△"",""金額"":200,""予算内比率"":""10%""}]",,,,,,,,,,,,,,,
2026-09-27|阪神|5R|36fbf1fc3b759b55|morning|NA,2026-09-26T20:17:11+09:00,1.7,2026-09-27,阪神,5R,2歳新馬,芝,1400,良,10,チョウサクラ,☆,7,0.0693412836835313,0.0308850332078883,13.471892147369555,0.0,13.471892147369555,16.0,7,,,morning,,,True,標準,2000.0,"[{""スタイル"":""標準"",""券種"":""単勝"",""買い目"":""8 エターナルバラード"",""狙い"":""◎の勝ち切り"",""金額"":300,""予算内比率"":""15%""},{""スタイル"":""標準"",""券種"":""馬連"",""買い目"":""8 エターナルバラード - 6 ベルジャンブ"",""狙い"":""◎－○の本線"",""金額"":300,""予算内比率"":""15%""},{""スタイル"":""標準"",""券種"":""ワイド"",""買い目"":""8 エターナルバラード - 6 ベルジャンブ"",""狙い"":""◎－○の安定側"",""金額"":300,""予算内比率"":""15%""},{""スタイル"":""標準"",""券種"":""馬連"",""買い目"":""8 エターナルバラード - 2 エクシプノス"",""狙い"":""◎－▲の押さえ"",""金額"":200,""予算内比率"":""10%""},{""スタイル"":""標準"",""券種"":""ワイド"",""買い目"":""8 エターナルバラード - 2 エクシプノス"",""狙い"":""◎－▲"",""金額"":200,""予算内比率"":""10%""},{""スタイル"":""標準"",""券種"":""三連複"",""買い目"":""8 エターナルバラード - 6 ベルジャンブ - 2 エクシプノス"",""狙い"":""◎○▲の中心"",""金額"":300,""予算内比率"":""15%""},{""スタイル"":""標準"",""券種"":""三連複"",""買い目"":""8 エターナルバラード - 6 ベルジャンブ - 3 パルスカ"",""狙い"":""◎○－△"",""金額"":200,""予算内比率"":""10%""},{""スタイル"":""標準"",""券種"":""三連複"",""買い目"":""8 エターナルバラード - 2 エクシプノス - 9 ノーマンデー"",""狙い"":""◎▲－△"",""金額"":200,""予算内比率"":""10%""}]",,,,,,,,,,,,,,,
2026-09-27|阪神|6R|e3b5dfb09350bf64|morning|NA,2026-09-26T20:17:12+09:00,1.7,2026-09-27,阪神,6R,2歳新馬,ダート,1800,良,1,コンヴィヴィアル,×,15,0.0372266623010294,0.0267153211227245,17.958028978330116,0.0,17.958028978330116,40.7,15,,,morning,,,True,標準,2000.0,"[{""スタイル"":""標準"",""券種"":""単勝"",""買い目"":""12 ファーストステイト"",""狙い"":""◎の勝ち切り"",""金額"":300,""予算内比率"":""15%""},{""スタイル"":""標準"",""券種"":""馬連"",""買い目"":""12 ファーストステイト - 16 ヤマニンガルブ"",""狙い"":""◎－○の本線"",""金額"":300,""予算内比率"":""15%""},{""スタイル"":""標準"",""券種"":""ワイド"",""買い目"":""12 ファーストステイト - 16 ヤマニンガルブ"",""狙い"":""◎－○の安定側"",""金額"":300,""予算内比率"":""15%""},{""スタイル"":""標準"",""券種"":""馬連"",""買い目"":""12 ファーストステイト - 8 ロードスピアヘッド"",""狙い"":""◎－▲の押さえ"",""金額"":200,""予算内比率"":""10%""},{""スタイル"":""標準"",""券種"":""ワイド"",""買い目"":""12 ファーストステイト - 8 ロードスピアヘッド"",""狙い"":""◎－▲"",""金額"":200,""予算内比率"":""10%""},{""スタイル"":""標準"",""券種"":""三連複"",""買い目"":""12 ファーストステイト - 16 ヤマニンガルブ - 8 ロードスピアヘッド"",""狙い"":""◎○▲の中心"",""金額"":300,""予算内比率"":""15%""},{""スタイル"":""標準"",""券種"":""三連複"",""買い目"":""12 ファーストステイト - 16 ヤマニンガルブ - 4 オメガマサヤ"",""狙い"":""◎○－△"",""金額"":200,""予算内比率"":""10%""},{""スタイル"":""標準"",""券種"":""三連複"",""買い目"":""12 ファーストステイト - 8 ロードスピアヘッド - 6 ハレムスビ"",""狙い"":""◎▲－△"",""金額"":200,""予算内比率"":""10%""}]",,,,,,,,,,,,,,,
2026-09-27|阪神|6R|e3b5dfb09350bf64|morning|NA,2026-09-26T20:17:12+09:00,1.7,2026-09-27,阪神,6R,2歳新馬,ダート,1800,良,2,メイショウラリマー,注,9,0.0527685407561047,0.0274832396083017,23.58966250369728,0.0,23.58966250369728,20.3,8,,,morning,,,True,標準,2000.0,"[{""スタイル"":""標準"",""券種"":""単勝"",""買い目"":""12 ファーストステイト"",""狙い"":""◎の勝ち切り"",""金額"":300,""予算内比率"":""15%""},{""スタイル"":""標準"",""券種"":""馬連"",""買い目"":""12 ファーストステイト - 16 ヤマニンガルブ"",""狙い"":""◎－○の本線"",""金額"":300,""予算内比率"":""15%""},{""スタイル"":""標準"",""券種"":""ワイド"",""買い目"":""12 ファーストステイト - 16 ヤマニンガルブ"",""狙い"":""◎－○の安定側"",""金額"":300,""予算内比率"":""15%""},{""スタイル"":""標準"",""券種"":""馬連"",""買い目"":""12 ファーストステイト - 8 ロードスピアヘッド"",""狙い"":""◎－▲の押さえ"",""金額"":200,""予算内比率"":""10%""},{""スタイル"":""標準"",""券種"":""ワイド"",""買い目"":""12 ファーストステイト - 8 ロードスピアヘッド"",""狙い"":""◎－▲"",""金額"":200,""予算内比率"":""10%""},{""スタイル"":""標準"",""券種"":""三連複"",""買い目"":""12 ファーストステイト - 16 ヤマニンガルブ - 8 ロードスピアヘッド"",""狙い"":""◎○▲の中心"",""金額"":300,""予算内比率"":""15%""},{""スタイル"":""標準"",""券種"":""三連複"",""買い目"":""12 ファーストステイト - 16 ヤマニンガルブ - 4 オメガマサヤ"",""狙い"":""◎○－△"",""金額"":200,""予算内比率"":""10%""},{""スタイル"":""標準"",""券種"":""三連複"",""買い目"":""12 ファーストステイト - 8 ロードスピアヘッド - 6 ハレムスビ"",""狙い"":""◎▲－△"",""金額"":200,""予算内比率"":""10%""}]",,,,,,,,,,,,,,,
2026-09-27|阪神|6R|e3b5dfb09350bf64|morning|NA,2026-09-26T20:17:12+09:00,1.7,2026-09-27,阪神,6R,2歳新馬,ダート,1800,良,3,プライムウィザード,×,11,0.0522244492684787,0.026298837850073,23.33463384761188,0.0,23.33463384761188,21.4,9,,,morning,,,True,標準,2000.0,"[{""スタイル"":""標準"",""券種"":""単勝"",""買い目"":""12 ファーストステイト"",""狙い"":""◎の勝ち切り"",""金額"":300,""予算内比率"":""15%""},{""スタイル"":""標準"",""券種"":""馬連"",""買い目"":""12 ファーストステイト - 16 ヤマニンガルブ"",""狙い"":""◎－○の本線"",""金額"":300,""予算内比率"":""15%""},{""スタイル"":""標準"",""券種"":""ワイド"",""買い目"":""12 ファーストステイト - 16 ヤマニンガルブ"",""狙い"":""◎－○の安定側"",""金額"":300,""予算内比率"":""15%""},{""スタイル"":""標準"",""券種"":""馬連"",""買い目"":""12 ファーストステイト - 8 ロードスピアヘッド"",""狙い"":""◎－▲の押さえ"",""金額"":200,""予算内比率"":""10%""},{""スタイル"":""標準"",""券種"":""ワイド"",""買い目"":""12 ファーストステイト - 8 ロードスピアヘッド"",""狙い"":""◎－▲"",""金額"":200,""予算内比率"":""10%""},{""スタイル"":""標準"",""券種"":""三連複"",""買い目"":""12 ファーストステイト - 16 ヤマニンガルブ - 8 ロードスピアヘッド"",""狙い"":""◎○▲の中心"",""金額"":300,""予算内比率"":""15%""},{""スタイル"":""標準"",""券種"":""三連複"",""買い目"":""12 ファーストステイト - 16 ヤマニンガルブ - 4 オメガマサヤ"",""狙い"":""◎○－△"",""金額"":200,""予算内比率"":""10%""},{""スタイル"":""標準"",""券種"":""三連複"",""買い目"":""12 ファーストステイト - 8 ロードスピアヘッド - 6 ハレムスビ"",""狙い"":""◎▲－△"",""金額"":200,""予算内比率"":""10%""}]",,,,,,,,,,,,,,,
2026-09-27|阪神|6R|e3b5dfb09350bf64|morning|NA,2026-09-26T20:17:12+09:00,1.7,2026-09-27,阪神,6R,2歳新馬,ダート,1800,良,4,オメガマサヤ,△,4,0.0850369086549109,0.0288588030875427,35.27123569333613,0.0,35.27123569333613,11.3,6,,,morning,,,True,標準,2000.0,"[{""スタイル"":""標準"",""券種"":""単勝"",""買い目"":""12 ファーストステイト"",""狙い"":""◎の勝ち切り"",""金額"":300,""予算内比率"":""15%""},{""スタイル"":""標準"",""券種"":""馬連"",""買い目"":""12 ファーストステイト - 16 ヤマニンガルブ"",""狙い"":""◎－○の本線"",""金額"":300,""予算内比率"":""15%""},{""スタイル"":""標準"",""券種"":""ワイド"",""買い目"":""12 ファーストステイト - 16 ヤマニンガルブ"",""狙い"":""◎－○の安定側"",""金額"":300,""予算内比率"":""15%""},{""スタイル"":""標準"",""券種"":""馬連"",""買い目"":""12 ファーストステイト - 8 ロードスピアヘッド"",""狙い"":""◎－▲の押さえ"",""金額"":200,""予算内比率"":""10%""},{""スタイル"":""標準"",""券種"":""ワイド"",""買い目"":""12 ファーストステイト - 8 ロードスピアヘッド"",""狙い"":""◎－▲"",""金額"":200,""予算内比率"":""10%""},{""スタイル"":""標準"",""券種"":""三連複"",""買い目"":""12 ファーストステイト - 16 ヤマニンガルブ - 8 ロードスピアヘッド"",""狙い"":""◎○▲の中心"",""金額"":300,""予算内比率"":""15%""},{""スタイル"":""標準"",""券種"":""三連複"",""買い目"":""12 ファーストステイト - 16 ヤマニンガルブ - 4 オメガマサヤ"",""狙い"":""◎○－△"",""金額"":200,""予算内比率"":""10%""},{""スタイル"":""標準"",""券種"":""三連複"",""買い目"":""12 ファーストステイト - 8 ロードスピアヘッド - 6 ハレムスビ"",""狙い"":""◎▲－△"",""金額"":200,""予算内比率"":""10%""}]",,,,,,,,,,,,,,,
2026-09-27|阪神|6R|e3b5dfb09350bf64|morning|NA,2026-09-26T20:17:12+09:00,1.7,2026-09-27,阪神,6R,2歳新馬,ダート,1800,良,5,サンライズブレイド,注,8,0.0554055840231829,0.0286250091855684,24.59577458995485,0.0,24.59577458995485,31.3,13,,,morning,,,True,標準,2000.0,"[{""スタイル"":""標準"",""券種"":""単勝"",""買い目"":""12 ファーストステイト"",""狙い"":""◎の勝ち切り"",""金額"":300,""予算内比率"":""15%""},{""スタイル"":""標準"",""券種"":""馬連"",""買い目"":""12 ファーストステイト - 16 ヤマニンガルブ"",""狙い"":""◎－○の本線"",""金額"":300,""予算内比率"":""15%""},{""スタイル"":""標準"",""券種"":""ワイド"",""買い目"":""12 ファーストステイト - 16 ヤマニンガルブ"",""狙い"":""◎－○の安定側"",""金額"":300,""予算内比率"":""15%""},{""スタイル"":""標準"",""券種"":""馬連"",""買い目"":""12 ファーストステイト - 8 ロードスピアヘッド"",""狙い"":""◎－▲の押さえ"",""金額"":200,""予算内比率"":""10%""},{""スタイル"":""標準"",""券種"":""ワイド"",""買い目"":""12 ファーストステイト - 8 ロードスピアヘッド"",""狙い"":""◎－▲"",""金額"":200,""予算内比率"":""10%""},{""スタイル"":""標準"",""券種"":""三連複"",""買い目"":""12 ファーストステイト - 16 ヤマニンガルブ - 8 ロードスピアヘッド"",""狙い"":""◎○▲の中心"",""金額"":300,""予算内比率"":""15%""},{""スタイル"":""標準"",""券種"":""三連複"",""買い目"":""12 ファーストステイト - 16 ヤマニンガルブ - 4 オメガマサヤ"",""狙い"":""◎○－△"",""金額"":200,""予算内比率"":""10%""},{""スタイル"":""標準"",""券種"":""三連複"",""買い目"":""12 ファーストステイト - 8 ロードスピアヘッド - 6 ハレムスビ"",""狙い"":""◎▲－△"",""金額"":200,""予算内比率"":""10%""}]",,,,,,,,,,,,,,,
2026-09-27|阪神|6R|e3b5dfb09350bf64|morning|NA,2026-09-26T20:17:12+09:00,1.7,2026-09-27,阪神,6R,2歳新馬,ダート,1800,良,6,ハレムスビ,△,5,0.0786220555563983,0.0282914978637404,32.934282209701045,0.0,32.934282209701045,5.6,2,,,morning,,,True,標準,2000.0,"[{""スタイル"":""標準"",""券種"":""単勝"",""買い目"":""12 ファーストステイト"",""狙い"":""◎の勝ち切り"",""金額"":300,""予算内比率"":""15%""},{""スタイル"":""標準"",""券種"":""馬連"",""買い目"":""12 ファーストステイト - 16 ヤマニンガルブ"",""狙い"":""◎－○の本線"",""金額"":300,""予算内比率"":""15%""},{""スタイル"":""標準"",""券種"":""ワイド"",""買い目"":""12 ファーストステイト - 16 ヤマニンガルブ"",""狙い"":""◎－○の安定側"",""金額"":300,""予算内比率"":""15%""},{""スタイル"":""標準"",""券種"":""馬連"",""買い目"":""12 ファーストステイト - 8 ロードスピアヘッド"",""狙い"":""◎－▲の押さえ"",""金額"":200,""予算内比率"":""10%""},{""スタイル"":""標準"",""券種"":""ワイド"",""買い目"":""12 ファーストステイト - 8 ロードスピアヘッド"",""狙い"":""◎－▲"",""金額"":200,""予算内比率"":""10%""},{""スタイル"":""標準"",""券種"":""三連複"",""買い目"":""12 ファーストステイト - 16 ヤマニンガルブ - 8 ロードスピアヘッド"",""狙い"":""◎○▲の中心"",""金額"":300,""予算内比率"":""15%""},{""スタイル"":""標準"",""券種"":""三連複"",""買い目"":""12 ファーストステイト - 16 ヤマニンガルブ - 4 オメガマサヤ"",""狙い"":""◎○－△"",""金額"":200,""予算内比率"":""10%""},{""スタイル"":""標準"",""券種"":""三連複"",""買い目"":""12 ファーストステイト - 8 ロードスピアヘッド - 6 ハレムスビ"",""狙い"":""◎▲－△"",""金額"":200,""予算内比率"":""10%""}]",,,,,,,,,,,,,,,
2026-09-27|阪神|6R|e3b5dfb09350bf64|morning|NA,2026-09-26T20:17:12+09:00,1.7,2026-09-27,阪神,6R,2歳新馬,ダート,1800,良,7,アメリカンステラ,☆,6,0.078650655915988,0.0245368272924101,32.75684142709338,0.0,32.75684142709338,6.3,3,,,morning,,,True,標準,2000.0,"[{""スタイル"":""標準"",""券種"":""単勝"",""買い目"":""12 ファーストステイト"",""狙い"":""◎の勝ち切り"",""金額"":300,""予算内比率"":""15%""},{""スタイル"":""標準"",""券種"":""馬連"",""買い目"":""12 ファーストステイト - 16 ヤマニンガルブ"",""狙い"":""◎－○の本線"",""金額"":300,""予算内比率"":""15%""},{""スタイル"":""標準"",""券種"":""ワイド"",""買い目"":""12 ファーストステイト - 16 ヤマニンガルブ"",""狙い"":""◎－○の安定側"",""金額"":300,""予算内比率"":""15%""},{""スタイル"":""標準"",""券種"":""馬連"",""買い目"":""12 ファーストステイト - 8 ロードスピアヘッド"",""狙い"":""◎－▲の押さえ"",""金額"":200,""予算内比率"":""10%""},{""スタイル"":""標準"",""券種"":""ワイド"",""買い目"":""12 ファーストステイト - 8 ロードスピアヘッド"",""狙い"":""◎－▲"",""金額"":200,""予算内比率"":""10%""},{""スタイル"":""標準"",""券種"":""三連複"",""買い目"":""12 ファーストステイト - 16 ヤマニンガルブ - 8 ロードスピアヘッド"",""狙い"":""◎○▲の中心"",""金額"":300,""予算内比率"":""15%""},{""スタイル"":""標準"",""券種"":""三連複"",""買い目"":""12 ファーストステイト - 16 ヤマニンガルブ - 4 オメガマサヤ"",""狙い"":""◎○－△"",""金額"":200,""予算内比率"":""10%""},{""スタイル"":""標準"",""券種"":""三連複"",""買い目"":""12 ファーストステイト - 8 ロードスピアヘッド - 6 ハレムスビ"",""狙い"":""◎▲－△"",""金額"":200,""予算内比率"":""10%""}]",,,,,,,,,,,,,,,
2026-09-27|阪神|6R|e3b5dfb09350bf64|morning|NA,2026-09-26T20:17:12+09:00,1.7,2026-09-27,阪神,6R,2歳新馬,ダート,1800,良,8,ロードスピアヘッド,▲,3,0.0857982769077304,0.0236581067570483,35.28520337607522,0.0,35.28520337607522,6.9,4,,,morning,,,True,標準,2000.0,"[{""スタイル"":""標準"",""券種"":""単勝"",""買い目"":""12 ファーストステイト"",""狙い"":""◎の勝ち切り"",""金額"":300,""予算内比率"":""15%""},{""スタイル"":""標準"",""券種"":""馬連"",""買い目"":""12 ファーストステイト - 16 ヤマニンガルブ"",""狙い"":""◎－○の本線"",""金額"":300,""予算内比率"":""15%""},{""スタイル"":""標準"",""券種"":""ワイド"",""買い目"":""12 ファーストステイト - 16 ヤマニンガルブ"",""狙い"":""◎－○の安定側"",""金額"":300,""予算内比率"":""15%""},{""スタイル"":""標準"",""券種"":""馬連"",""買い目"":""12 ファーストステイト - 8 ロードスピアヘッド"",""狙い"":""◎－▲の押さえ"",""金額"":200,""予算内比率"":""10%""},{""スタイル"":""標準"",""券種"":""ワイド"",""買い目"":""12 ファーストステイト - 8 ロードスピアヘッド"",""狙い"":""◎－▲"",""金額"":200,""予算内比率"":""10%""},{""スタイル"":""標準"",""券種"":""三連複"",""買い目"":""12 ファーストステイト - 16 ヤマニンガルブ - 8 ロードスピアヘッド"",""狙い"":""◎○▲の中心"",""金額"":300,""予算内比率"":""15%""},{""スタイル"":""標準"",""券種"":""三連複"",""買い目"":""12 ファーストステイト - 16 ヤマニンガルブ - 4 オメガマサヤ"",""狙い"":""◎○－△"",""金額"":200,""予算内比率"":""10%""},{""スタイル"":""標準"",""券種"":""三連複"",""買い目"":""12 ファーストステイト - 8 ロードスピアヘッド - 6 ハレムスビ"",""狙い"":""◎▲－△"",""金額"":200,""予算内比率"":""10%""}]",,,,,,,,,,,,,,,
2026-09-27|阪神|6R|e3b5dfb09350bf64|morning|NA,2026-09-26T20:17:12+09:00,1.7,2026-09-27,阪神,6R,2歳新馬,ダート,1800,良,9,メイショウシガニー,×,14,0.0451989340329811,0.026942470841335,20.83846114825961,0.0,20.83846114825961,24.7,11,,,morning,,,True,標準,2000.0,"[{""スタイル"":""標準"",""券種"":""単勝"",""買い目"":""12 ファーストステイト"",""狙い"":""◎の勝ち切り"",""金額"":300,""予算内比率"":""15%""},{""スタイル"":""標準"",""券種"":""馬連"",""買い目"":""12 ファーストステイト - 16 ヤマニンガルブ"",""狙い"":""◎－○の本線"",""金額"":300,""予算内比率"":""15%""},{""スタイル"":""標準"",""券種"":""ワイド"",""買い目"":""12 ファーストステイト - 16 ヤマニンガルブ"",""狙い"":""◎－○の安定側"",""金額"":300,""予算内比率"":""15%""},{""スタイル"":""標準"",""券種"":""馬連"",""買い目"":""12 ファーストステイト - 8 ロードスピアヘッド"",""狙い"":""◎－▲の押さえ"",""金額"":200,""予算内比率"":""10%""},{""スタイル"":""標準"",""券種"":""ワイド"",""買い目"":""12 ファーストステイト - 8 ロードスピアヘッド"",""狙い"":""◎－▲"",""金額"":200,""予算内比率"":""10%""},{""スタイル"":""標準"",""券種"":""三連複"",""買い目"":""12 ファーストステイト - 16 ヤマニンガルブ - 8 ロードスピアヘッド"",""狙い"":""◎○▲の中心"",""金額"":300,""予算内比率"":""15%""},{""スタイル"":""標準"",""券種"":""三連複"",""買い目"":""12 ファーストステイト - 16 ヤマニンガルブ - 4 オメガマサヤ"",""狙い"":""◎○－△"",""金額"":200,""予算内比率"":""10%""},{""スタイル"":""標準"",""券種"":""三連複"",""買い目"":""12 ファーストステイト - 8 ロードスピアヘッド - 6 ハレムスビ"",""狙い"":""◎▲－△"",""金額"":200,""予算内比率"":""10%""}]",,,,,,,,,,,,,,,
2026-09-27|阪神|6R|e3b5dfb09350bf64|morning|NA,2026-09-26T20:17:12+09:00,1.7,2026-09-27,阪神,6R,2歳新馬,ダート,1800,良,10,スペクトリオン,×,16,0.0296218260244125,0.0166910035870647,14.719971712943671,0.0,14.719971712943671,74.1,16,,,morning,,,True,標準,2000.0,"[{""スタイル"":""標準"",""券種"":""単勝"",""買い目"":""12 ファーストステイト"",""狙い"":""◎の勝ち切り"",""金額"":300,""予算内比率"":""15%""},{""スタイル"":""標準"",""券種"":""馬連"",""買い目"":""12 ファーストステイト - 16 ヤマニンガルブ"",""狙い"":""◎－○の本線"",""金額"":300,""予算内比率"":""15%""},{""スタイル"":""標準"",""券種"":""ワイド"",""買い目"":""12 ファーストステイト - 16 ヤマニンガルブ"",""狙い"":""◎－○の安定側"",""金額"":300,""予算内比率"":""15%""},{""スタイル"":""標準"",""券種"":""馬連"",""買い目"":""12 ファーストステイト - 8 ロードスピアヘッド"",""狙い"":""◎－▲の押さえ"",""金額"":200,""予算内比率"":""10%""},{""スタイル"":""標準"",""券種"":""ワイド"",""買い目"":""12 ファーストステイト - 8 ロードスピアヘッド"",""狙い"":""◎－▲"",""金額"":200,""予算内比率"":""10%""},{""スタイル"":""標準"",""券種"":""三連複"",""買い目"":""12 ファーストステイト - 16 ヤマニンガルブ - 8 ロードスピアヘッド"",""狙い"":""◎○▲の中心"",""金額"":300,""予算内比率"":""15%""},{""スタイル"":""標準"",""券種"":""三連複"",""買い目"":""12 ファーストステイト - 16 ヤマニンガルブ - 4 オメガマサヤ"",""狙い"":""◎○－△"",""金額"":200,""予算内比率"":""10%""},{""スタイル"":""標準"",""券種"":""三連複"",""買い目"":""12 ファーストステイト - 8 ロードスピアヘッド - 6 ハレムスビ"",""狙い"":""◎▲－△"",""金額"":200,""予算内比率"":""10%""}]",,,,,,,,,,,,,,,
2026-09-27|阪神|6R|e3b5dfb09350bf64|morning|NA,2026-09-26T20:17:12+09:00,1.7,2026-09-27,阪神,6R,2歳新馬,ダート,1800,良,11,イグニアスロック,×,13,0.0470260827428564,0.0283118999499916,21.56448998302692,0.0,21.56448998302692,25.4,12,,,morning,,,True,標準,2000.0,"[{""スタイル"":""標準"",""券種"":""単勝"",""買い目"":""12 ファーストステイト"",""狙い"":""◎の勝ち切り"",""金額"":300,""予算内比率"":""15%""},{""スタイル"":""標準"",""券種"":""馬連"",""買い目"":""12 ファーストステイト - 16 ヤマニンガルブ"",""狙い"":""◎－○の本線"",""金額"":300,""予算内比率"":""15%""},{""スタイル"":""標準"",""券種"":""ワイド"",""買い目"":""12 ファーストステイト - 16 ヤマニンガルブ"",""狙い"":""◎－○の安定側"",""金額"":300,""予算内比率"":""15%""},{""スタイル"":""標準"",""券種"":""馬連"",""買い目"":""12 ファーストステイト - 8 ロードスピアヘッド"",""狙い"":""◎－▲の押さえ"",""金額"":200,""予算内比率"":""10%""},{""スタイル"":""標準"",""券種"":""ワイド"",""買い目"":""12 ファーストステイト - 8 ロードスピアヘッド"",""狙い"":""◎－▲"",""金額"":200,""予算内比率"":""10%""},{""スタイル"":""標準"",""券種"":""三連複"",""買い目"":""12 ファーストステイト - 16 ヤマニンガルブ - 8 ロードスピアヘッド"",""狙い"":""◎○▲の中心"",""金額"":300,""予算内比率"":""15%""},{""スタイル"":""標準"",""券種"":""三連複"",""買い目"":""12 ファーストステイト - 16 ヤマニンガルブ - 4 オメガマサヤ"",""狙い"":""◎○－△"",""金額"":200,""予算内比率"":""10%""},{""スタイル"":""標準"",""券種"":""三連複"",""買い目"":""12 ファーストステイト - 8 ロードスピアヘッド - 6 ハレムスビ"",""狙い"":""◎▲－△"",""金額"":200,""予算内比率"":""10%""}]",,,,,,,,,,,,,,,
2026-09-27|阪神|6R|e3b5dfb09350bf64|morning|NA,2026-09-26T20:17:12+09:00,1.7,2026-09-27,阪神,6R,2歳新馬,ダート,1800,良,12,ファーストステイト,◎,1,0.097254181696446,0.0342837232781812,39.93925466414171,0.0,39.93925466414171,4.9,1,,,morning,,,True,標準,2000.0,"[{""スタイル"":""標準"",""券種"":""単勝"",""買い目"":""12 ファーストステイト"",""狙い"":""◎の勝ち切り"",""金額"":300,""予算内比率"":""15%""},{""スタイル"":""標準"",""券種"":""馬連"",""買い目"":""12 ファーストステイト - 16 ヤマニンガルブ"",""狙い"":""◎－○の本線"",""金額"":300,""予算内比率"":""15%""},{""スタイル"":""標準"",""券種"":""ワイド"",""買い目"":""12 ファーストステイト - 16 ヤマニンガルブ"",""狙い"":""◎－○の安定側"",""金額"":300,""予算内比率"":""15%""},{""スタイル"":""標準"",""券種"":""馬連"",""買い目"":""12 ファーストステイト - 8 ロードスピアヘッド"",""狙い"":""◎－▲の押さえ"",""金額"":200,""予算内比率"":""10%""},{""スタイル"":""標準"",""券種"":""ワイド"",""買い目"":""12 ファーストステイト - 8 ロードスピアヘッド"",""狙い"":""◎－▲"",""金額"":200,""予算内比率"":""10%""},{""スタイル"":""標準"",""券種"":""三連複"",""買い目"":""12 ファーストステイト - 16 ヤマニンガルブ - 8 ロードスピアヘッド"",""狙い"":""◎○▲の中心"",""金額"":300,""予算内比率"":""15%""},{""スタイル"":""標準"",""券種"":""三連複"",""買い目"":""12 ファーストステイト - 16 ヤマニンガルブ - 4 オメガマサヤ"",""狙い"":""◎○－△"",""金額"":200,""予算内比率"":""10%""},{""スタイル"":""標準"",""券種"":""三連複"",""買い目"":""12 ファーストステイト - 8 ロードスピアヘッド - 6 ハレムスビ"",""狙い"":""◎▲－△"",""金額"":200,""予算内比率"":""10%""}]",,,,,,,,,,,,,,,
2026-09-27|阪神|6R|e3b5dfb09350bf64|morning|NA,2026-09-26T20:17:12+09:00,1.7,2026-09-27,阪神,6R,2歳新馬,ダート,1800,良,13,テムスターオー,注,10,0.0523481333204687,0.028439250515488,23.48616610746913,0.0,23.48616610746913,23.9,10,,,morning,,,True,標準,2000.0,"[{""スタイル"":""標準"",""券種"":""単勝"",""買い目"":""12 ファーストステイト"",""狙い"":""◎の勝ち切り"",""金額"":300,""予算内比率"":""15%""},{""スタイル"":""標準"",""券種"":""馬連"",""買い目"":""12 ファーストステイト - 16 ヤマニンガルブ"",""狙い"":""◎－○の本線"",""金額"":300,""予算内比率"":""15%""},{""スタイル"":""標準"",""券種"":""ワイド"",""買い目"":""12 ファーストステイト - 16 ヤマニンガルブ"",""狙い"":""◎－○の安定側"",""金額"":300,""予算内比率"":""15%""},{""スタイル"":""標準"",""券種"":""馬連"",""買い目"":""12 ファーストステイト - 8 ロードスピアヘッド"",""狙い"":""◎－▲の押さえ"",""金額"":200,""予算内比率"":""10%""},{""スタイル"":""標準"",""券種"":""ワイド"",""買い目"":""12 ファーストステイト - 8 ロードスピアヘッド"",""狙い"":""◎－▲"",""金額"":200,""予算内比率"":""10%""},{""スタイル"":""標準"",""券種"":""三連複"",""買い目"":""12 ファーストステイト - 16 ヤマニンガルブ - 8 ロードスピアヘッド"",""狙い"":""◎○▲の中心"",""金額"":300,""予算内比率"":""15%""},{""スタイル"":""標準"",""券種"":""三連複"",""買い目"":""12 ファーストステイト - 16 ヤマニンガルブ - 4 オメガマサヤ"",""狙い"":""◎○－△"",""金額"":200,""予算内比率"":""10%""},{""スタイル"":""標準"",""券種"":""三連複"",""買い目"":""12 ファーストステイト - 8 ロードスピアヘッド - 6 ハレムスビ"",""狙い"":""◎▲－△"",""金額"":200,""予算内比率"":""10%""}]",,,,,,,,,,,,,,,
2026-09-27|阪神|6R|e3b5dfb09350bf64|morning|NA,2026-09-26T20:17:12+09:00,1.7,2026-09-27,阪神,6R,2歳新馬,ダート,1800,良,14,ノヴァアクレイム,×,12,0.0482711047050917,0.0261024890964404,21.902080057570384,0.0,21.902080057570384,35.4,14,,,morning,,,True,標準,2000.0,"[{""スタイル"":""標準"",""券種"":""単勝"",""買い目"":""12 ファーストステイト"",""狙い"":""◎の勝ち切り"",""金額"":300,""予算内比率"":""15%""},{""スタイル"":""標準"",""券種"":""馬連"",""買い目"":""12 ファーストステイト - 16 ヤマニンガルブ"",""狙い"":""◎－○の本線"",""金額"":300,""予算内比率"":""15%""},{""スタイル"":""標準"",""券種"":""ワイド"",""買い目"":""12 ファーストステイト - 16 ヤマニンガルブ"",""狙い"":""◎－○の安定側"",""金額"":300,""予算内比率"":""15%""},{""スタイル"":""標準"",""券種"":""馬連"",""買い目"":""12 ファーストステイト - 8 ロードスピアヘッド"",""狙い"":""◎－▲の押さえ"",""金額"":200,""予算内比率"":""10%""},{""スタイル"":""標準"",""券種"":""ワイド"",""買い目"":""12 ファーストステイト - 8 ロードスピアヘッド"",""狙い"":""◎－▲"",""金額"":200,""予算内比率"":""10%""},{""スタイル"":""標準"",""券種"":""三連複"",""買い目"":""12 ファーストステイト - 16 ヤマニンガルブ - 8 ロードスピアヘッド"",""狙い"":""◎○▲の中心"",""金額"":300,""予算内比率"":""15%""},{""スタイル"":""標準"",""券種"":""三連複"",""買い目"":""12 ファーストステイト - 16 ヤマニンガルブ - 4 オメガマサヤ"",""狙い"":""◎○－△"",""金額"":200,""予算内比率"":""10%""},{""スタイル"":""標準"",""券種"":""三連複"",""買い目"":""12 ファーストステイト - 8 ロードスピアヘッド - 6 ハレムスビ"",""狙い"":""◎▲－△"",""金額"":200,""予算内比率"":""10%""}]",,,,,,,,,,,,,,,
2026-09-27|阪神|6R|e3b5dfb09350bf64|morning|NA,2026-09-26T20:17:12+09:00,1.7,2026-09-27,阪神,6R,2歳新馬,ダート,1800,良,15,ツーエムブレード,☆,7,0.0644612548207758,0.0311562676518621,27.981307692104888,0.0,27.981307692104888,16.9,7,,,morning,,,True,標準,2000.0,"[{""スタイル"":""標準"",""券種"":""単勝"",""買い目"":""12 ファーストステイト"",""狙い"":""◎の勝ち切り"",""金額"":300,""予算内比率"":""15%""},{""スタイル"":""標準"",""券種"":""馬連"",""買い目"":""12 ファーストステイト - 16 ヤマニンガルブ"",""狙い"":""◎－○の本線"",""金額"":300,""予算内比率"":""15%""},{""スタイル"":""標準"",""券種"":""ワイド"",""買い目"":""12 ファーストステイト - 16 ヤマニンガルブ"",""狙い"":""◎－○の安定側"",""金額"":300,""予算内比率"":""15%""},{""スタイル"":""標準"",""券種"":""馬連"",""買い目"":""12 ファーストステイト - 8 ロードスピアヘッド"",""狙い"":""◎－▲の押さえ"",""金額"":200,""予算内比率"":""10%""},{""スタイル"":""標準"",""券種"":""ワイド"",""買い目"":""12 ファーストステイト - 8 ロードスピアヘッド"",""狙い"":""◎－▲"",""金額"":200,""予算内比率"":""10%""},{""スタイル"":""標準"",""券種"":""三連複"",""買い目"":""12 ファーストステイト - 16 ヤマニンガルブ - 8 ロードスピアヘッド"",""狙い"":""◎○▲の中心"",""金額"":300,""予算内比率"":""15%""},{""スタイル"":""標準"",""券種"":""三連複"",""買い目"":""12 ファーストステイト - 16 ヤマニンガルブ - 4 オメガマサヤ"",""狙い"":""◎○－△"",""金額"":200,""予算内比率"":""10%""},{""スタイル"":""標準"",""券種"":""三連複"",""買い目"":""12 ファーストステイト - 8 ロードスピアヘッド - 6 ハレムスビ"",""狙い"":""◎▲－△"",""金額"":200,""予算内比率"":""10%""}]",,,,,,,,,,,,,,,
2026-09-27|阪神|6R|e3b5dfb09350bf64|morning|NA,2026-09-26T20:17:12+09:00,1.7,2026-09-27,阪神,6R,2歳新馬,ダート,1800,良,16,ヤマニンガルブ,○,2,0.0900853492731438,0.0289646827672093,37.09337105684659,0.0,37.09337105684659,9.2,5,,,morning,,,True,標準,2000.0,"[{""スタイル"":""標準"",""券種"":""単勝"",""買い目"":""12 ファーストステイト"",""狙い"":""◎の勝ち切り"",""金額"":300,""予算内比率"":""15%""},{""スタイル"":""標準"",""券種"":""馬連"",""買い目"":""12 ファーストステイト - 16 ヤマニンガルブ"",""狙い"":""◎－○の本線"",""金額"":300,""予算内比率"":""15%""},{""スタイル"":""標準"",""券種"":""ワイド"",""買い目"":""12 ファーストステイト - 16 ヤマニンガルブ"",""狙い"":""◎－○の安定側"",""金額"":300,""予算内比率"":""15%""},{""スタイル"":""標準"",""券種"":""馬連"",""買い目"":""12 ファーストステイト - 8 ロードスピアヘッド"",""狙い"":""◎－▲の押さえ"",""金額"":200,""予算内比率"":""10%""},{""スタイル"":""標準"",""券種"":""ワイド"",""買い目"":""12 ファーストステイト - 8 ロードスピアヘッド"",""狙い"":""◎－▲"",""金額"":200,""予算内比率"":""10%""},{""スタイル"":""標準"",""券種"":""三連複"",""買い目"":""12 ファーストステイト - 16 ヤマニンガルブ - 8 ロードスピアヘッド"",""狙い"":""◎○▲の中心"",""金額"":300,""予算内比率"":""15%""},{""スタイル"":""標準"",""券種"":""三連複"",""買い目"":""12 ファーストステイト - 16 ヤマニンガルブ - 4 オメガマサヤ"",""狙い"":""◎○－△"",""金額"":200,""予算内比率"":""10%""},{""スタイル"":""標準"",""券種"":""三連複"",""買い目"":""12 ファーストステイト - 8 ロードスピアヘッド - 6 ハレムスビ"",""狙い"":""◎▲－△"",""金額"":200,""予算内比率"":""10%""}]",,,,,,,,,,,,,,,
2026-09-27|阪神|7R|3b1bf4370c2a973d|morning|NA,2026-09-26T20:17:13+09:00,1.7,2026-09-27,阪神,7R,3歳以上1勝クラス,ダート,1400,良,1,ゼンカイナダル,×,15,0.0170380278347433,0.0250350322880342,9.68437381204602,0.0,9.68437381204602,11.7,7,,,morning,,,True,標準,2000.0,"[{""スタイル"":""標準"",""券種"":""単勝"",""買い目"":""6 ハグレジョー"",""狙い"":""◎の勝ち切り"",""金額"":300,""予算内比率"":""15%""},{""スタイル"":""標準"",""券種"":""馬連"",""買い目"":""6 ハグレジョー - 14 ミッションルース"",""狙い"":""◎－○の本線"",""金額"":300,""予算内比率"":""15%""},{""スタイル"":""標準"",""券種"":""ワイド"",""買い目"":""6 ハグレジョー - 14 ミッションルース"",""狙い"":""◎－○の安定側"",""金額"":300,""予算内比率"":""15%""},{""スタイル"":""標準"",""券種"":""馬連"",""買い目"":""6 ハグレジョー - 3 ムーランオランジュ"",""狙い"":""◎－▲の押さえ"",""金額"":200,""予算内比率"":""10%""},{""スタイル"":""標準"",""券種"":""ワイド"",""買い目"":""6 ハグレジョー - 3 ムーランオランジュ"",""狙い"":""◎－▲"",""金額"":200,""予算内比率"":""10%""},{""スタイル"":""標準"",""券種"":""三連複"",""買い目"":""6 ハグレジョー - 14 ミッションルース - 3 ムーランオランジュ"",""狙い"":""◎○▲の中心"",""金額"":300,""予算内比率"":""15%""},{""スタイル"":""標準"",""券種"":""三連複"",""買い目"":""6 ハグレジョー - 14 ミッションルース - 8 エルフェニックス"",""狙い"":""◎○－△"",""金額"":200,""予算内比率"":""10%""},{""スタイル"":""標準"",""券種"":""三連複"",""買い目"":""6 ハグレジョー - 3 ムーランオランジュ - 5 ゴメンネジロー"",""狙い"":""◎▲－△"",""金額"":200,""予算内比率"":""10%""}]",,,,,,,,,,,,,,,
2026-09-27|阪神|7R|3b1bf4370c2a973d|morning|NA,2026-09-26T20:17:13+09:00,1.7,2026-09-27,阪神,7R,3歳以上1勝クラス,ダート,1400,良,2,グランデスフィーダ,注,9,0.0724711840572933,0.3645001658994744,42.522901423282775,-1.1366412110562951,41.38626021222648,14.2,10,,,morning,,,True,標準,2000.0,"[{""スタイル"":""標準"",""券種"":""単勝"",""買い目"":""6 ハグレジョー"",""狙い"":""◎の勝ち切り"",""金額"":300,""予算内比率"":""15%""},{""スタイル"":""標準"",""券種"":""馬連"",""買い目"":""6 ハグレジョー - 14 ミッションルース"",""狙い"":""◎－○の本線"",""金額"":300,""予算内比率"":""15%""},{""スタイル"":""標準"",""券種"":""ワイド"",""買い目"":""6 ハグレジョー - 14 ミッションルース"",""狙い"":""◎－○の安定側"",""金額"":300,""予算内比率"":""15%""},{""スタイル"":""標準"",""券種"":""馬連"",""買い目"":""6 ハグレジョー - 3 ムーランオランジュ"",""狙い"":""◎－▲の押さえ"",""金額"":200,""予算内比率"":""10%""},{""スタイル"":""標準"",""券種"":""ワイド"",""買い目"":""6 ハグレジョー - 3 ムーランオランジュ"",""狙い"":""◎－▲"",""金額"":200,""予算内比率"":""10%""},{""スタイル"":""標準"",""券種"":""三連複"",""買い目"":""6 ハグレジョー - 14 ミッションルース - 3 ムーランオランジュ"",""狙い"":""◎○▲の中心"",""金額"":300,""予算内比率"":""15%""},{""スタイル"":""標準"",""券種"":""三連複"",""買い目"":""6 ハグレジョー - 14 ミッションルース - 8 エルフェニックス"",""狙い"":""◎○－△"",""金額"":200,""予算内比率"":""10%""},{""スタイル"":""標準"",""券種"":""三連複"",""買い目"":""6 ハグレジョー - 3 ムーランオランジュ - 5 ゴメンネジロー"",""狙い"":""◎▲－△"",""金額"":200,""予算内比率"":""10%""}]",,,,,,,,,,,,,,,
2026-09-27|阪神|7R|3b1bf4370c2a973d|morning|NA,2026-09-26T20:17:13+09:00,1.7,2026-09-27,阪神,7R,3歳以上1勝クラス,ダート,1400,良,3,ムーランオランジュ,▲,3,0.0979053333885438,0.5539959022411468,60.05946563938159,2.0558396972359265,62.11530533661751,13.5,9,,,morning,,,True,標準,2000.0,"[{""スタイル"":""標準"",""券種"":""単勝"",""買い目"":""6 ハグレジョー"",""狙い"":""◎の勝ち切り"",""金額"":300,""予算内比率"":""15%""},{""スタイル"":""標準"",""券種"":""馬連"",""買い目"":""6 ハグレジョー - 14 ミッションルース"",""狙い"":""◎－○の本線"",""金額"":300,""予算内比率"":""15%""},{""スタイル"":""標準"",""券種"":""ワイド"",""買い目"":""6 ハグレジョー - 14 ミッションルース"",""狙い"":""◎－○の安定側"",""金額"":300,""予算内比率"":""15%""},{""スタイル"":""標準"",""券種"":""馬連"",""買い目"":""6 ハグレジョー - 3 ムーランオランジュ"",""狙い"":""◎－▲の押さえ"",""金額"":200,""予算内比率"":""10%""},{""スタイル"":""標準"",""券種"":""ワイド"",""買い目"":""6 ハグレジョー - 3 ムーランオランジュ"",""狙い"":""◎－▲"",""金額"":200,""予算内比率"":""10%""},{""スタイル"":""標準"",""券種"":""三連複"",""買い目"":""6 ハグレジョー - 14 ミッションルース - 3 ムーランオランジュ"",""狙い"":""◎○▲の中心"",""金額"":300,""予算内比率"":""15%""},{""スタイル"":""標準"",""券種"":""三連複"",""買い目"":""6 ハグレジョー - 14 ミッションルース - 8 エルフェニックス"",""狙い"":""◎○－△"",""金額"":200,""予算内比率"":""10%""},{""スタイル"":""標準"",""券種"":""三連複"",""買い目"":""6 ハグレジョー - 3 ムーランオランジュ - 5 ゴメンネジロー"",""狙い"":""◎▲－△"",""金額"":200,""予算内比率"":""10%""}]",,,,,,,,,,,,,,,
2026-09-27|阪神|7R|3b1bf4370c2a973d|morning|NA,2026-09-26T20:17:13+09:00,1.7,2026-09-27,阪神,7R,3歳以上1勝クラス,ダート,1400,良,4,バロニアル,×,16,0.0128823849485123,0.0312094056619862,8.722949381600095,0.0,8.722949381600095,16.9,12,,,morning,,,True,標準,2000.0,"[{""スタイル"":""標準"",""券種"":""単勝"",""買い目"":""6 ハグレジョー"",""狙い"":""◎の勝ち切り"",""金額"":300,""予算内比率"":""15%""},{""スタイル"":""標準"",""券種"":""馬連"",""買い目"":""6 ハグレジョー - 14 ミッションルース"",""狙い"":""◎－○の本線"",""金額"":300,""予算内比率"":""15%""},{""スタイル"":""標準"",""券種"":""ワイド"",""買い目"":""6 ハグレジョー - 14 ミッションルース"",""狙い"":""◎－○の安定側"",""金額"":300,""予算内比率"":""15%""},{""スタイル"":""標準"",""券種"":""馬連"",""買い目"":""6 ハグレジョー - 3 ムーランオランジュ"",""狙い"":""◎－▲の押さえ"",""金額"":200,""予算内比率"":""10%""},{""スタイル"":""標準"",""券種"":""ワイド"",""買い目"":""6 ハグレジョー - 3 ムーランオランジュ"",""狙い"":""◎－▲"",""金額"":200,""予算内比率"":""10%""},{""スタイル"":""標準"",""券種"":""三連複"",""買い目"":""6 ハグレジョー - 14 ミッションルース - 3 ムーランオランジュ"",""狙い"":""◎○▲の中心"",""金額"":300,""予算内比率"":""15%""},{""スタイル"":""標準"",""券種"":""三連複"",""買い目"":""6 ハグレジョー - 14 ミッションルース - 8 エルフェニックス"",""狙い"":""◎○－△"",""金額"":200,""予算内比率"":""10%""},{""スタイル"":""標準"",""券種"":""三連複"",""買い目"":""6 ハグレジョー - 3 ムーランオランジュ - 5 ゴメンネジロー"",""狙い"":""◎▲－△"",""金額"":200,""予算内比率"":""10%""}]",,,,,,,,,,,,,,,
2026-09-27|阪神|7R|3b1bf4370c2a973d|morning|NA,2026-09-26T20:17:13+09:00,1.7,2026-09-27,阪神,7R,3歳以上1勝クラス,ダート,1400,良,5,ゴメンネジロー,△,5,0.0766832418390389,0.5145620154778383,53.26207569823166,2.4,55.66207569823166,12.2,8,,,morning,,,True,標準,2000.0,"[{""スタイル"":""標準"",""券種"":""単勝"",""買い目"":""6 ハグレジョー"",""狙い"":""◎の勝ち切り"",""金額"":300,""予算内比率"":""15%""},{""スタイル"":""標準"",""券種"":""馬連"",""買い目"":""6 ハグレジョー - 14 ミッションルース"",""狙い"":""◎－○の本線"",""金額"":300,""予算内比率"":""15%""},{""スタイル"":""標準"",""券種"":""ワイド"",""買い目"":""6 ハグレジョー - 14 ミッションルース"",""狙い"":""◎－○の安定側"",""金額"":300,""予算内比率"":""15%""},{""スタイル"":""標準"",""券種"":""馬連"",""買い目"":""6 ハグレジョー - 3 ムーランオランジュ"",""狙い"":""◎－▲の押さえ"",""金額"":200,""予算内比率"":""10%""},{""スタイル"":""標準"",""券種"":""ワイド"",""買い目"":""6 ハグレジョー - 3 ムーランオランジュ"",""狙い"":""◎－▲"",""金額"":200,""予算内比率"":""10%""},{""スタイル"":""標準"",""券種"":""三連複"",""買い目"":""6 ハグレジョー - 14 ミッションルース - 3 ムーランオランジュ"",""狙い"":""◎○▲の中心"",""金額"":300,""予算内比率"":""15%""},{""スタイル"":""標準"",""券種"":""三連複"",""買い目"":""6 ハグレジョー - 14 ミッションルース - 8 エルフェニックス"",""狙い"":""◎○－△"",""金額"":200,""予算内比率"":""10%""},{""スタイル"":""標準"",""券種"":""三連複"",""買い目"":""6 ハグレジョー - 3 ムーランオランジュ - 5 ゴメンネジロー"",""狙い"":""◎▲－△"",""金額"":200,""予算内比率"":""10%""}]",,,,,,,,,,,,,,,
2026-09-27|阪神|7R|3b1bf4370c2a973d|morning|NA,2026-09-26T20:17:13+09:00,1.7,2026-09-27,阪神,7R,3歳以上1勝クラス,ダート,1400,良,6,ハグレジョー,◎,1,0.1273690881479299,0.7640104948155833,79.52380632935106,2.0155725259624697,81.53937885531353,5.6,1,,,morning,,,True,標準,2000.0,"[{""スタイル"":""標準"",""券種"":""単勝"",""買い目"":""6 ハグレジョー"",""狙い"":""◎の勝ち切り"",""金額"":300,""予算内比率"":""15%""},{""スタイル"":""標準"",""券種"":""馬連"",""買い目"":""6 ハグレジョー - 14 ミッションルース"",""狙い"":""◎－○の本線"",""金額"":300,""予算内比率"":""15%""},{""スタイル"":""標準"",""券種"":""ワイド"",""買い目"":""6 ハグレジョー - 14 ミッションルース"",""狙い"":""◎－○の安定側"",""金額"":300,""予算内比率"":""15%""},{""スタイル"":""標準"",""券種"":""馬連"",""買い目"":""6 ハグレジョー - 3 ムーランオランジュ"",""狙い"":""◎－▲の押さえ"",""金額"":200,""予算内比率"":""10%""},{""スタイル"":""標準"",""券種"":""ワイド"",""買い目"":""6 ハグレジョー - 3 ムーランオランジュ"",""狙い"":""◎－▲"",""金額"":200,""予算内比率"":""10%""},{""スタイル"":""標準"",""券種"":""三連複"",""買い目"":""6 ハグレジョー - 14 ミッションルース - 3 ムーランオランジュ"",""狙い"":""◎○▲の中心"",""金額"":300,""予算内比率"":""15%""},{""スタイル"":""標準"",""券種"":""三連複"",""買い目"":""6 ハグレジョー - 14 ミッションルース - 8 エルフェニックス"",""狙い"":""◎○－△"",""金額"":200,""予算内比率"":""10%""},{""スタイル"":""標準"",""券種"":""三連複"",""買い目"":""6 ハグレジョー - 3 ムーランオランジュ - 5 ゴメンネジロー"",""狙い"":""◎▲－△"",""金額"":200,""予算内比率"":""10%""}]",,,,,,,,,,,,,,,
2026-09-27|阪神|7R|3b1bf4370c2a973d|morning|NA,2026-09-26T20:17:13+09:00,1.7,2026-09-27,阪神,7R,3歳以上1勝クラス,ダート,1400,良,7,メティエダール,注,8,0.0805209966726597,0.3447141845344068,43.44917353131548,2.4,45.84917353131548,14.9,11,,,morning,,,True,標準,2000.0,"[{""スタイル"":""標準"",""券種"":""単勝"",""買い目"":""6 ハグレジョー"",""狙い"":""◎の勝ち切り"",""金額"":300,""予算内比率"":""15%""},{""スタイル"":""標準"",""券種"":""馬連"",""買い目"":""6 ハグレジョー - 14 ミッションルース"",""狙い"":""◎－○の本線"",""金額"":300,""予算内比率"":""15%""},{""スタイル"":""標準"",""券種"":""ワイド"",""買い目"":""6 ハグレジョー - 14 ミッションルース"",""狙い"":""◎－○の安定側"",""金額"":300,""予算内比率"":""15%""},{""スタイル"":""標準"",""券種"":""馬連"",""買い目"":""6 ハグレジョー - 3 ムーランオランジュ"",""狙い"":""◎－▲の押さえ"",""金額"":200,""予算内比率"":""10%""},{""スタイル"":""標準"",""券種"":""ワイド"",""買い目"":""6 ハグレジョー - 3 ムーランオランジュ"",""狙い"":""◎－▲"",""金額"":200,""予算内比率"":""10%""},{""スタイル"":""標準"",""券種"":""三連複"",""買い目"":""6 ハグレジョー - 14 ミッションルース - 3 ムーランオランジュ"",""狙い"":""◎○▲の中心"",""金額"":300,""予算内比率"":""15%""},{""スタイル"":""標準"",""券種"":""三連複"",""買い目"":""6 ハグレジョー - 14 ミッションルース - 8 エルフェニックス"",""狙い"":""◎○－△"",""金額"":200,""予算内比率"":""10%""},{""スタイル"":""標準"",""券種"":""三連複"",""買い目"":""6 ハグレジョー - 3 ムーランオランジュ - 5 ゴメンネジロー"",""狙い"":""◎▲－△"",""金額"":200,""予算内比率"":""10%""}]",,,,,,,,,,,,,,,
2026-09-27|阪神|7R|3b1bf4370c2a973d|morning|NA,2026-09-26T20:17:13+09:00,1.7,2026-09-27,阪神,7R,3歳以上1勝クラス,ダート,1400,良,8,エルフェニックス,△,4,0.0992159614941177,0.5810120568930637,62.71986022097092,-1.2243606812191663,61.49549953975175,8.6,3,,,morning,,,True,標準,2000.0,"[{""スタイル"":""標準"",""券種"":""単勝"",""買い目"":""6 ハグレジョー"",""狙い"":""◎の勝ち切り"",""金額"":300,""予算内比率"":""15%""},{""スタイル"":""標準"",""券種"":""馬連"",""買い目"":""6 ハグレジョー - 14 ミッションルース"",""狙い"":""◎－○の本線"",""金額"":300,""予算内比率"":""15%""},{""スタイル"":""標準"",""券種"":""ワイド"",""買い目"":""6 ハグレジョー - 14 ミッションルース"",""狙い"":""◎－○の安定側"",""金額"":300,""予算内比率"":""15%""},{""スタイル"":""標準"",""券種"":""馬連"",""買い目"":""6 ハグレジョー - 3 ムーランオランジュ"",""狙い"":""◎－▲の押さえ"",""金額"":200,""予算内比率"":""10%""},{""スタイル"":""標準"",""券種"":""ワイド"",""買い目"":""6 ハグレジョー - 3 ムーランオランジュ"",""狙い"":""◎－▲"",""金額"":200,""予算内比率"":""10%""},{""スタイル"":""標準"",""券種"":""三連複"",""買い目"":""6 ハグレジョー - 14 ミッションルース - 3 ムーランオランジュ"",""狙い"":""◎○▲の中心"",""金額"":300,""予算内比率"":""15%""},{""スタイル"":""標準"",""券種"":""三連複"",""買い目"":""6 ハグレジョー - 14 ミッションルース - 8 エルフェニックス"",""狙い"":""◎○－△"",""金額"":200,""予算内比率"":""10%""},{""スタイル"":""標準"",""券種"":""三連複"",""買い目"":""6 ハグレジョー - 3 ムーランオランジュ - 5 ゴメンネジロー"",""狙い"":""◎▲－△"",""金額"":200,""予算内比率"":""10%""}]",,,,,,,,,,,,,,,
2026-09-27|阪神|7R|3b1bf4370c2a973d|morning|NA,2026-09-26T20:17:13+09:00,1.7,2026-09-27,阪神,7R,3歳以上1勝クラス,ダート,1400,良,9,オウケンブラッド,×,14,0.0165215046094253,0.0339069122623399,9.970096110005022,0.0,9.970096110005022,8.2,2,,,morning,,,True,標準,2000.0,"[{""スタイル"":""標準"",""券種"":""単勝"",""買い目"":""6 ハグレジョー"",""狙い"":""◎の勝ち切り"",""金額"":300,""予算内比率"":""15%""},{""スタイル"":""標準"",""券種"":""馬連"",""買い目"":""6 ハグレジョー - 14 ミッションルース"",""狙い"":""◎－○の本線"",""金額"":300,""予算内比率"":""15%""},{""スタイル"":""標準"",""券種"":""ワイド"",""買い目"":""6 ハグレジョー - 14 ミッションルース"",""狙い"":""◎－○の安定側"",""金額"":300,""予算内比率"":""15%""},{""スタイル"":""標準"",""券種"":""馬連"",""買い目"":""6 ハグレジョー - 3 ムーランオランジュ"",""狙い"":""◎－▲の押さえ"",""金額"":200,""予算内比率"":""10%""},{""スタイル"":""標準"",""券種"":""ワイド"",""買い目"":""6 ハグレジョー - 3 ムーランオランジュ"",""狙い"":""◎－▲"",""金額"":200,""予算内比率"":""10%""},{""スタイル"":""標準"",""券種"":""三連複"",""買い目"":""6 ハグレジョー - 14 ミッションルース - 3 ムーランオランジュ"",""狙い"":""◎○▲の中心"",""金額"":300,""予算内比率"":""15%""},{""スタイル"":""標準"",""券種"":""三連複"",""買い目"":""6 ハグレジョー - 14 ミッションルース - 8 エルフェニックス"",""狙い"":""◎○－△"",""金額"":200,""予算内比率"":""10%""},{""スタイル"":""標準"",""券種"":""三連複"",""買い目"":""6 ハグレジョー - 3 ムーランオランジュ - 5 ゴメンネジロー"",""狙い"":""◎▲－△"",""金額"":200,""予算内比率"":""10%""}]",,,,,,,,,,,,,,,
2026-09-27|阪神|7R|3b1bf4370c2a973d|morning|NA,2026-09-26T20:17:13+09:00,1.7,2026-09-27,阪神,7R,3歳以上1勝クラス,ダート,1400,良,10,グリュイエール,×,12,0.0258811323361361,0.1785315138219124,22.836962250942268,0.0,22.836962250942268,32.1,14,,,morning,,,True,標準,2000.0,"[{""スタイル"":""標準"",""券種"":""単勝"",""買い目"":""6 ハグレジョー"",""狙い"":""◎の勝ち切り"",""金額"":300,""予算内比率"":""15%""},{""スタイル"":""標準"",""券種"":""馬連"",""買い目"":""6 ハグレジョー - 14 ミッションルース"",""狙い"":""◎－○の本線"",""金額"":300,""予算内比率"":""15%""},{""スタイル"":""標準"",""券種"":""ワイド"",""買い目"":""6 ハグレジョー - 14 ミッションルース"",""狙い"":""◎－○の安定側"",""金額"":300,""予算内比率"":""15%""},{""スタイル"":""標準"",""券種"":""馬連"",""買い目"":""6 ハグレジョー - 3 ムーランオランジュ"",""狙い"":""◎－▲の押さえ"",""金額"":200,""予算内比率"":""10%""},{""スタイル"":""標準"",""券種"":""ワイド"",""買い目"":""6 ハグレジョー - 3 ムーランオランジュ"",""狙い"":""◎－▲"",""金額"":200,""予算内比率"":""10%""},{""スタイル"":""標準"",""券種"":""三連複"",""買い目"":""6 ハグレジョー - 14 ミッションルース - 3 ムーランオランジュ"",""狙い"":""◎○▲の中心"",""金額"":300,""予算内比率"":""15%""},{""スタイル"":""標準"",""券種"":""三連複"",""買い目"":""6 ハグレジョー - 14 ミッションルース - 8 エルフェニックス"",""狙い"":""◎○－△"",""金額"":200,""予算内比率"":""10%""},{""スタイル"":""標準"",""券種"":""三連複"",""買い目"":""6 ハグレジョー - 3 ムーランオランジュ - 5 ゴメンネジロー"",""狙い"":""◎▲－△"",""金額"":200,""予算内比率"":""10%""}]",,,,,,,,,,,,,,,
2026-09-27|阪神|7R|3b1bf4370c2a973d|morning|NA,2026-09-26T20:17:13+09:00,1.7,2026-09-27,阪神,7R,3歳以上1勝クラス,ダート,1400,良,11,ジーヴル,注,10,0.0448542204937913,0.2663352589133683,28.54582625777097,-1.2243606812191663,27.321465576551805,21.0,13,,,morning,,,True,標準,2000.0,"[{""スタイル"":""標準"",""券種"":""単勝"",""買い目"":""6 ハグレジョー"",""狙い"":""◎の勝ち切り"",""金額"":300,""予算内比率"":""15%""},{""スタイル"":""標準"",""券種"":""馬連"",""買い目"":""6 ハグレジョー - 14 ミッションルース"",""狙い"":""◎－○の本線"",""金額"":300,""予算内比率"":""15%""},{""スタイル"":""標準"",""券種"":""ワイド"",""買い目"":""6 ハグレジョー - 14 ミッションルース"",""狙い"":""◎－○の安定側"",""金額"":300,""予算内比率"":""15%""},{""スタイル"":""標準"",""券種"":""馬連"",""買い目"":""6 ハグレジョー - 3 ムーランオランジュ"",""狙い"":""◎－▲の押さえ"",""金額"":200,""予算内比率"":""10%""},{""スタイル"":""標準"",""券種"":""ワイド"",""買い目"":""6 ハグレジョー - 3 ムーランオランジュ"",""狙い"":""◎－▲"",""金額"":200,""予算内比率"":""10%""},{""スタイル"":""標準"",""券種"":""三連複"",""買い目"":""6 ハグレジョー - 14 ミッションルース - 3 ムーランオランジュ"",""狙い"":""◎○▲の中心"",""金額"":300,""予算内比率"":""15%""},{""スタイル"":""標準"",""券種"":""三連複"",""買い目"":""6 ハグレジョー - 14 ミッションルース - 8 エルフェニックス"",""狙い"":""◎○－△"",""金額"":200,""予算内比率"":""10%""},{""スタイル"":""標準"",""券種"":""三連複"",""買い目"":""6 ハグレジョー - 3 ムーランオランジュ - 5 ゴメンネジロー"",""狙い"":""◎▲－△"",""金額"":200,""予算内比率"":""10%""}]",,,,,,,,,,,,,,,
2026-09-27|阪神|7R|3b1bf4370c2a973d|morning|NA,2026-09-26T20:17:13+09:00,1.7,2026-09-27,阪神,7R,3歳以上1勝クラス,ダート,1400,良,12,フレットローソ,☆,7,0.0841854898420956,0.53741299389549,54.81866681878225,-0.9328462333098408,53.88582058547241,10.5,5,,,morning,,,True,標準,2000.0,"[{""スタイル"":""標準"",""券種"":""単勝"",""買い目"":""6 ハグレジョー"",""狙い"":""◎の勝ち切り"",""金額"":300,""予算内比率"":""15%""},{""スタイル"":""標準"",""券種"":""馬連"",""買い目"":""6 ハグレジョー - 14 ミッションルース"",""狙い"":""◎－○の本線"",""金額"":300,""予算内比率"":""15%""},{""スタイル"":""標準"",""券種"":""ワイド"",""買い目"":""6 ハグレジョー - 14 ミッションルース"",""狙い"":""◎－○の安定側"",""金額"":300,""予算内比率"":""15%""},{""スタイル"":""標準"",""券種"":""馬連"",""買い目"":""6 ハグレジョー - 3 ムーランオランジュ"",""狙い"":""◎－▲の押さえ"",""金額"":200,""予算内比率"":""10%""},{""スタイル"":""標準"",""券種"":""ワイド"",""買い目"":""6 ハグレジョー - 3 ムーランオランジュ"",""狙い"":""◎－▲"",""金額"":200,""予算内比率"":""10%""},{""スタイル"":""標準"",""券種"":""三連複"",""買い目"":""6 ハグレジョー - 14 ミッションルース - 3 ムーランオランジュ"",""狙い"":""◎○▲の中心"",""金額"":300,""予算内比率"":""15%""},{""スタイル"":""標準"",""券種"":""三連複"",""買い目"":""6 ハグレジョー - 14 ミッションルース - 8 エルフェニックス"",""狙い"":""◎○－△"",""金額"":200,""予算内比率"":""10%""},{""スタイル"":""標準"",""券種"":""三連複"",""買い目"":""6 ハグレジョー - 3 ムーランオランジュ - 5 ゴメンネジロー"",""狙い"":""◎▲－△"",""金額"":200,""予算内比率"":""10%""}]",,,,,,,,,,,,,,,
2026-09-27|阪神|7R|3b1bf4370c2a973d|morning|NA,2026-09-26T20:17:13+09:00,1.7,2026-09-27,阪神,7R,3歳以上1勝クラス,ダート,1400,良,13,プレダトゥール,☆,6,0.0744803704945069,0.5540539296705794,55.46709929559328,0.0,55.46709929559328,9.8,4,,,morning,,,True,標準,2000.0,"[{""スタイル"":""標準"",""券種"":""単勝"",""買い目"":""6 ハグレジョー"",""狙い"":""◎の勝ち切り"",""金額"":300,""予算内比率"":""15%""},{""スタイル"":""標準"",""券種"":""馬連"",""買い目"":""6 ハグレジョー - 14 ミッションルース"",""狙い"":""◎－○の本線"",""金額"":300,""予算内比率"":""15%""},{""スタイル"":""標準"",""券種"":""ワイド"",""買い目"":""6 ハグレジョー - 14 ミッションルース"",""狙い"":""◎－○の安定側"",""金額"":300,""予算内比率"":""15%""},{""スタイル"":""標準"",""券種"":""馬連"",""買い目"":""6 ハグレジョー - 3 ムーランオランジュ"",""狙い"":""◎－▲の押さえ"",""金額"":200,""予算内比率"":""10%""},{""スタイル"":""標準"",""券種"":""ワイド"",""買い目"":""6 ハグレジョー - 3 ムーランオランジュ"",""狙い"":""◎－▲"",""金額"":200,""予算内比率"":""10%""},{""スタイル"":""標準"",""券種"":""三連複"",""買い目"":""6 ハグレジョー - 14 ミッションルース - 3 ムーランオランジュ"",""狙い"":""◎○▲の中心"",""金額"":300,""予算内比率"":""15%""},{""スタイル"":""標準"",""券種"":""三連複"",""買い目"":""6 ハグレジョー - 14 ミッションルース - 8 エルフェニックス"",""狙い"":""◎○－△"",""金額"":200,""予算内比率"":""10%""},{""スタイル"":""標準"",""券種"":""三連複"",""買い目"":""6 ハグレジョー - 3 ムーランオランジュ - 5 ゴメンネジロー"",""狙い"":""◎▲－△"",""金額"":200,""予算内比率"":""10%""}]",,,,,,,,,,,,,,,
2026-09-27|阪神|7R|3b1bf4370c2a973d|morning|NA,2026-09-26T20:17:13+09:00,1.7,2026-09-27,阪神,7R,3歳以上1勝クラス,ダート,1400,良,14,ミッションルース,○,2,0.1308457261815759,0.7426498551178932,72.2776110450497,2.4,74.6776110450497,11.1,6,,,morning,,,True,標準,2000.0,"[{""スタイル"":""標準"",""券種"":""単勝"",""買い目"":""6 ハグレジョー"",""狙い"":""◎の勝ち切り"",""金額"":300,""予算内比率"":""15%""},{""スタイル"":""標準"",""券種"":""馬連"",""買い目"":""6 ハグレジョー - 14 ミッションルース"",""狙い"":""◎－○の本線"",""金額"":300,""予算内比率"":""15%""},{""スタイル"":""標準"",""券種"":""ワイド"",""買い目"":""6 ハグレジョー - 14 ミッションルース"",""狙い"":""◎－○の安定側"",""金額"":300,""予算内比率"":""15%""},{""スタイル"":""標準"",""券種"":""馬連"",""買い目"":""6 ハグレジョー - 3 ムーランオランジュ"",""狙い"":""◎－▲の押さえ"",""金額"":200,""予算内比率"":""10%""},{""スタイル"":""標準"",""券種"":""ワイド"",""買い目"":""6 ハグレジョー - 3 ムーランオランジュ"",""狙い"":""◎－▲"",""金額"":200,""予算内比率"":""10%""},{""スタイル"":""標準"",""券種"":""三連複"",""買い目"":""6 ハグレジョー - 14 ミッションルース - 3 ムーランオランジュ"",""狙い"":""◎○▲の中心"",""金額"":300,""予算内比率"":""15%""},{""スタイル"":""標準"",""券種"":""三連複"",""買い目"":""6 ハグレジョー - 14 ミッションルース - 8 エルフェニックス"",""狙い"":""◎○－△"",""金額"":200,""予算内比率"":""10%""},{""スタイル"":""標準"",""券種"":""三連複"",""買い目"":""6 ハグレジョー - 3 ムーランオランジュ - 5 ゴメンネジロー"",""狙い"":""◎▲－△"",""金額"":200,""予算内比率"":""10%""}]",,,,,,,,,,,,,,,
2026-09-27|阪神|7R|3b1bf4370c2a973d|morning|NA,2026-09-26T20:17:13+09:00,1.7,2026-09-27,阪神,7R,3歳以上1勝クラス,ダート,1400,良,15,アメリカンランナー,×,13,0.023754136548991,0.168819885013546,20.146027683069867,2.4,22.546027683069862,50.9,15,,,morning,,,True,標準,2000.0,"[{""スタイル"":""標準"",""券種"":""単勝"",""買い目"":""6 ハグレジョー"",""狙い"":""◎の勝ち切り"",""金額"":300,""予算内比率"":""15%""},{""スタイル"":""標準"",""券種"":""馬連"",""買い目"":""6 ハグレジョー - 14 ミッションルース"",""狙い"":""◎－○の本線"",""金額"":300,""予算内比率"":""15%""},{""スタイル"":""標準"",""券種"":""ワイド"",""買い目"":""6 ハグレジョー - 14 ミッションルース"",""狙い"":""◎－○の安定側"",""金額"":300,""予算内比率"":""15%""},{""スタイル"":""標準"",""券種"":""馬連"",""買い目"":""6 ハグレジョー - 3 ムーランオランジュ"",""狙い"":""◎－▲の押さえ"",""金額"":200,""予算内比率"":""10%""},{""スタイル"":""標準"",""券種"":""ワイド"",""買い目"":""6 ハグレジョー - 3 ムーランオランジュ"",""狙い"":""◎－▲"",""金額"":200,""予算内比率"":""10%""},{""スタイル"":""標準"",""券種"":""三連複"",""買い目"":""6 ハグレジョー - 14 ミッションルース - 3 ムーランオランジュ"",""狙い"":""◎○▲の中心"",""金額"":300,""予算内比率"":""15%""},{""スタイル"":""標準"",""券種"":""三連複"",""買い目"":""6 ハグレジョー - 14 ミッションルース - 8 エルフェニックス"",""狙い"":""◎○－△"",""金額"":200,""予算内比率"":""10%""},{""スタイル"":""標準"",""券種"":""三連複"",""買い目"":""6 ハグレジョー - 3 ムーランオランジュ - 5 ゴメンネジロー"",""狙い"":""◎▲－△"",""金額"":200,""予算内比率"":""10%""}]",,,,,,,,,,,,,,,
2026-09-27|阪神|7R|3b1bf4370c2a973d|morning|NA,2026-09-26T20:17:13+09:00,1.7,2026-09-27,阪神,7R,3歳以上1勝クラス,ダート,1400,良,16,シークザドリーム,×,11,0.0153912011106382,0.2049510870717858,22.576686341917025,2.4,24.976686341917024,76.4,16,,,morning,,,True,標準,2000.0,"[{""スタイル"":""標準"",""券種"":""単勝"",""買い目"":""6 ハグレジョー"",""狙い"":""◎の勝ち切り"",""金額"":300,""予算内比率"":""15%""},{""スタイル"":""標準"",""券種"":""馬連"",""買い目"":""6 ハグレジョー - 14 ミッションルース"",""狙い"":""◎－○の本線"",""金額"":300,""予算内比率"":""15%""},{""スタイル"":""標準"",""券種"":""ワイド"",""買い目"":""6 ハグレジョー - 14 ミッションルース"",""狙い"":""◎－○の安定側"",""金額"":300,""予算内比率"":""15%""},{""スタイル"":""標準"",""券種"":""馬連"",""買い目"":""6 ハグレジョー - 3 ムーランオランジュ"",""狙い"":""◎－▲の押さえ"",""金額"":200,""予算内比率"":""10%""},{""スタイル"":""標準"",""券種"":""ワイド"",""買い目"":""6 ハグレジョー - 3 ムーランオランジュ"",""狙い"":""◎－▲"",""金額"":200,""予算内比率"":""10%""},{""スタイル"":""標準"",""券種"":""三連複"",""買い目"":""6 ハグレジョー - 14 ミッションルース - 3 ムーランオランジュ"",""狙い"":""◎○▲の中心"",""金額"":300,""予算内比率"":""15%""},{""スタイル"":""標準"",""券種"":""三連複"",""買い目"":""6 ハグレジョー - 14 ミッションルース - 8 エルフェニックス"",""狙い"":""◎○－△"",""金額"":200,""予算内比率"":""10%""},{""スタイル"":""標準"",""券種"":""三連複"",""買い目"":""6 ハグレジョー - 3 ムーランオランジュ - 5 ゴメンネジロー"",""狙い"":""◎▲－△"",""金額"":200,""予算内比率"":""10%""}]",,,,,,,,,,,,,,,
2026-09-27|阪神|8R|3766b9b5656d6c5d|morning|NA,2026-09-26T20:17:14+09:00,1.7,2026-09-27,阪神,8R,3歳以上1勝クラス,芝,1800,良,1,サウンドサンライズ,注,8,0.0682042310071808,0.3168231057725285,30.69781826890964,0.1987545910688374,30.89657285997848,18.7,8,,,morning,,,True,標準,2000.0,"[{""スタイル"":""標準"",""券種"":""単勝"",""買い目"":""3 ダーリンダーリン"",""狙い"":""◎の勝ち切り"",""金額"":300,""予算内比率"":""15%""},{""スタイル"":""標準"",""券種"":""馬連"",""買い目"":""3 ダーリンダーリン - 2 コウギョク"",""狙い"":""◎－○の本線"",""金額"":300,""予算内比率"":""15%""},{""スタイル"":""標準"",""券種"":""ワイド"",""買い目"":""3 ダーリンダーリン - 2 コウギョク"",""狙い"":""◎－○の安定側"",""金額"":300,""予算内比率"":""15%""},{""スタイル"":""標準"",""券種"":""馬連"",""買い目"":""3 ダーリンダーリン - 10 コニーアイランド"",""狙い"":""◎－▲の押さえ"",""金額"":200,""予算内比率"":""10%""},{""スタイル"":""標準"",""券種"":""ワイド"",""買い目"":""3 ダーリンダーリン - 10 コニーアイランド"",""狙い"":""◎－▲"",""金額"":200,""予算内比率"":""10%""},{""スタイル"":""標準"",""券種"":""三連複"",""買い目"":""3 ダーリンダーリン - 2 コウギョク - 10 コニーアイランド"",""狙い"":""◎○▲の中心"",""金額"":300,""予算内比率"":""15%""},{""スタイル"":""標準"",""券種"":""三連複"",""買い目"":""3 ダーリンダーリン - 2 コウギョク - 12 バースデイフライト"",""狙い"":""◎○－△"",""金額"":200,""予算内比率"":""10%""},{""スタイル"":""標準"",""券種"":""三連複"",""買い目"":""3 ダーリンダーリン - 10 コニーアイランド - 5 ヴィーナスバブル"",""狙い"":""◎▲－△"",""金額"":200,""予算内比率"":""10%""}]",,,,,,,,,,,,,,,
2026-09-27|阪神|8R|3766b9b5656d6c5d|morning|NA,2026-09-26T20:17:14+09:00,1.7,2026-09-27,阪神,8R,3歳以上1勝クラス,芝,1800,良,2,コウギョク,○,2,0.1514701183265702,0.7164984748899186,77.6838253581713,0.0,77.6838253581713,7.7,2,,,morning,,,True,標準,2000.0,"[{""スタイル"":""標準"",""券種"":""単勝"",""買い目"":""3 ダーリンダーリン"",""狙い"":""◎の勝ち切り"",""金額"":300,""予算内比率"":""15%""},{""スタイル"":""標準"",""券種"":""馬連"",""買い目"":""3 ダーリンダーリン - 2 コウギョク"",""狙い"":""◎－○の本線"",""金額"":300,""予算内比率"":""15%""},{""スタイル"":""標準"",""券種"":""ワイド"",""買い目"":""3 ダーリンダーリン - 2 コウギョク"",""狙い"":""◎－○の安定側"",""金額"":300,""予算内比率"":""15%""},{""スタイル"":""標準"",""券種"":""馬連"",""買い目"":""3 ダーリンダーリン - 10 コニーアイランド"",""狙い"":""◎－▲の押さえ"",""金額"":200,""予算内比率"":""10%""},{""スタイル"":""標準"",""券種"":""ワイド"",""買い目"":""3 ダーリンダーリン - 10 コニーアイランド"",""狙い"":""◎－▲"",""金額"":200,""予算内比率"":""10%""},{""スタイル"":""標準"",""券種"":""三連複"",""買い目"":""3 ダーリンダーリン - 2 コウギョク - 10 コニーアイランド"",""狙い"":""◎○▲の中心"",""金額"":300,""予算内比率"":""15%""},{""スタイル"":""標準"",""券種"":""三連複"",""買い目"":""3 ダーリンダーリン - 2 コウギョク - 12 バースデイフライト"",""狙い"":""◎○－△"",""金額"":200,""予算内比率"":""10%""},{""スタイル"":""標準"",""券種"":""三連複"",""買い目"":""3 ダーリンダーリン - 10 コニーアイランド - 5 ヴィーナスバブル"",""狙い"":""◎▲－△"",""金額"":200,""予算内比率"":""10%""}]",,,,,,,,,,,,,,,
2026-09-27|阪神|8R|3766b9b5656d6c5d|morning|NA,2026-09-26T20:17:14+09:00,1.7,2026-09-27,阪神,8R,3歳以上1勝クラス,芝,1800,良,3,ダーリンダーリン,◎,1,0.2046986885102407,0.904238318496778,82.98519352595405,0.6551991862143317,83.64039271216838,1.7,1,,,morning,,,True,標準,2000.0,"[{""スタイル"":""標準"",""券種"":""単勝"",""買い目"":""3 ダーリンダーリン"",""狙い"":""◎の勝ち切り"",""金額"":300,""予算内比率"":""15%""},{""スタイル"":""標準"",""券種"":""馬連"",""買い目"":""3 ダーリンダーリン - 2 コウギョク"",""狙い"":""◎－○の本線"",""金額"":300,""予算内比率"":""15%""},{""スタイル"":""標準"",""券種"":""ワイド"",""買い目"":""3 ダーリンダーリン - 2 コウギョク"",""狙い"":""◎－○の安定側"",""金額"":300,""予算内比率"":""15%""},{""スタイル"":""標準"",""券種"":""馬連"",""買い目"":""3 ダーリンダーリン - 10 コニーアイランド"",""狙い"":""◎－▲の押さえ"",""金額"":200,""予算内比率"":""10%""},{""スタイル"":""標準"",""券種"":""ワイド"",""買い目"":""3 ダーリンダーリン - 10 コニーアイランド"",""狙い"":""◎－▲"",""金額"":200,""予算内比率"":""10%""},{""スタイル"":""標準"",""券種"":""三連複"",""買い目"":""3 ダーリンダーリン - 2 コウギョク - 10 コニーアイランド"",""狙い"":""◎○▲の中心"",""金額"":300,""予算内比率"":""15%""},{""スタイル"":""標準"",""券種"":""三連複"",""買い目"":""3 ダーリンダーリン - 2 コウギョク - 12 バースデイフライト"",""狙い"":""◎○－△"",""金額"":200,""予算内比率"":""10%""},{""スタイル"":""標準"",""券種"":""三連複"",""買い目"":""3 ダーリンダーリン - 10 コニーアイランド - 5 ヴィーナスバブル"",""狙い"":""◎▲－△"",""金額"":200,""予算内比率"":""10%""}]",,,,,,,,,,,,,,,
2026-09-27|阪神|8R|3766b9b5656d6c5d|morning|NA,2026-09-26T20:17:14+09:00,1.7,2026-09-27,阪神,8R,3歳以上1勝クラス,芝,1800,良,4,テレプシコーラ,注,9,0.0474887749060497,0.2196430854215101,25.402932884356765,0.0,25.402932884356765,29.8,9,,,morning,,,True,標準,2000.0,"[{""スタイル"":""標準"",""券種"":""単勝"",""買い目"":""3 ダーリンダーリン"",""狙い"":""◎の勝ち切り"",""金額"":300,""予算内比率"":""15%""},{""スタイル"":""標準"",""券種"":""馬連"",""買い目"":""3 ダーリンダーリン - 2 コウギョク"",""狙い"":""◎－○の本線"",""金額"":300,""予算内比率"":""15%""},{""スタイル"":""標準"",""券種"":""ワイド"",""買い目"":""3 ダーリンダーリン - 2 コウギョク"",""狙い"":""◎－○の安定側"",""金額"":300,""予算内比率"":""15%""},{""スタイル"":""標準"",""券種"":""馬連"",""買い目"":""3 ダーリンダーリン - 10 コニーアイランド"",""狙い"":""◎－▲の押さえ"",""金額"":200,""予算内比率"":""10%""},{""スタイル"":""標準"",""券種"":""ワイド"",""買い目"":""3 ダーリンダーリン - 10 コニーアイランド"",""狙い"":""◎－▲"",""金額"":200,""予算内比率"":""10%""},{""スタイル"":""標準"",""券種"":""三連複"",""買い目"":""3 ダーリンダーリン - 2 コウギョク - 10 コニーアイランド"",""狙い"":""◎○▲の中心"",""金額"":300,""予算内比率"":""15%""},{""スタイル"":""標準"",""券種"":""三連複"",""買い目"":""3 ダーリンダーリン - 2 コウギョク - 12 バースデイフライト"",""狙い"":""◎○－△"",""金額"":200,""予算内比率"":""10%""},{""スタイル"":""標準"",""券種"":""三連複"",""買い目"":""3 ダーリンダーリン - 10 コニーアイランド - 5 ヴィーナスバブル"",""狙い"":""◎▲－△"",""金額"":200,""予算内比率"":""10%""}]",,,,,,,,,,,,,,,
2026-09-27|阪神|8R|3766b9b5656d6c5d|morning|NA,2026-09-26T20:17:14+09:00,1.7,2026-09-27,阪神,8R,3歳以上1勝クラス,芝,1800,良,5,ヴィーナスバブル,△,5,0.0770914540545342,0.4398170888884564,41.33948236183409,-1.726401085047558,39.61308127678653,11.9,4,,,morning,,,True,標準,2000.0,"[{""スタイル"":""標準"",""券種"":""単勝"",""買い目"":""3 ダーリンダーリン"",""狙い"":""◎の勝ち切り"",""金額"":300,""予算内比率"":""15%""},{""スタイル"":""標準"",""券種"":""馬連"",""買い目"":""3 ダーリンダーリン - 2 コウギョク"",""狙い"":""◎－○の本線"",""金額"":300,""予算内比率"":""15%""},{""スタイル"":""標準"",""券種"":""ワイド"",""買い目"":""3 ダーリンダーリン - 2 コウギョク"",""狙い"":""◎－○の安定側"",""金額"":300,""予算内比率"":""15%""},{""スタイル"":""標準"",""券種"":""馬連"",""買い目"":""3 ダーリンダーリン - 10 コニーアイランド"",""狙い"":""◎－▲の押さえ"",""金額"":200,""予算内比率"":""10%""},{""スタイル"":""標準"",""券種"":""ワイド"",""買い目"":""3 ダーリンダーリン - 10 コニーアイランド"",""狙い"":""◎－▲"",""金額"":200,""予算内比率"":""10%""},{""スタイル"":""標準"",""券種"":""三連複"",""買い目"":""3 ダーリンダーリン - 2 コウギョク - 10 コニーアイランド"",""狙い"":""◎○▲の中心"",""金額"":300,""予算内比率"":""15%""},{""スタイル"":""標準"",""券種"":""三連複"",""買い目"":""3 ダーリンダーリン - 2 コウギョク - 12 バースデイフライト"",""狙い"":""◎○－△"",""金額"":200,""予算内比率"":""10%""},{""スタイル"":""標準"",""券種"":""三連複"",""買い目"":""3 ダーリンダーリン - 10 コニーアイランド - 5 ヴィーナスバブル"",""狙い"":""◎▲－△"",""金額"":200,""予算内比率"":""10%""}]",,,,,,,,,,,,,,,
2026-09-27|阪神|8R|3766b9b5656d6c5d|morning|NA,2026-09-26T20:17:14+09:00,1.7,2026-09-27,阪神,8R,3歳以上1勝クラス,芝,1800,良,6,テンタイムトップ,×,11,0.0331334521974228,0.1331538993390973,12.53296688542862,0.0,12.53296688542862,34.5,10,,,morning,,,True,標準,2000.0,"[{""スタイル"":""標準"",""券種"":""単勝"",""買い目"":""3 ダーリンダーリン"",""狙い"":""◎の勝ち切り"",""金額"":300,""予算内比率"":""15%""},{""スタイル"":""標準"",""券種"":""馬連"",""買い目"":""3 ダーリンダーリン - 2 コウギョク"",""狙い"":""◎－○の本線"",""金額"":300,""予算内比率"":""15%""},{""スタイル"":""標準"",""券種"":""ワイド"",""買い目"":""3 ダーリンダーリン - 2 コウギョク"",""狙い"":""◎－○の安定側"",""金額"":300,""予算内比率"":""15%""},{""スタイル"":""標準"",""券種"":""馬連"",""買い目"":""3 ダーリンダーリン - 10 コニーアイランド"",""狙い"":""◎－▲の押さえ"",""金額"":200,""予算内比率"":""10%""},{""スタイル"":""標準"",""券種"":""ワイド"",""買い目"":""3 ダーリンダーリン - 10 コニーアイランド"",""狙い"":""◎－▲"",""金額"":200,""予算内比率"":""10%""},{""スタイル"":""標準"",""券種"":""三連複"",""買い目"":""3 ダーリンダーリン - 2 コウギョク - 10 コニーアイランド"",""狙い"":""◎○▲の中心"",""金額"":300,""予算内比率"":""15%""},{""スタイル"":""標準"",""券種"":""三連複"",""買い目"":""3 ダーリンダーリン - 2 コウギョク - 12 バースデイフライト"",""狙い"":""◎○－△"",""金額"":200,""予算内比率"":""10%""},{""スタイル"":""標準"",""券種"":""三連複"",""買い目"":""3 ダーリンダーリン - 10 コニーアイランド - 5 ヴィーナスバブル"",""狙い"":""◎▲－△"",""金額"":200,""予算内比率"":""10%""}]",,,,,,,,,,,,,,,
2026-09-27|阪神|8R|3766b9b5656d6c5d|morning|NA,2026-09-26T20:17:14+09:00,1.7,2026-09-27,阪神,8R,3歳以上1勝クラス,芝,1800,良,7,ドーギッド,×,12,0.0289548095880587,0.1390774458639184,12.33125734261831,-0.465164820051881,11.86609252256643,50.5,11,,,morning,,,True,標準,2000.0,"[{""スタイル"":""標準"",""券種"":""単勝"",""買い目"":""3 ダーリンダーリン"",""狙い"":""◎の勝ち切り"",""金額"":300,""予算内比率"":""15%""},{""スタイル"":""標準"",""券種"":""馬連"",""買い目"":""3 ダーリンダーリン - 2 コウギョク"",""狙い"":""◎－○の本線"",""金額"":300,""予算内比率"":""15%""},{""スタイル"":""標準"",""券種"":""ワイド"",""買い目"":""3 ダーリンダーリン - 2 コウギョク"",""狙い"":""◎－○の安定側"",""金額"":300,""予算内比率"":""15%""},{""スタイル"":""標準"",""券種"":""馬連"",""買い目"":""3 ダーリンダーリン - 10 コニーアイランド"",""狙い"":""◎－▲の押さえ"",""金額"":200,""予算内比率"":""10%""},{""スタイル"":""標準"",""券種"":""ワイド"",""買い目"":""3 ダーリンダーリン - 10 コニーアイランド"",""狙い"":""◎－▲"",""金額"":200,""予算内比率"":""10%""},{""スタイル"":""標準"",""券種"":""三連複"",""買い目"":""3 ダーリンダーリン - 2 コウギョク - 10 コニーアイランド"",""狙い"":""◎○▲の中心"",""金額"":300,""予算内比率"":""15%""},{""スタイル"":""標準"",""券種"":""三連複"",""買い目"":""3 ダーリンダーリン - 2 コウギョク - 12 バースデイフライト"",""狙い"":""◎○－△"",""金額"":200,""予算内比率"":""10%""},{""スタイル"":""標準"",""券種"":""三連複"",""買い目"":""3 ダーリンダーリン - 10 コニーアイランド - 5 ヴィーナスバブル"",""狙い"":""◎▲－△"",""金額"":200,""予算内比率"":""10%""}]",,,,,,,,,,,,,,,
2026-09-27|阪神|8R|3766b9b5656d6c5d|morning|NA,2026-09-26T20:17:14+09:00,1.7,2026-09-27,阪神,8R,3歳以上1勝クラス,芝,1800,良,8,ワンダーイロネ,☆,7,0.0716001066824011,0.332129674207368,32.302718731226186,0.0,32.302718731226186,14.9,6,,,morning,,,True,標準,2000.0,"[{""スタイル"":""標準"",""券種"":""単勝"",""買い目"":""3 ダーリンダーリン"",""狙い"":""◎の勝ち切り"",""金額"":300,""予算内比率"":""15%""},{""スタイル"":""標準"",""券種"":""馬連"",""買い目"":""3 ダーリンダーリン - 2 コウギョク"",""狙い"":""◎－○の本線"",""金額"":300,""予算内比率"":""15%""},{""スタイル"":""標準"",""券種"":""ワイド"",""買い目"":""3 ダーリンダーリン - 2 コウギョク"",""狙い"":""◎－○の安定側"",""金額"":300,""予算内比率"":""15%""},{""スタイル"":""標準"",""券種"":""馬連"",""買い目"":""3 ダーリンダーリン - 10 コニーアイランド"",""狙い"":""◎－▲の押さえ"",""金額"":200,""予算内比率"":""10%""},{""スタイル"":""標準"",""券種"":""ワイド"",""買い目"":""3 ダーリンダーリン - 10 コニーアイランド"",""狙い"":""◎－▲"",""金額"":200,""予算内比率"":""10%""},{""スタイル"":""標準"",""券種"":""三連複"",""買い目"":""3 ダーリンダーリン - 2 コウギョク - 10 コニーアイランド"",""狙い"":""◎○▲の中心"",""金額"":300,""予算内比率"":""15%""},{""スタイル"":""標準"",""券種"":""三連複"",""買い目"":""3 ダーリンダーリン - 2 コウギョク - 12 バースデイフライト"",""狙い"":""◎○－△"",""金額"":200,""予算内比率"":""10%""},{""スタイル"":""標準"",""券種"":""三連複"",""買い目"":""3 ダーリンダーリン - 10 コニーアイランド - 5 ヴィーナスバブル"",""狙い"":""◎▲－△"",""金額"":200,""予算内比率"":""10%""}]",,,,,,,,,,,,,,,
2026-09-27|阪神|8R|3766b9b5656d6c5d|morning|NA,2026-09-26T20:17:14+09:00,1.7,2026-09-27,阪神,8R,3歳以上1勝クラス,芝,1800,良,9,エンベッカ,注,10,0.0348303606702334,0.1381770959061552,18.025500531821727,1.932087924402171,19.9575884562239,50.5,12,,,morning,,,True,標準,2000.0,"[{""スタイル"":""標準"",""券種"":""単勝"",""買い目"":""3 ダーリンダーリン"",""狙い"":""◎の勝ち切り"",""金額"":300,""予算内比率"":""15%""},{""スタイル"":""標準"",""券種"":""馬連"",""買い目"":""3 ダーリンダーリン - 2 コウギョク"",""狙い"":""◎－○の本線"",""金額"":300,""予算内比率"":""15%""},{""スタイル"":""標準"",""券種"":""ワイド"",""買い目"":""3 ダーリンダーリン - 2 コウギョク"",""狙い"":""◎－○の安定側"",""金額"":300,""予算内比率"":""15%""},{""スタイル"":""標準"",""券種"":""馬連"",""買い目"":""3 ダーリンダーリン - 10 コニーアイランド"",""狙い"":""◎－▲の押さえ"",""金額"":200,""予算内比率"":""10%""},{""スタイル"":""標準"",""券種"":""ワイド"",""買い目"":""3 ダーリンダーリン - 10 コニーアイランド"",""狙い"":""◎－▲"",""金額"":200,""予算内比率"":""10%""},{""スタイル"":""標準"",""券種"":""三連複"",""買い目"":""3 ダーリンダーリン - 2 コウギョク - 10 コニーアイランド"",""狙い"":""◎○▲の中心"",""金額"":300,""予算内比率"":""15%""},{""スタイル"":""標準"",""券種"":""三連複"",""買い目"":""3 ダーリンダーリン - 2 コウギョク - 12 バースデイフライト"",""狙い"":""◎○－△"",""金額"":200,""予算内比率"":""10%""},{""スタイル"":""標準"",""券種"":""三連複"",""買い目"":""3 ダーリンダーリン - 10 コニーアイランド - 5 ヴィーナスバブル"",""狙い"":""◎▲－△"",""金額"":200,""予算内比率"":""10%""}]",,,,,,,,,,,,,,,
2026-09-27|阪神|8R|3766b9b5656d6c5d|morning|NA,2026-09-26T20:17:14+09:00,1.7,2026-09-27,阪神,8R,3歳以上1勝クラス,芝,1800,良,10,コニーアイランド,▲,3,0.1120557871659643,0.5764664747733311,53.699394667145626,1.2420565228299671,54.9414511899756,9.6,3,,,morning,,,True,標準,2000.0,"[{""スタイル"":""標準"",""券種"":""単勝"",""買い目"":""3 ダーリンダーリン"",""狙い"":""◎の勝ち切り"",""金額"":300,""予算内比率"":""15%""},{""スタイル"":""標準"",""券種"":""馬連"",""買い目"":""3 ダーリンダーリン - 2 コウギョク"",""狙い"":""◎－○の本線"",""金額"":300,""予算内比率"":""15%""},{""スタイル"":""標準"",""券種"":""ワイド"",""買い目"":""3 ダーリンダーリン - 2 コウギョク"",""狙い"":""◎－○の安定側"",""金額"":300,""予算内比率"":""15%""},{""スタイル"":""標準"",""券種"":""馬連"",""買い目"":""3 ダーリンダーリン - 10 コニーアイランド"",""狙い"":""◎－▲の押さえ"",""金額"":200,""予算内比率"":""10%""},{""スタイル"":""標準"",""券種"":""ワイド"",""買い目"":""3 ダーリンダーリン - 10 コニーアイランド"",""狙い"":""◎－▲"",""金額"":200,""予算内比率"":""10%""},{""スタイル"":""標準"",""券種"":""三連複"",""買い目"":""3 ダーリンダーリン - 2 コウギョク - 10 コニーアイランド"",""狙い"":""◎○▲の中心"",""金額"":300,""予算内比率"":""15%""},{""スタイル"":""標準"",""券種"":""三連複"",""買い目"":""3 ダーリンダーリン - 2 コウギョク - 12 バースデイフライト"",""狙い"":""◎○－△"",""金額"":200,""予算内比率"":""10%""},{""スタイル"":""標準"",""券種"":""三連複"",""買い目"":""3 ダーリンダーリン - 10 コニーアイランド - 5 ヴィーナスバブル"",""狙い"":""◎▲－△"",""金額"":200,""予算内比率"":""10%""}]",,,,,,,,,,,,,,,
2026-09-27|阪神|8R|3766b9b5656d6c5d|morning|NA,2026-09-26T20:17:14+09:00,1.7,2026-09-27,阪神,8R,3歳以上1勝クラス,芝,1800,良,11,ベネディクション,☆,6,0.0771215424267615,0.3970327224729404,36.5246088261132,-2.0141345992221518,34.51047422689104,13.4,5,,,morning,,,True,標準,2000.0,"[{""スタイル"":""標準"",""券種"":""単勝"",""買い目"":""3 ダーリンダーリン"",""狙い"":""◎の勝ち切り"",""金額"":300,""予算内比率"":""15%""},{""スタイル"":""標準"",""券種"":""馬連"",""買い目"":""3 ダーリンダーリン - 2 コウギョク"",""狙い"":""◎－○の本線"",""金額"":300,""予算内比率"":""15%""},{""スタイル"":""標準"",""券種"":""ワイド"",""買い目"":""3 ダーリンダーリン - 2 コウギョク"",""狙い"":""◎－○の安定側"",""金額"":300,""予算内比率"":""15%""},{""スタイル"":""標準"",""券種"":""馬連"",""買い目"":""3 ダーリンダーリン - 10 コニーアイランド"",""狙い"":""◎－▲の押さえ"",""金額"":200,""予算内比率"":""10%""},{""スタイル"":""標準"",""券種"":""ワイド"",""買い目"":""3 ダーリンダーリン - 10 コニーアイランド"",""狙い"":""◎－▲"",""金額"":200,""予算内比率"":""10%""},{""スタイル"":""標準"",""券種"":""三連複"",""買い目"":""3 ダーリンダーリン - 2 コウギョク - 10 コニーアイランド"",""狙い"":""◎○▲の中心"",""金額"":300,""予算内比率"":""15%""},{""スタイル"":""標準"",""券種"":""三連複"",""買い目"":""3 ダーリンダーリン - 2 コウギョク - 12 バースデイフライト"",""狙い"":""◎○－△"",""金額"":200,""予算内比率"":""10%""},{""スタイル"":""標準"",""券種"":""三連複"",""買い目"":""3 ダーリンダーリン - 10 コニーアイランド - 5 ヴィーナスバブル"",""狙い"":""◎▲－△"",""金額"":200,""予算内比率"":""10%""}]",,,,,,,,,,,,,,,
2026-09-27|阪神|8R|3766b9b5656d6c5d|morning|NA,2026-09-26T20:17:14+09:00,1.7,2026-09-27,阪神,8R,3歳以上1勝クラス,芝,1800,良,12,バースデイフライト,△,4,0.0933506744645819,0.3996096785465901,41.93112294451111,2.4,44.33112294451111,15.2,7,,,morning,,,True,標準,2000.0,"[{""スタイル"":""標準"",""券種"":""単勝"",""買い目"":""3 ダーリンダーリン"",""狙い"":""◎の勝ち切り"",""金額"":300,""予算内比率"":""15%""},{""スタイル"":""標準"",""券種"":""馬連"",""買い目"":""3 ダーリンダーリン - 2 コウギョク"",""狙い"":""◎－○の本線"",""金額"":300,""予算内比率"":""15%""},{""スタイル"":""標準"",""券種"":""ワイド"",""買い目"":""3 ダーリンダーリン - 2 コウギョク"",""狙い"":""◎－○の安定側"",""金額"":300,""予算内比率"":""15%""},{""スタイル"":""標準"",""券種"":""馬連"",""買い目"":""3 ダーリンダーリン - 10 コニーアイランド"",""狙い"":""◎－▲の押さえ"",""金額"":200,""予算内比率"":""10%""},{""スタイル"":""標準"",""券種"":""ワイド"",""買い目"":""3 ダーリンダーリン - 10 コニーアイランド"",""狙い"":""◎－▲"",""金額"":200,""予算内比率"":""10%""},{""スタイル"":""標準"",""券種"":""三連複"",""買い目"":""3 ダーリンダーリン - 2 コウギョク - 10 コニーアイランド"",""狙い"":""◎○▲の中心"",""金額"":300,""予算内比率"":""15%""},{""スタイル"":""標準"",""券種"":""三連複"",""買い目"":""3 ダーリンダーリン - 2 コウギョク - 12 バースデイフライト"",""狙い"":""◎○－△"",""金額"":200,""予算内比率"":""10%""},{""スタイル"":""標準"",""券種"":""三連複"",""買い目"":""3 ダーリンダーリン - 10 コニーアイランド - 5 ヴィーナスバブル"",""狙い"":""◎▲－△"",""金額"":200,""予算内比率"":""10%""}]",,,,,,,,,,,,,,,
2026-09-27|阪神|9R|01e6abd5d64fbeab|morning|NA,2026-09-26T20:17:15+09:00,1.7,2026-09-27,阪神,9R,兵庫特別,芝,2400,良,1,ビップヴォルフ,注,8,0.0777509059540602,0.3382400791042624,25.77834183796199,-0.9865149057414614,24.791826932220527,29.5,4,,,morning,,,True,標準,2000.0,"[{""スタイル"":""標準"",""券種"":""単勝"",""買い目"":""2 ブラックオリンピア"",""狙い"":""◎の勝ち切り"",""金額"":300,""予算内比率"":""15%""},{""スタイル"":""標準"",""券種"":""馬連"",""買い目"":""2 ブラックオリンピア - 4 ニュークレド"",""狙い"":""◎－○の本線"",""金額"":300,""予算内比率"":""15%""},{""スタイル"":""標準"",""券種"":""ワイド"",""買い目"":""2 ブラックオリンピア - 4 ニュークレド"",""狙い"":""◎－○の安定側"",""金額"":300,""予算内比率"":""15%""},{""スタイル"":""標準"",""券種"":""馬連"",""買い目"":""2 ブラックオリンピア - 11 セイキュート"",""狙い"":""◎－▲の押さえ"",""金額"":200,""予算内比率"":""10%""},{""スタイル"":""標準"",""券種"":""ワイド"",""買い目"":""2 ブラックオリンピア - 11 セイキュート"",""狙い"":""◎－▲"",""金額"":200,""予算内比率"":""10%""},{""スタイル"":""標準"",""券種"":""三連複"",""買い目"":""2 ブラックオリンピア - 4 ニュークレド - 11 セイキュート"",""狙い"":""◎○▲の中心"",""金額"":300,""予算内比率"":""15%""},{""スタイル"":""標準"",""券種"":""三連複"",""買い目"":""2 ブラックオリンピア - 4 ニュークレド - 10 ドゥラエテルノ"",""狙い"":""◎○－△"",""金額"":200,""予算内比率"":""10%""},{""スタイル"":""標準"",""券種"":""三連複"",""買い目"":""2 ブラックオリンピア - 11 セイキュート - 9 メイショウナルカミ"",""狙い"":""◎▲－△"",""金額"":200,""予算内比率"":""10%""}]",,,,,,,,,,,,,,,
2026-09-27|阪神|9R|01e6abd5d64fbeab|morning|NA,2026-09-26T20:17:15+09:00,1.7,2026-09-27,阪神,9R,兵庫特別,芝,2400,良,2,ブラックオリンピア,◎,1,0.3956882410320781,0.995,97.79795770073734,2.4,100.0,1.1,1,,,morning,,,True,標準,2000.0,"[{""スタイル"":""標準"",""券種"":""単勝"",""買い目"":""2 ブラックオリンピア"",""狙い"":""◎の勝ち切り"",""金額"":300,""予算内比率"":""15%""},{""スタイル"":""標準"",""券種"":""馬連"",""買い目"":""2 ブラックオリンピア - 4 ニュークレド"",""狙い"":""◎－○の本線"",""金額"":300,""予算内比率"":""15%""},{""スタイル"":""標準"",""券種"":""ワイド"",""買い目"":""2 ブラックオリンピア - 4 ニュークレド"",""狙い"":""◎－○の安定側"",""金額"":300,""予算内比率"":""15%""},{""スタイル"":""標準"",""券種"":""馬連"",""買い目"":""2 ブラックオリンピア - 11 セイキュート"",""狙い"":""◎－▲の押さえ"",""金額"":200,""予算内比率"":""10%""},{""スタイル"":""標準"",""券種"":""ワイド"",""買い目"":""2 ブラックオリンピア - 11 セイキュート"",""狙い"":""◎－▲"",""金額"":200,""予算内比率"":""10%""},{""スタイル"":""標準"",""券種"":""三連複"",""買い目"":""2 ブラックオリンピア - 4 ニュークレド - 11 セイキュート"",""狙い"":""◎○▲の中心"",""金額"":300,""予算内比率"":""15%""},{""スタイル"":""標準"",""券種"":""三連複"",""買い目"":""2 ブラックオリンピア - 4 ニュークレド - 10 ドゥラエテルノ"",""狙い"":""◎○－△"",""金額"":200,""予算内比率"":""10%""},{""スタイル"":""標準"",""券種"":""三連複"",""買い目"":""2 ブラックオリンピア - 11 セイキュート - 9 メイショウナルカミ"",""狙い"":""◎▲－△"",""金額"":200,""予算内比率"":""10%""}]",,,,,,,,,,,,,,,
2026-09-27|阪神|9R|01e6abd5d64fbeab|morning|NA,2026-09-26T20:17:15+09:00,1.7,2026-09-27,阪神,9R,兵庫特別,芝,2400,良,3,シャドウマスター,☆,6,0.051759734706736,0.2174971853164408,31.10619837163162,0.0,31.10619837163162,67.4,8,,,morning,,,True,標準,2000.0,"[{""スタイル"":""標準"",""券種"":""単勝"",""買い目"":""2 ブラックオリンピア"",""狙い"":""◎の勝ち切り"",""金額"":300,""予算内比率"":""15%""},{""スタイル"":""標準"",""券種"":""馬連"",""買い目"":""2 ブラックオリンピア - 4 ニュークレド"",""狙い"":""◎－○の本線"",""金額"":300,""予算内比率"":""15%""},{""スタイル"":""標準"",""券種"":""ワイド"",""買い目"":""2 ブラックオリンピア - 4 ニュークレド"",""狙い"":""◎－○の安定側"",""金額"":300,""予算内比率"":""15%""},{""スタイル"":""標準"",""券種"":""馬連"",""買い目"":""2 ブラックオリンピア - 11 セイキュート"",""狙い"":""◎－▲の押さえ"",""金額"":200,""予算内比率"":""10%""},{""スタイル"":""標準"",""券種"":""ワイド"",""買い目"":""2 ブラックオリンピア - 11 セイキュート"",""狙い"":""◎－▲"",""金額"":200,""予算内比率"":""10%""},{""スタイル"":""標準"",""券種"":""三連複"",""買い目"":""2 ブラックオリンピア - 4 ニュークレド - 11 セイキュート"",""狙い"":""◎○▲の中心"",""金額"":300,""予算内比率"":""15%""},{""スタイル"":""標準"",""券種"":""三連複"",""買い目"":""2 ブラックオリンピア - 4 ニュークレド - 10 ドゥラエテルノ"",""狙い"":""◎○－△"",""金額"":200,""予算内比率"":""10%""},{""スタイル"":""標準"",""券種"":""三連複"",""買い目"":""2 ブラックオリンピア - 11 セイキュート - 9 メイショウナルカミ"",""狙い"":""◎▲－△"",""金額"":200,""予算内比率"":""10%""}]",,,,,,,,,,,,,,,
2026-09-27|阪神|9R|01e6abd5d64fbeab|morning|NA,2026-09-26T20:17:15+09:00,1.7,2026-09-27,阪神,9R,兵庫特別,芝,2400,良,4,ニュークレド,○,2,0.1018557352889409,0.4376484293258387,38.176946625414914,0.0,38.176946625414914,25.0,3,,,morning,,,True,標準,2000.0,"[{""スタイル"":""標準"",""券種"":""単勝"",""買い目"":""2 ブラックオリンピア"",""狙い"":""◎の勝ち切り"",""金額"":300,""予算内比率"":""15%""},{""スタイル"":""標準"",""券種"":""馬連"",""買い目"":""2 ブラックオリンピア - 4 ニュークレド"",""狙い"":""◎－○の本線"",""金額"":300,""予算内比率"":""15%""},{""スタイル"":""標準"",""券種"":""ワイド"",""買い目"":""2 ブラックオリンピア - 4 ニュークレド"",""狙い"":""◎－○の安定側"",""金額"":300,""予算内比率"":""15%""},{""スタイル"":""標準"",""券種"":""馬連"",""買い目"":""2 ブラックオリンピア - 11 セイキュート"",""狙い"":""◎－▲の押さえ"",""金額"":200,""予算内比率"":""10%""},{""スタイル"":""標準"",""券種"":""ワイド"",""買い目"":""2 ブラックオリンピア - 11 セイキュート"",""狙い"":""◎－▲"",""金額"":200,""予算内比率"":""10%""},{""スタイル"":""標準"",""券種"":""三連複"",""買い目"":""2 ブラックオリンピア - 4 ニュークレド - 11 セイキュート"",""狙い"":""◎○▲の中心"",""金額"":300,""予算内比率"":""15%""},{""スタイル"":""標準"",""券種"":""三連複"",""買い目"":""2 ブラックオリンピア - 4 ニュークレド - 10 ドゥラエテルノ"",""狙い"":""◎○－△"",""金額"":200,""予算内比率"":""10%""},{""スタイル"":""標準"",""券種"":""三連複"",""買い目"":""2 ブラックオリンピア - 11 セイキュート - 9 メイショウナルカミ"",""狙い"":""◎▲－△"",""金額"":200,""予算内比率"":""10%""}]",,,,,,,,,,,,,,,
2026-09-27|阪神|9R|01e6abd5d64fbeab|morning|NA,2026-09-26T20:17:15+09:00,1.7,2026-09-27,阪神,9R,兵庫特別,芝,2400,良,5,バンフィエルド,注,10,0.0176115271487523,0.0883046139846644,9.511052033871696,-1.2498925859825896,8.261159447889106,101.1,10,,,morning,,,True,標準,2000.0,"[{""スタイル"":""標準"",""券種"":""単勝"",""買い目"":""2 ブラックオリンピア"",""狙い"":""◎の勝ち切り"",""金額"":300,""予算内比率"":""15%""},{""スタイル"":""標準"",""券種"":""馬連"",""買い目"":""2 ブラックオリンピア - 4 ニュークレド"",""狙い"":""◎－○の本線"",""金額"":300,""予算内比率"":""15%""},{""スタイル"":""標準"",""券種"":""ワイド"",""買い目"":""2 ブラックオリンピア - 4 ニュークレド"",""狙い"":""◎－○の安定側"",""金額"":300,""予算内比率"":""15%""},{""スタイル"":""標準"",""券種"":""馬連"",""買い目"":""2 ブラックオリンピア - 11 セイキュート"",""狙い"":""◎－▲の押さえ"",""金額"":200,""予算内比率"":""10%""},{""スタイル"":""標準"",""券種"":""ワイド"",""買い目"":""2 ブラックオリンピア - 11 セイキュート"",""狙い"":""◎－▲"",""金額"":200,""予算内比率"":""10%""},{""スタイル"":""標準"",""券種"":""三連複"",""買い目"":""2 ブラックオリンピア - 4 ニュークレド - 11 セイキュート"",""狙い"":""◎○▲の中心"",""金額"":300,""予算内比率"":""15%""},{""スタイル"":""標準"",""券種"":""三連複"",""買い目"":""2 ブラックオリンピア - 4 ニュークレド - 10 ドゥラエテルノ"",""狙い"":""◎○－△"",""金額"":200,""予算内比率"":""10%""},{""スタイル"":""標準"",""券種"":""三連複"",""買い目"":""2 ブラックオリンピア - 11 セイキュート - 9 メイショウナルカミ"",""狙い"":""◎▲－△"",""金額"":200,""予算内比率"":""10%""}]",,,,,,,,,,,,,,,
2026-09-27|阪神|9R|01e6abd5d64fbeab|morning|NA,2026-09-26T20:17:15+09:00,1.7,2026-09-27,阪神,9R,兵庫特別,芝,2400,良,6,マテンロウシルビア,☆,7,0.0798561216899984,0.2391741022932722,25.48288769548181,0.6551991862143317,26.138086881696147,51.5,7,,,morning,,,True,標準,2000.0,"[{""スタイル"":""標準"",""券種"":""単勝"",""買い目"":""2 ブラックオリンピア"",""狙い"":""◎の勝ち切り"",""金額"":300,""予算内比率"":""15%""},{""スタイル"":""標準"",""券種"":""馬連"",""買い目"":""2 ブラックオリンピア - 4 ニュークレド"",""狙い"":""◎－○の本線"",""金額"":300,""予算内比率"":""15%""},{""スタイル"":""標準"",""券種"":""ワイド"",""買い目"":""2 ブラックオリンピア - 4 ニュークレド"",""狙い"":""◎－○の安定側"",""金額"":300,""予算内比率"":""15%""},{""スタイル"":""標準"",""券種"":""馬連"",""買い目"":""2 ブラックオリンピア - 11 セイキュート"",""狙い"":""◎－▲の押さえ"",""金額"":200,""予算内比率"":""10%""},{""スタイル"":""標準"",""券種"":""ワイド"",""買い目"":""2 ブラックオリンピア - 11 セイキュート"",""狙い"":""◎－▲"",""金額"":200,""予算内比率"":""10%""},{""スタイル"":""標準"",""券種"":""三連複"",""買い目"":""2 ブラックオリンピア - 4 ニュークレド - 11 セイキュート"",""狙い"":""◎○▲の中心"",""金額"":300,""予算内比率"":""15%""},{""スタイル"":""標準"",""券種"":""三連複"",""買い目"":""2 ブラックオリンピア - 4 ニュークレド - 10 ドゥラエテルノ"",""狙い"":""◎○－△"",""金額"":200,""予算内比率"":""10%""},{""スタイル"":""標準"",""券種"":""三連複"",""買い目"":""2 ブラックオリンピア - 11 セイキュート - 9 メイショウナルカミ"",""狙い"":""◎▲－△"",""金額"":200,""予算内比率"":""10%""}]",,,,,,,,,,,,,,,
2026-09-27|阪神|9R|01e6abd5d64fbeab|morning|NA,2026-09-26T20:17:15+09:00,1.7,2026-09-27,阪神,9R,兵庫特別,芝,2400,良,7,メディテラニアン,注,9,0.0247759234374807,0.1723409432666513,22.146053622448047,2.4,24.54605362244805,77.3,9,,,morning,,,True,標準,2000.0,"[{""スタイル"":""標準"",""券種"":""単勝"",""買い目"":""2 ブラックオリンピア"",""狙い"":""◎の勝ち切り"",""金額"":300,""予算内比率"":""15%""},{""スタイル"":""標準"",""券種"":""馬連"",""買い目"":""2 ブラックオリンピア - 4 ニュークレド"",""狙い"":""◎－○の本線"",""金額"":300,""予算内比率"":""15%""},{""スタイル"":""標準"",""券種"":""ワイド"",""買い目"":""2 ブラックオリンピア - 4 ニュークレド"",""狙い"":""◎－○の安定側"",""金額"":300,""予算内比率"":""15%""},{""スタイル"":""標準"",""券種"":""馬連"",""買い目"":""2 ブラックオリンピア - 11 セイキュート"",""狙い"":""◎－▲の押さえ"",""金額"":200,""予算内比率"":""10%""},{""スタイル"":""標準"",""券種"":""ワイド"",""買い目"":""2 ブラックオリンピア - 11 セイキュート"",""狙い"":""◎－▲"",""金額"":200,""予算内比率"":""10%""},{""スタイル"":""標準"",""券種"":""三連複"",""買い目"":""2 ブラックオリンピア - 4 ニュークレド - 11 セイキュート"",""狙い"":""◎○▲の中心"",""金額"":300,""予算内比率"":""15%""},{""スタイル"":""標準"",""券種"":""三連複"",""買い目"":""2 ブラックオリンピア - 4 ニュークレド - 10 ドゥラエテルノ"",""狙い"":""◎○－△"",""金額"":200,""予算内比率"":""10%""},{""スタイル"":""標準"",""券種"":""三連複"",""買い目"":""2 ブラックオリンピア - 11 セイキュート - 9 メイショウナルカミ"",""狙い"":""◎▲－△"",""金額"":200,""予算内比率"":""10%""}]",,,,,,,,,,,,,,,
2026-09-27|阪神|9R|01e6abd5d64fbeab|morning|NA,2026-09-26T20:17:15+09:00,1.7,2026-09-27,阪神,9R,兵庫特別,芝,2400,良,8,アットアブラスト,×,11,0.0056670334200374,0.0369106792737877,2.653702213513097,-2.4,0.2537022135130975,202.2,11,,,morning,,,True,標準,2000.0,"[{""スタイル"":""標準"",""券種"":""単勝"",""買い目"":""2 ブラックオリンピア"",""狙い"":""◎の勝ち切り"",""金額"":300,""予算内比率"":""15%""},{""スタイル"":""標準"",""券種"":""馬連"",""買い目"":""2 ブラックオリンピア - 4 ニュークレド"",""狙い"":""◎－○の本線"",""金額"":300,""予算内比率"":""15%""},{""スタイル"":""標準"",""券種"":""ワイド"",""買い目"":""2 ブラックオリンピア - 4 ニュークレド"",""狙い"":""◎－○の安定側"",""金額"":300,""予算内比率"":""15%""},{""スタイル"":""標準"",""券種"":""馬連"",""買い目"":""2 ブラックオリンピア - 11 セイキュート"",""狙い"":""◎－▲の押さえ"",""金額"":200,""予算内比率"":""10%""},{""スタイル"":""標準"",""券種"":""ワイド"",""買い目"":""2 ブラックオリンピア - 11 セイキュート"",""狙い"":""◎－▲"",""金額"":200,""予算内比率"":""10%""},{""スタイル"":""標準"",""券種"":""三連複"",""買い目"":""2 ブラックオリンピア - 4 ニュークレド - 11 セイキュート"",""狙い"":""◎○▲の中心"",""金額"":300,""予算内比率"":""15%""},{""スタイル"":""標準"",""券種"":""三連複"",""買い目"":""2 ブラックオリンピア - 4 ニュークレド - 10 ドゥラエテルノ"",""狙い"":""◎○－△"",""金額"":200,""予算内比率"":""10%""},{""スタイル"":""標準"",""券種"":""三連複"",""買い目"":""2 ブラックオリンピア - 11 セイキュート - 9 メイショウナルカミ"",""狙い"":""◎▲－△"",""金額"":200,""予算内比率"":""10%""}]",,,,,,,,,,,,,,,
2026-09-27|阪神|9R|01e6abd5d64fbeab|morning|NA,2026-09-26T20:17:15+09:00,1.7,2026-09-27,阪神,9R,兵庫特別,芝,2400,良,9,メイショウナルカミ,△,5,0.0649218339904395,0.3032952736841964,30.991403076325007,2.4,33.391403076325005,41.0,6,,,morning,,,True,標準,2000.0,"[{""スタイル"":""標準"",""券種"":""単勝"",""買い目"":""2 ブラックオリンピア"",""狙い"":""◎の勝ち切り"",""金額"":300,""予算内比率"":""15%""},{""スタイル"":""標準"",""券種"":""馬連"",""買い目"":""2 ブラックオリンピア - 4 ニュークレド"",""狙い"":""◎－○の本線"",""金額"":300,""予算内比率"":""15%""},{""スタイル"":""標準"",""券種"":""ワイド"",""買い目"":""2 ブラックオリンピア - 4 ニュークレド"",""狙い"":""◎－○の安定側"",""金額"":300,""予算内比率"":""15%""},{""スタイル"":""標準"",""券種"":""馬連"",""買い目"":""2 ブラックオリンピア - 11 セイキュート"",""狙い"":""◎－▲の押さえ"",""金額"":200,""予算内比率"":""10%""},{""スタイル"":""標準"",""券種"":""ワイド"",""買い目"":""2 ブラックオリンピア - 11 セイキュート"",""狙い"":""◎－▲"",""金額"":200,""予算内比率"":""10%""},{""スタイル"":""標準"",""券種"":""三連複"",""買い目"":""2 ブラックオリンピア - 4 ニュークレド - 11 セイキュート"",""狙い"":""◎○▲の中心"",""金額"":300,""予算内比率"":""15%""},{""スタイル"":""標準"",""券種"":""三連複"",""買い目"":""2 ブラックオリンピア - 4 ニュークレド - 10 ドゥラエテルノ"",""狙い"":""◎○－△"",""金額"":200,""予算内比率"":""10%""},{""スタイル"":""標準"",""券種"":""三連複"",""買い目"":""2 ブラックオリンピア - 11 セイキュート - 9 メイショウナルカミ"",""狙い"":""◎▲－△"",""金額"":200,""予算内比率"":""10%""}]",,,,,,,,,,,,,,,
2026-09-27|阪神|9R|01e6abd5d64fbeab|morning|NA,2026-09-26T20:17:15+09:00,1.7,2026-09-27,阪神,9R,兵庫特別,芝,2400,良,10,ドゥラエテルノ,△,4,0.0632470332722423,0.31229736812579,32.00876015913433,2.4,34.40876015913433,36.0,5,,,morning,,,True,標準,2000.0,"[{""スタイル"":""標準"",""券種"":""単勝"",""買い目"":""2 ブラックオリンピア"",""狙い"":""◎の勝ち切り"",""金額"":300,""予算内比率"":""15%""},{""スタイル"":""標準"",""券種"":""馬連"",""買い目"":""2 ブラックオリンピア - 4 ニュークレド"",""狙い"":""◎－○の本線"",""金額"":300,""予算内比率"":""15%""},{""スタイル"":""標準"",""券種"":""ワイド"",""買い目"":""2 ブラックオリンピア - 4 ニュークレド"",""狙い"":""◎－○の安定側"",""金額"":300,""予算内比率"":""15%""},{""スタイル"":""標準"",""券種"":""馬連"",""買い目"":""2 ブラックオリンピア - 11 セイキュート"",""狙い"":""◎－▲の押さえ"",""金額"":200,""予算内比率"":""10%""},{""スタイル"":""標準"",""券種"":""ワイド"",""買い目"":""2 ブラックオリンピア - 11 セイキュート"",""狙い"":""◎－▲"",""金額"":200,""予算内比率"":""10%""},{""スタイル"":""標準"",""券種"":""三連複"",""買い目"":""2 ブラックオリンピア - 4 ニュークレド - 11 セイキュート"",""狙い"":""◎○▲の中心"",""金額"":300,""予算内比率"":""15%""},{""スタイル"":""標準"",""券種"":""三連複"",""買い目"":""2 ブラックオリンピア - 4 ニュークレド - 10 ドゥラエテルノ"",""狙い"":""◎○－△"",""金額"":200,""予算内比率"":""10%""},{""スタイル"":""標準"",""券種"":""三連複"",""買い目"":""2 ブラックオリンピア - 11 セイキュート - 9 メイショウナルカミ"",""狙い"":""◎▲－△"",""金額"":200,""予算内比率"":""10%""}]",,,,,,,,,,,,,,,
2026-09-27|阪神|9R|01e6abd5d64fbeab|morning|NA,2026-09-26T20:17:15+09:00,1.7,2026-09-27,阪神,9R,兵庫特別,芝,2400,良,11,セイキュート,▲,3,0.1168659100592336,0.3840020910391985,36.65716845028796,0.2751986645568519,36.93236711484481,18.0,2,,,morning,,,True,標準,2000.0,"[{""スタイル"":""標準"",""券種"":""単勝"",""買い目"":""2 ブラックオリンピア"",""狙い"":""◎の勝ち切り"",""金額"":300,""予算内比率"":""15%""},{""スタイル"":""標準"",""券種"":""馬連"",""買い目"":""2 ブラックオリンピア - 4 ニュークレド"",""狙い"":""◎－○の本線"",""金額"":300,""予算内比率"":""15%""},{""スタイル"":""標準"",""券種"":""ワイド"",""買い目"":""2 ブラックオリンピア - 4 ニュークレド"",""狙い"":""◎－○の安定側"",""金額"":300,""予算内比率"":""15%""},{""スタイル"":""標準"",""券種"":""馬連"",""買い目"":""2 ブラックオリンピア - 11 セイキュート"",""狙い"":""◎－▲の押さえ"",""金額"":200,""予算内比率"":""10%""},{""スタイル"":""標準"",""券種"":""ワイド"",""買い目"":""2 ブラックオリンピア - 11 セイキュート"",""狙い"":""◎－▲"",""金額"":200,""予算内比率"":""10%""},{""スタイル"":""標準"",""券種"":""三連複"",""買い目"":""2 ブラックオリンピア - 4 ニュークレド - 11 セイキュート"",""狙い"":""◎○▲の中心"",""金額"":300,""予算内比率"":""15%""},{""スタイル"":""標準"",""券種"":""三連複"",""買い目"":""2 ブラックオリンピア - 4 ニュークレド - 10 ドゥラエテルノ"",""狙い"":""◎○－△"",""金額"":200,""予算内比率"":""10%""},{""スタイル"":""標準"",""券種"":""三連複"",""買い目"":""2 ブラックオリンピア - 11 セイキュート - 9 メイショウナルカミ"",""狙い"":""◎▲－△"",""金額"":200,""予算内比率"":""10%""}]",,,,,,,,,,,,,,,
2026-09-27|阪神|10R|378e04fe6a01efd2|morning|NA,2026-09-26T20:17:15+09:00,1.7,2026-09-27,阪神,10R,堺S,ダート,1800,良,1,ダンツシタン,☆,6,0.0837655700532862,0.4721254612461732,44.64499209582566,1.2957251952615874,45.940717291087246,14.1,5,,,morning,,,True,標準,2000.0,"[{""スタイル"":""標準"",""券種"":""単勝"",""買い目"":""10 ショウナンバンライ"",""狙い"":""◎の勝ち切り"",""金額"":300,""予算内比率"":""15%""},{""スタイル"":""標準"",""券種"":""馬連"",""買い目"":""10 ショウナンバンライ - 6 マテンロウブレイブ"",""狙い"":""◎－○の本線"",""金額"":300,""予算内比率"":""15%""},{""スタイル"":""標準"",""券種"":""ワイド"",""買い目"":""10 ショウナンバンライ - 6 マテンロウブレイブ"",""狙い"":""◎－○の安定側"",""金額"":300,""予算内比率"":""15%""},{""スタイル"":""標準"",""券種"":""馬連"",""買い目"":""10 ショウナンバンライ - 2 ゴッドエスパーダ"",""狙い"":""◎－▲の押さえ"",""金額"":200,""予算内比率"":""10%""},{""スタイル"":""標準"",""券種"":""ワイド"",""買い目"":""10 ショウナンバンライ - 2 ゴッドエスパーダ"",""狙い"":""◎－▲"",""金額"":200,""予算内比率"":""10%""},{""スタイル"":""標準"",""券種"":""三連複"",""買い目"":""10 ショウナンバンライ - 6 マテンロウブレイブ - 2 ゴッドエスパーダ"",""狙い"":""◎○▲の中心"",""金額"":300,""予算内比率"":""15%""},{""スタイル"":""標準"",""券種"":""三連複"",""買い目"":""10 ショウナンバンライ - 6 マテンロウブレイブ - 3 リアライズグリント"",""狙い"":""◎○－△"",""金額"":200,""予算内比率"":""10%""},{""スタイル"":""標準"",""券種"":""三連複"",""買い目"":""10 ショウナンバンライ - 2 ゴッドエスパーダ - 7 バッケンレコード"",""狙い"":""◎▲－△"",""金額"":200,""予算内比率"":""10%""}]",,,,,,,,,,,,,,,
2026-09-27|阪神|10R|378e04fe6a01efd2|morning|NA,2026-09-26T20:17:15+09:00,1.7,2026-09-27,阪神,10R,堺S,ダート,1800,良,2,ゴッドエスパーダ,▲,3,0.1174612162469825,0.567548588801015,57.36681634732014,2.4,59.76681634732014,9.4,3,,,morning,,,True,標準,2000.0,"[{""スタイル"":""標準"",""券種"":""単勝"",""買い目"":""10 ショウナンバンライ"",""狙い"":""◎の勝ち切り"",""金額"":300,""予算内比率"":""15%""},{""スタイル"":""標準"",""券種"":""馬連"",""買い目"":""10 ショウナンバンライ - 6 マテンロウブレイブ"",""狙い"":""◎－○の本線"",""金額"":300,""予算内比率"":""15%""},{""スタイル"":""標準"",""券種"":""ワイド"",""買い目"":""10 ショウナンバンライ - 6 マテンロウブレイブ"",""狙い"":""◎－○の安定側"",""金額"":300,""予算内比率"":""15%""},{""スタイル"":""標準"",""券種"":""馬連"",""買い目"":""10 ショウナンバンライ - 2 ゴッドエスパーダ"",""狙い"":""◎－▲の押さえ"",""金額"":200,""予算内比率"":""10%""},{""スタイル"":""標準"",""券種"":""ワイド"",""買い目"":""10 ショウナンバンライ - 2 ゴッドエスパーダ"",""狙い"":""◎－▲"",""金額"":200,""予算内比率"":""10%""},{""スタイル"":""標準"",""券種"":""三連複"",""買い目"":""10 ショウナンバンライ - 6 マテンロウブレイブ - 2 ゴッドエスパーダ"",""狙い"":""◎○▲の中心"",""金額"":300,""予算内比率"":""15%""},{""スタイル"":""標準"",""券種"":""三連複"",""買い目"":""10 ショウナンバンライ - 6 マテンロウブレイブ - 3 リアライズグリント"",""狙い"":""◎○－△"",""金額"":200,""予算内比率"":""10%""},{""スタイル"":""標準"",""券種"":""三連複"",""買い目"":""10 ショウナンバンライ - 2 ゴッドエスパーダ - 7 バッケンレコード"",""狙い"":""◎▲－△"",""金額"":200,""予算内比率"":""10%""}]",,,,,,,,,,,,,,,
2026-09-27|阪神|10R|378e04fe6a01efd2|morning|NA,2026-09-26T20:17:15+09:00,1.7,2026-09-27,阪神,10R,堺S,ダート,1800,良,3,リアライズグリント,△,4,0.0913583147469181,0.4429895038490538,54.18704399712511,0.0,54.18704399712511,16.8,6,,,morning,,,True,標準,2000.0,"[{""スタイル"":""標準"",""券種"":""単勝"",""買い目"":""10 ショウナンバンライ"",""狙い"":""◎の勝ち切り"",""金額"":300,""予算内比率"":""15%""},{""スタイル"":""標準"",""券種"":""馬連"",""買い目"":""10 ショウナンバンライ - 6 マテンロウブレイブ"",""狙い"":""◎－○の本線"",""金額"":300,""予算内比率"":""15%""},{""スタイル"":""標準"",""券種"":""ワイド"",""買い目"":""10 ショウナンバンライ - 6 マテンロウブレイブ"",""狙い"":""◎－○の安定側"",""金額"":300,""予算内比率"":""15%""},{""スタイル"":""標準"",""券種"":""馬連"",""買い目"":""10 ショウナンバンライ - 2 ゴッドエスパーダ"",""狙い"":""◎－▲の押さえ"",""金額"":200,""予算内比率"":""10%""},{""スタイル"":""標準"",""券種"":""ワイド"",""買い目"":""10 ショウナンバンライ - 2 ゴッドエスパーダ"",""狙い"":""◎－▲"",""金額"":200,""予算内比率"":""10%""},{""スタイル"":""標準"",""券種"":""三連複"",""買い目"":""10 ショウナンバンライ - 6 マテンロウブレイブ - 2 ゴッドエスパーダ"",""狙い"":""◎○▲の中心"",""金額"":300,""予算内比率"":""15%""},{""スタイル"":""標準"",""券種"":""三連複"",""買い目"":""10 ショウナンバンライ - 6 マテンロウブレイブ - 3 リアライズグリント"",""狙い"":""◎○－△"",""金額"":200,""予算内比率"":""10%""},{""スタイル"":""標準"",""券種"":""三連複"",""買い目"":""10 ショウナンバンライ - 2 ゴッドエスパーダ - 7 バッケンレコード"",""狙い"":""◎▲－△"",""金額"":200,""予算内比率"":""10%""}]",,,,,,,,,,,,,,,
2026-09-27|阪神|10R|378e04fe6a01efd2|morning|NA,2026-09-26T20:17:15+09:00,1.7,2026-09-27,阪神,10R,堺S,ダート,1800,良,4,ラフエイジアン,×,11,0.0276167408966764,0.2159306743226955,14.473856104681104,2.4,16.873856104681103,67.4,12,,,morning,,,True,標準,2000.0,"[{""スタイル"":""標準"",""券種"":""単勝"",""買い目"":""10 ショウナンバンライ"",""狙い"":""◎の勝ち切り"",""金額"":300,""予算内比率"":""15%""},{""スタイル"":""標準"",""券種"":""馬連"",""買い目"":""10 ショウナンバンライ - 6 マテンロウブレイブ"",""狙い"":""◎－○の本線"",""金額"":300,""予算内比率"":""15%""},{""スタイル"":""標準"",""券種"":""ワイド"",""買い目"":""10 ショウナンバンライ - 6 マテンロウブレイブ"",""狙い"":""◎－○の安定側"",""金額"":300,""予算内比率"":""15%""},{""スタイル"":""標準"",""券種"":""馬連"",""買い目"":""10 ショウナンバンライ - 2 ゴッドエスパーダ"",""狙い"":""◎－▲の押さえ"",""金額"":200,""予算内比率"":""10%""},{""スタイル"":""標準"",""券種"":""ワイド"",""買い目"":""10 ショウナンバンライ - 2 ゴッドエスパーダ"",""狙い"":""◎－▲"",""金額"":200,""予算内比率"":""10%""},{""スタイル"":""標準"",""券種"":""三連複"",""買い目"":""10 ショウナンバンライ - 6 マテンロウブレイブ - 2 ゴッドエスパーダ"",""狙い"":""◎○▲の中心"",""金額"":300,""予算内比率"":""15%""},{""スタイル"":""標準"",""券種"":""三連複"",""買い目"":""10 ショウナンバンライ - 6 マテンロウブレイブ - 3 リアライズグリント"",""狙い"":""◎○－△"",""金額"":200,""予算内比率"":""10%""},{""スタイル"":""標準"",""券種"":""三連複"",""買い目"":""10 ショウナンバンライ - 2 ゴッドエスパーダ - 7 バッケンレコード"",""狙い"":""◎▲－△"",""金額"":200,""予算内比率"":""10%""}]",,,,,,,,,,,,,,,
2026-09-27|阪神|10R|378e04fe6a01efd2|morning|NA,2026-09-26T20:17:15+09:00,1.7,2026-09-27,阪神,10R,堺S,ダート,1800,良,5,ジャイアンバローズ,×,12,0.0202550545346103,0.0361461280382986,8.80977476150146,0.0,8.80977476150146,13.4,4,,,morning,,,True,標準,2000.0,"[{""スタイル"":""標準"",""券種"":""単勝"",""買い目"":""10 ショウナンバンライ"",""狙い"":""◎の勝ち切り"",""金額"":300,""予算内比率"":""15%""},{""スタイル"":""標準"",""券種"":""馬連"",""買い目"":""10 ショウナンバンライ - 6 マテンロウブレイブ"",""狙い"":""◎－○の本線"",""金額"":300,""予算内比率"":""15%""},{""スタイル"":""標準"",""券種"":""ワイド"",""買い目"":""10 ショウナンバンライ - 6 マテンロウブレイブ"",""狙い"":""◎－○の安定側"",""金額"":300,""予算内比率"":""15%""},{""スタイル"":""標準"",""券種"":""馬連"",""買い目"":""10 ショウナンバンライ - 2 ゴッドエスパーダ"",""狙い"":""◎－▲の押さえ"",""金額"":200,""予算内比率"":""10%""},{""スタイル"":""標準"",""券種"":""ワイド"",""買い目"":""10 ショウナンバンライ - 2 ゴッドエスパーダ"",""狙い"":""◎－▲"",""金額"":200,""予算内比率"":""10%""},{""スタイル"":""標準"",""券種"":""三連複"",""買い目"":""10 ショウナンバンライ - 6 マテンロウブレイブ - 2 ゴッドエスパーダ"",""狙い"":""◎○▲の中心"",""金額"":300,""予算内比率"":""15%""},{""スタイル"":""標準"",""券種"":""三連複"",""買い目"":""10 ショウナンバンライ - 6 マテンロウブレイブ - 3 リアライズグリント"",""狙い"":""◎○－△"",""金額"":200,""予算内比率"":""10%""},{""スタイル"":""標準"",""券種"":""三連複"",""買い目"":""10 ショウナンバンライ - 2 ゴッドエスパーダ - 7 バッケンレコード"",""狙い"":""◎▲－△"",""金額"":200,""予算内比率"":""10%""}]",,,,,,,,,,,,,,,
2026-09-27|阪神|10R|378e04fe6a01efd2|morning|NA,2026-09-26T20:17:15+09:00,1.7,2026-09-27,阪神,10R,堺S,ダート,1800,良,6,マテンロウブレイブ,○,2,0.1437466672067254,0.7142897187812371,62.42988922655046,2.4,64.82988922655046,5.0,2,,,morning,,,True,標準,2000.0,"[{""スタイル"":""標準"",""券種"":""単勝"",""買い目"":""10 ショウナンバンライ"",""狙い"":""◎の勝ち切り"",""金額"":300,""予算内比率"":""15%""},{""スタイル"":""標準"",""券種"":""馬連"",""買い目"":""10 ショウナンバンライ - 6 マテンロウブレイブ"",""狙い"":""◎－○の本線"",""金額"":300,""予算内比率"":""15%""},{""スタイル"":""標準"",""券種"":""ワイド"",""買い目"":""10 ショウナンバンライ - 6 マテンロウブレイブ"",""狙い"":""◎－○の安定側"",""金額"":300,""予算内比率"":""15%""},{""スタイル"":""標準"",""券種"":""馬連"",""買い目"":""10 ショウナンバンライ - 2 ゴッドエスパーダ"",""狙い"":""◎－▲の押さえ"",""金額"":200,""予算内比率"":""10%""},{""スタイル"":""標準"",""券種"":""ワイド"",""買い目"":""10 ショウナンバンライ - 2 ゴッドエスパーダ"",""狙い"":""◎－▲"",""金額"":200,""予算内比率"":""10%""},{""スタイル"":""標準"",""券種"":""三連複"",""買い目"":""10 ショウナンバンライ - 6 マテンロウブレイブ - 2 ゴッドエスパーダ"",""狙い"":""◎○▲の中心"",""金額"":300,""予算内比率"":""15%""},{""スタイル"":""標準"",""券種"":""三連複"",""買い目"":""10 ショウナンバンライ - 6 マテンロウブレイブ - 3 リアライズグリント"",""狙い"":""◎○－△"",""金額"":200,""予算内比率"":""10%""},{""スタイル"":""標準"",""券種"":""三連複"",""買い目"":""10 ショウナンバンライ - 2 ゴッドエスパーダ - 7 バッケンレコード"",""狙い"":""◎▲－△"",""金額"":200,""予算内比率"":""10%""}]",,,,,,,,,,,,,,,
2026-09-27|阪神|10R|378e04fe6a01efd2|morning|NA,2026-09-26T20:17:15+09:00,1.7,2026-09-27,阪神,10R,堺S,ダート,1800,良,7,バッケンレコード,△,5,0.101531156358052,0.5081463375726994,49.02507082449451,2.4,51.42507082449451,20.3,7,,,morning,,,True,標準,2000.0,"[{""スタイル"":""標準"",""券種"":""単勝"",""買い目"":""10 ショウナンバンライ"",""狙い"":""◎の勝ち切り"",""金額"":300,""予算内比率"":""15%""},{""スタイル"":""標準"",""券種"":""馬連"",""買い目"":""10 ショウナンバンライ - 6 マテンロウブレイブ"",""狙い"":""◎－○の本線"",""金額"":300,""予算内比率"":""15%""},{""スタイル"":""標準"",""券種"":""ワイド"",""買い目"":""10 ショウナンバンライ - 6 マテンロウブレイブ"",""狙い"":""◎－○の安定側"",""金額"":300,""予算内比率"":""15%""},{""スタイル"":""標準"",""券種"":""馬連"",""買い目"":""10 ショウナンバンライ - 2 ゴッドエスパーダ"",""狙い"":""◎－▲の押さえ"",""金額"":200,""予算内比率"":""10%""},{""スタイル"":""標準"",""券種"":""ワイド"",""買い目"":""10 ショウナンバンライ - 2 ゴッドエスパーダ"",""狙い"":""◎－▲"",""金額"":200,""予算内比率"":""10%""},{""スタイル"":""標準"",""券種"":""三連複"",""買い目"":""10 ショウナンバンライ - 6 マテンロウブレイブ - 2 ゴッドエスパーダ"",""狙い"":""◎○▲の中心"",""金額"":300,""予算内比率"":""15%""},{""スタイル"":""標準"",""券種"":""三連複"",""買い目"":""10 ショウナンバンライ - 6 マテンロウブレイブ - 3 リアライズグリント"",""狙い"":""◎○－△"",""金額"":200,""予算内比率"":""10%""},{""スタイル"":""標準"",""券種"":""三連複"",""買い目"":""10 ショウナンバンライ - 2 ゴッドエスパーダ - 7 バッケンレコード"",""狙い"":""◎▲－△"",""金額"":200,""予算内比率"":""10%""}]",,,,,,,,,,,,,,,
2026-09-27|阪神|10R|378e04fe6a01efd2|morning|NA,2026-09-26T20:17:15+09:00,1.7,2026-09-27,阪神,10R,堺S,ダート,1800,良,8,メイショウコガシラ,注,10,0.0478357503717199,0.2527545218812147,19.473487450924654,2.4,21.873487450924657,43.8,11,,,morning,,,True,標準,2000.0,"[{""スタイル"":""標準"",""券種"":""単勝"",""買い目"":""10 ショウナンバンライ"",""狙い"":""◎の勝ち切り"",""金額"":300,""予算内比率"":""15%""},{""スタイル"":""標準"",""券種"":""馬連"",""買い目"":""10 ショウナンバンライ - 6 マテンロウブレイブ"",""狙い"":""◎－○の本線"",""金額"":300,""予算内比率"":""15%""},{""スタイル"":""標準"",""券種"":""ワイド"",""買い目"":""10 ショウナンバンライ - 6 マテンロウブレイブ"",""狙い"":""◎－○の安定側"",""金額"":300,""予算内比率"":""15%""},{""スタイル"":""標準"",""券種"":""馬連"",""買い目"":""10 ショウナンバンライ - 2 ゴッドエスパーダ"",""狙い"":""◎－▲の押さえ"",""金額"":200,""予算内比率"":""10%""},{""スタイル"":""標準"",""券種"":""ワイド"",""買い目"":""10 ショウナンバンライ - 2 ゴッドエスパーダ"",""狙い"":""◎－▲"",""金額"":200,""予算内比率"":""10%""},{""スタイル"":""標準"",""券種"":""三連複"",""買い目"":""10 ショウナンバンライ - 6 マテンロウブレイブ - 2 ゴッドエスパーダ"",""狙い"":""◎○▲の中心"",""金額"":300,""予算内比率"":""15%""},{""スタイル"":""標準"",""券種"":""三連複"",""買い目"":""10 ショウナンバンライ - 6 マテンロウブレイブ - 3 リアライズグリント"",""狙い"":""◎○－△"",""金額"":200,""予算内比率"":""10%""},{""スタイル"":""標準"",""券種"":""三連複"",""買い目"":""10 ショウナンバンライ - 2 ゴッドエスパーダ - 7 バッケンレコード"",""狙い"":""◎▲－△"",""金額"":200,""予算内比率"":""10%""}]",,,,,,,,,,,,,,,
2026-09-27|阪神|10R|378e04fe6a01efd2|morning|NA,2026-09-26T20:17:15+09:00,1.7,2026-09-27,阪神,10R,堺S,ダート,1800,良,9,マンオブザマッチ,注,8,0.0645615954695388,0.3389292659495772,32.18082141416932,2.4,34.58082141416932,26.5,8,,,morning,,,True,標準,2000.0,"[{""スタイル"":""標準"",""券種"":""単勝"",""買い目"":""10 ショウナンバンライ"",""狙い"":""◎の勝ち切り"",""金額"":300,""予算内比率"":""15%""},{""スタイル"":""標準"",""券種"":""馬連"",""買い目"":""10 ショウナンバンライ - 6 マテンロウブレイブ"",""狙い"":""◎－○の本線"",""金額"":300,""予算内比率"":""15%""},{""スタイル"":""標準"",""券種"":""ワイド"",""買い目"":""10 ショウナンバンライ - 6 マテンロウブレイブ"",""狙い"":""◎－○の安定側"",""金額"":300,""予算内比率"":""15%""},{""スタイル"":""標準"",""券種"":""馬連"",""買い目"":""10 ショウナンバンライ - 2 ゴッドエスパーダ"",""狙い"":""◎－▲の押さえ"",""金額"":200,""予算内比率"":""10%""},{""スタイル"":""標準"",""券種"":""ワイド"",""買い目"":""10 ショウナンバンライ - 2 ゴッドエスパーダ"",""狙い"":""◎－▲"",""金額"":200,""予算内比率"":""10%""},{""スタイル"":""標準"",""券種"":""三連複"",""買い目"":""10 ショウナンバンライ - 6 マテンロウブレイブ - 2 ゴッドエスパーダ"",""狙い"":""◎○▲の中心"",""金額"":300,""予算内比率"":""15%""},{""スタイル"":""標準"",""券種"":""三連複"",""買い目"":""10 ショウナンバンライ - 6 マテンロウブレイブ - 3 リアライズグリント"",""狙い"":""◎○－△"",""金額"":200,""予算内比率"":""10%""},{""スタイル"":""標準"",""券種"":""三連複"",""買い目"":""10 ショウナンバンライ - 2 ゴッドエスパーダ - 7 バッケンレコード"",""狙い"":""◎▲－△"",""金額"":200,""予算内比率"":""10%""}]",,,,,,,,,,,,,,,
2026-09-27|阪神|10R|378e04fe6a01efd2|morning|NA,2026-09-26T20:17:15+09:00,1.7,2026-09-27,阪神,10R,堺S,ダート,1800,良,10,ショウナンバンライ,◎,1,0.1876758974710777,0.9030277814636218,87.65138907318108,0.0,87.65138907318108,1.8,1,,,morning,,,True,標準,2000.0,"[{""スタイル"":""標準"",""券種"":""単勝"",""買い目"":""10 ショウナンバンライ"",""狙い"":""◎の勝ち切り"",""金額"":300,""予算内比率"":""15%""},{""スタイル"":""標準"",""券種"":""馬連"",""買い目"":""10 ショウナンバンライ - 6 マテンロウブレイブ"",""狙い"":""◎－○の本線"",""金額"":300,""予算内比率"":""15%""},{""スタイル"":""標準"",""券種"":""ワイド"",""買い目"":""10 ショウナンバンライ - 6 マテンロウブレイブ"",""狙い"":""◎－○の安定側"",""金額"":300,""予算内比率"":""15%""},{""スタイル"":""標準"",""券種"":""馬連"",""買い目"":""10 ショウナンバンライ - 2 ゴッドエスパーダ"",""狙い"":""◎－▲の押さえ"",""金額"":200,""予算内比率"":""10%""},{""スタイル"":""標準"",""券種"":""ワイド"",""買い目"":""10 ショウナンバンライ - 2 ゴッドエスパーダ"",""狙い"":""◎－▲"",""金額"":200,""予算内比率"":""10%""},{""スタイル"":""標準"",""券種"":""三連複"",""買い目"":""10 ショウナンバンライ - 6 マテンロウブレイブ - 2 ゴッドエスパーダ"",""狙い"":""◎○▲の中心"",""金額"":300,""予算内比率"":""15%""},{""スタイル"":""標準"",""券種"":""三連複"",""買い目"":""10 ショウナンバンライ - 6 マテンロウブレイブ - 3 リアライズグリント"",""狙い"":""◎○－△"",""金額"":200,""予算内比率"":""10%""},{""スタイル"":""標準"",""券種"":""三連複"",""買い目"":""10 ショウナンバンライ - 2 ゴッドエスパーダ - 7 バッケンレコード"",""狙い"":""◎▲－△"",""金額"":200,""予算内比率"":""10%""}]",,,,,,,,,,,,,,,
2026-09-27|阪神|10R|378e04fe6a01efd2|morning|NA,2026-09-26T20:17:15+09:00,1.7,2026-09-27,阪神,10R,堺S,ダート,1800,良,11,ポルポラジール,☆,7,0.0649988900939628,0.3720627053885311,37.73881569133467,1.590792728255727,39.3296084195904,32.4,9,,,morning,,,True,標準,2000.0,"[{""スタイル"":""標準"",""券種"":""単勝"",""買い目"":""10 ショウナンバンライ"",""狙い"":""◎の勝ち切り"",""金額"":300,""予算内比率"":""15%""},{""スタイル"":""標準"",""券種"":""馬連"",""買い目"":""10 ショウナンバンライ - 6 マテンロウブレイブ"",""狙い"":""◎－○の本線"",""金額"":300,""予算内比率"":""15%""},{""スタイル"":""標準"",""券種"":""ワイド"",""買い目"":""10 ショウナンバンライ - 6 マテンロウブレイブ"",""狙い"":""◎－○の安定側"",""金額"":300,""予算内比率"":""15%""},{""スタイル"":""標準"",""券種"":""馬連"",""買い目"":""10 ショウナンバンライ - 2 ゴッドエスパーダ"",""狙い"":""◎－▲の押さえ"",""金額"":200,""予算内比率"":""10%""},{""スタイル"":""標準"",""券種"":""ワイド"",""買い目"":""10 ショウナンバンライ - 2 ゴッドエスパーダ"",""狙い"":""◎－▲"",""金額"":200,""予算内比率"":""10%""},{""スタイル"":""標準"",""券種"":""三連複"",""買い目"":""10 ショウナンバンライ - 6 マテンロウブレイブ - 2 ゴッドエスパーダ"",""狙い"":""◎○▲の中心"",""金額"":300,""予算内比率"":""15%""},{""スタイル"":""標準"",""券種"":""三連複"",""買い目"":""10 ショウナンバンライ - 6 マテンロウブレイブ - 3 リアライズグリント"",""狙い"":""◎○－△"",""金額"":200,""予算内比率"":""10%""},{""スタイル"":""標準"",""券種"":""三連複"",""買い目"":""10 ショウナンバンライ - 2 ゴッドエスパーダ - 7 バッケンレコード"",""狙い"":""◎▲－△"",""金額"":200,""予算内比率"":""10%""}]",,,,,,,,,,,,,,,
2026-09-27|阪神|10R|378e04fe6a01efd2|morning|NA,2026-09-26T20:17:15+09:00,1.7,2026-09-27,阪神,10R,堺S,ダート,1800,良,12,タマモキャリコ,注,9,0.0491931465504496,0.3033966397476362,25.032459915104944,2.4,27.432459915104943,32.4,10,,,morning,,,True,標準,2000.0,"[{""スタイル"":""標準"",""券種"":""単勝"",""買い目"":""10 ショウナンバンライ"",""狙い"":""◎の勝ち切り"",""金額"":300,""予算内比率"":""15%""},{""スタイル"":""標準"",""券種"":""馬連"",""買い目"":""10 ショウナンバンライ - 6 マテンロウブレイブ"",""狙い"":""◎－○の本線"",""金額"":300,""予算内比率"":""15%""},{""スタイル"":""標準"",""券種"":""ワイド"",""買い目"":""10 ショウナンバンライ - 6 マテンロウブレイブ"",""狙い"":""◎－○の安定側"",""金額"":300,""予算内比率"":""15%""},{""スタイル"":""標準"",""券種"":""馬連"",""買い目"":""10 ショウナンバンライ - 2 ゴッドエスパーダ"",""狙い"":""◎－▲の押さえ"",""金額"":200,""予算内比率"":""10%""},{""スタイル"":""標準"",""券種"":""ワイド"",""買い目"":""10 ショウナンバンライ - 2 ゴッドエスパーダ"",""狙い"":""◎－▲"",""金額"":200,""予算内比率"":""10%""},{""スタイル"":""標準"",""券種"":""三連複"",""買い目"":""10 ショウナンバンライ - 6 マテンロウブレイブ - 2 ゴッドエスパーダ"",""狙い"":""◎○▲の中心"",""金額"":300,""予算内比率"":""15%""},{""スタイル"":""標準"",""券種"":""三連複"",""買い目"":""10 ショウナンバンライ - 6 マテンロウブレイブ - 3 リアライズグリント"",""狙い"":""◎○－△"",""金額"":200,""予算内比率"":""10%""},{""スタイル"":""標準"",""券種"":""三連複"",""買い目"":""10 ショウナンバンライ - 2 ゴッドエスパーダ - 7 バッケンレコード"",""狙い"":""◎▲－△"",""金額"":200,""予算内比率"":""10%""}]",,,,,,,,,,,,,,,
2026-09-27|阪神|11R|f9b37ace22f8d719|morning|NA,2026-09-26T20:17:16+09:00,1.7,2026-09-27,阪神,11R,ポートアイランドS,芝,1600,良,1,ダノンセンチュリー,◎,1,0.1265966118303804,0.852534098644919,86.34940811555606,2.4,88.74940811555607,5.4,2,,,morning,,,True,標準,2000.0,"[{""スタイル"":""標準"",""券種"":""単勝"",""買い目"":""1 ダノンセンチュリー"",""狙い"":""◎の勝ち切り"",""金額"":300,""予算内比率"":""15%""},{""スタイル"":""標準"",""券種"":""馬連"",""買い目"":""1 ダノンセンチュリー - 10 サブマリーナ"",""狙い"":""◎－○の本線"",""金額"":300,""予算内比率"":""15%""},{""スタイル"":""標準"",""券種"":""ワイド"",""買い目"":""1 ダノンセンチュリー - 10 サブマリーナ"",""狙い"":""◎－○の安定側"",""金額"":300,""予算内比率"":""15%""},{""スタイル"":""標準"",""券種"":""馬連"",""買い目"":""1 ダノンセンチュリー - 2 エイシンディード"",""狙い"":""◎－▲の押さえ"",""金額"":200,""予算内比率"":""10%""},{""スタイル"":""標準"",""券種"":""ワイド"",""買い目"":""1 ダノンセンチュリー - 2 エイシンディード"",""狙い"":""◎－▲"",""金額"":200,""予算内比率"":""10%""},{""スタイル"":""標準"",""券種"":""三連複"",""買い目"":""1 ダノンセンチュリー - 10 サブマリーナ - 2 エイシンディード"",""狙い"":""◎○▲の中心"",""金額"":300,""予算内比率"":""15%""},{""スタイル"":""標準"",""券種"":""三連複"",""買い目"":""1 ダノンセンチュリー - 10 サブマリーナ - 13 インヴォーグ"",""狙い"":""◎○－△"",""金額"":200,""予算内比率"":""10%""},{""スタイル"":""標準"",""券種"":""三連複"",""買い目"":""1 ダノンセンチュリー - 2 エイシンディード - 9 ラインベック"",""狙い"":""◎▲－△"",""金額"":200,""予算内比率"":""10%""}]",,,,,,,,,,,,,,,
2026-09-27|阪神|11R|f9b37ace22f8d719|morning|NA,2026-09-26T20:17:16+09:00,1.7,2026-09-27,阪神,11R,ポートアイランドS,芝,1600,良,2,エイシンディード,▲,3,0.1059818187342235,0.7359438075561009,74.05234558543407,1.2420565228299671,75.29440210826404,9.8,4,,,morning,,,True,標準,2000.0,"[{""スタイル"":""標準"",""券種"":""単勝"",""買い目"":""1 ダノンセンチュリー"",""狙い"":""◎の勝ち切り"",""金額"":300,""予算内比率"":""15%""},{""スタイル"":""標準"",""券種"":""馬連"",""買い目"":""1 ダノンセンチュリー - 10 サブマリーナ"",""狙い"":""◎－○の本線"",""金額"":300,""予算内比率"":""15%""},{""スタイル"":""標準"",""券種"":""ワイド"",""買い目"":""1 ダノンセンチュリー - 10 サブマリーナ"",""狙い"":""◎－○の安定側"",""金額"":300,""予算内比率"":""15%""},{""スタイル"":""標準"",""券種"":""馬連"",""買い目"":""1 ダノンセンチュリー - 2 エイシンディード"",""狙い"":""◎－▲の押さえ"",""金額"":200,""予算内比率"":""10%""},{""スタイル"":""標準"",""券種"":""ワイド"",""買い目"":""1 ダノンセンチュリー - 2 エイシンディード"",""狙い"":""◎－▲"",""金額"":200,""予算内比率"":""10%""},{""スタイル"":""標準"",""券種"":""三連複"",""買い目"":""1 ダノンセンチュリー - 10 サブマリーナ - 2 エイシンディード"",""狙い"":""◎○▲の中心"",""金額"":300,""予算内比率"":""15%""},{""スタイル"":""標準"",""券種"":""三連複"",""買い目"":""1 ダノンセンチュリー - 10 サブマリーナ - 13 インヴォーグ"",""狙い"":""◎○－△"",""金額"":200,""予算内比率"":""10%""},{""スタイル"":""標準"",""券種"":""三連複"",""買い目"":""1 ダノンセンチュリー - 2 エイシンディード - 9 ラインベック"",""狙い"":""◎▲－△"",""金額"":200,""予算内比率"":""10%""}]",,,,,,,,,,,,,,,
2026-09-27|阪神|11R|f9b37ace22f8d719|morning|NA,2026-09-26T20:17:16+09:00,1.7,2026-09-27,阪神,11R,ポートアイランドS,芝,1600,良,3,スカイロケット,×,15,0.011489259234725,0.1401266970579109,10.113262349890832,1.2333161152269774,11.346578465117808,84.0,16,,,morning,,,True,標準,2000.0,"[{""スタイル"":""標準"",""券種"":""単勝"",""買い目"":""1 ダノンセンチュリー"",""狙い"":""◎の勝ち切り"",""金額"":300,""予算内比率"":""15%""},{""スタイル"":""標準"",""券種"":""馬連"",""買い目"":""1 ダノンセンチュリー - 10 サブマリーナ"",""狙い"":""◎－○の本線"",""金額"":300,""予算内比率"":""15%""},{""スタイル"":""標準"",""券種"":""ワイド"",""買い目"":""1 ダノンセンチュリー - 10 サブマリーナ"",""狙い"":""◎－○の安定側"",""金額"":300,""予算内比率"":""15%""},{""スタイル"":""標準"",""券種"":""馬連"",""買い目"":""1 ダノンセンチュリー - 2 エイシンディード"",""狙い"":""◎－▲の押さえ"",""金額"":200,""予算内比率"":""10%""},{""スタイル"":""標準"",""券種"":""ワイド"",""買い目"":""1 ダノンセンチュリー - 2 エイシンディード"",""狙い"":""◎－▲"",""金額"":200,""予算内比率"":""10%""},{""スタイル"":""標準"",""券種"":""三連複"",""買い目"":""1 ダノンセンチュリー - 10 サブマリーナ - 2 エイシンディード"",""狙い"":""◎○▲の中心"",""金額"":300,""予算内比率"":""15%""},{""スタイル"":""標準"",""券種"":""三連複"",""買い目"":""1 ダノンセンチュリー - 10 サブマリーナ - 13 インヴォーグ"",""狙い"":""◎○－△"",""金額"":200,""予算内比率"":""10%""},{""スタイル"":""標準"",""券種"":""三連複"",""買い目"":""1 ダノンセンチュリー - 2 エイシンディード - 9 ラインベック"",""狙い"":""◎▲－△"",""金額"":200,""予算内比率"":""10%""}]",,,,,,,,,,,,,,,
2026-09-27|阪神|11R|f9b37ace22f8d719|morning|NA,2026-09-26T20:17:16+09:00,1.7,2026-09-27,阪神,11R,ポートアイランドS,芝,1600,良,4,ヤマニンサンパ,注,10,0.0468789083549465,0.3482890267324982,33.63012025575481,1.1665316153413672,34.79665187109618,16.3,9,,,morning,,,True,標準,2000.0,"[{""スタイル"":""標準"",""券種"":""単勝"",""買い目"":""1 ダノンセンチュリー"",""狙い"":""◎の勝ち切り"",""金額"":300,""予算内比率"":""15%""},{""スタイル"":""標準"",""券種"":""馬連"",""買い目"":""1 ダノンセンチュリー - 10 サブマリーナ"",""狙い"":""◎－○の本線"",""金額"":300,""予算内比率"":""15%""},{""スタイル"":""標準"",""券種"":""ワイド"",""買い目"":""1 ダノンセンチュリー - 10 サブマリーナ"",""狙い"":""◎－○の安定側"",""金額"":300,""予算内比率"":""15%""},{""スタイル"":""標準"",""券種"":""馬連"",""買い目"":""1 ダノンセンチュリー - 2 エイシンディード"",""狙い"":""◎－▲の押さえ"",""金額"":200,""予算内比率"":""10%""},{""スタイル"":""標準"",""券種"":""ワイド"",""買い目"":""1 ダノンセンチュリー - 2 エイシンディード"",""狙い"":""◎－▲"",""金額"":200,""予算内比率"":""10%""},{""スタイル"":""標準"",""券種"":""三連複"",""買い目"":""1 ダノンセンチュリー - 10 サブマリーナ - 2 エイシンディード"",""狙い"":""◎○▲の中心"",""金額"":300,""予算内比率"":""15%""},{""スタイル"":""標準"",""券種"":""三連複"",""買い目"":""1 ダノンセンチュリー - 10 サブマリーナ - 13 インヴォーグ"",""狙い"":""◎○－△"",""金額"":200,""予算内比率"":""10%""},{""スタイル"":""標準"",""券種"":""三連複"",""買い目"":""1 ダノンセンチュリー - 2 エイシンディード - 9 ラインベック"",""狙い"":""◎▲－△"",""金額"":200,""予算内比率"":""10%""}]",,,,,,,,,,,,,,,
2026-09-27|阪神|11R|f9b37ace22f8d719|morning|NA,2026-09-26T20:17:16+09:00,1.7,2026-09-27,阪神,11R,ポートアイランドS,芝,1600,良,5,ラケマーダ,×,11,0.0407267952579301,0.27849119059655,30.127794547248225,2.3866056391817576,32.51440018642998,28.0,12,,,morning,,,True,標準,2000.0,"[{""スタイル"":""標準"",""券種"":""単勝"",""買い目"":""1 ダノンセンチュリー"",""狙い"":""◎の勝ち切り"",""金額"":300,""予算内比率"":""15%""},{""スタイル"":""標準"",""券種"":""馬連"",""買い目"":""1 ダノンセンチュリー - 10 サブマリーナ"",""狙い"":""◎－○の本線"",""金額"":300,""予算内比率"":""15%""},{""スタイル"":""標準"",""券種"":""ワイド"",""買い目"":""1 ダノンセンチュリー - 10 サブマリーナ"",""狙い"":""◎－○の安定側"",""金額"":300,""予算内比率"":""15%""},{""スタイル"":""標準"",""券種"":""馬連"",""買い目"":""1 ダノンセンチュリー - 2 エイシンディード"",""狙い"":""◎－▲の押さえ"",""金額"":200,""予算内比率"":""10%""},{""スタイル"":""標準"",""券種"":""ワイド"",""買い目"":""1 ダノンセンチュリー - 2 エイシンディード"",""狙い"":""◎－▲"",""金額"":200,""予算内比率"":""10%""},{""スタイル"":""標準"",""券種"":""三連複"",""買い目"":""1 ダノンセンチュリー - 10 サブマリーナ - 2 エイシンディード"",""狙い"":""◎○▲の中心"",""金額"":300,""予算内比率"":""15%""},{""スタイル"":""標準"",""券種"":""三連複"",""買い目"":""1 ダノンセンチュリー - 10 サブマリーナ - 13 インヴォーグ"",""狙い"":""◎○－△"",""金額"":200,""予算内比率"":""10%""},{""スタイル"":""標準"",""券種"":""三連複"",""買い目"":""1 ダノンセンチュリー - 2 エイシンディード - 9 ラインベック"",""狙い"":""◎▲－△"",""金額"":200,""予算内比率"":""10%""}]",,,,,,,,,,,,,,,
2026-09-27|阪神|11R|f9b37ace22f8d719|morning|NA,2026-09-26T20:17:16+09:00,1.7,2026-09-27,阪神,11R,ポートアイランドS,芝,1600,良,6,アサヒ,×,16,0.007919889971892,0.0809510521418332,6.331230381847607,0.8111982472308686,7.142428629078475,70.5,15,,,morning,,,True,標準,2000.0,"[{""スタイル"":""標準"",""券種"":""単勝"",""買い目"":""1 ダノンセンチュリー"",""狙い"":""◎の勝ち切り"",""金額"":300,""予算内比率"":""15%""},{""スタイル"":""標準"",""券種"":""馬連"",""買い目"":""1 ダノンセンチュリー - 10 サブマリーナ"",""狙い"":""◎－○の本線"",""金額"":300,""予算内比率"":""15%""},{""スタイル"":""標準"",""券種"":""ワイド"",""買い目"":""1 ダノンセンチュリー - 10 サブマリーナ"",""狙い"":""◎－○の安定側"",""金額"":300,""予算内比率"":""15%""},{""スタイル"":""標準"",""券種"":""馬連"",""買い目"":""1 ダノンセンチュリー - 2 エイシンディード"",""狙い"":""◎－▲の押さえ"",""金額"":200,""予算内比率"":""10%""},{""スタイル"":""標準"",""券種"":""ワイド"",""買い目"":""1 ダノンセンチュリー - 2 エイシンディード"",""狙い"":""◎－▲"",""金額"":200,""予算内比率"":""10%""},{""スタイル"":""標準"",""券種"":""三連複"",""買い目"":""1 ダノンセンチュリー - 10 サブマリーナ - 2 エイシンディード"",""狙い"":""◎○▲の中心"",""金額"":300,""予算内比率"":""15%""},{""スタイル"":""標準"",""券種"":""三連複"",""買い目"":""1 ダノンセンチュリー - 10 サブマリーナ - 13 インヴォーグ"",""狙い"":""◎○－△"",""金額"":200,""予算内比率"":""10%""},{""スタイル"":""標準"",""券種"":""三連複"",""買い目"":""1 ダノンセンチュリー - 2 エイシンディード - 9 ラインベック"",""狙い"":""◎▲－△"",""金額"":200,""予算内比率"":""10%""}]",,,,,,,,,,,,,,,
2026-09-27|阪神|11R|f9b37ace22f8d719|morning|NA,2026-09-26T20:17:16+09:00,1.7,2026-09-27,阪神,11R,ポートアイランドS,芝,1600,良,7,アクートゥス,注,9,0.0557348720197606,0.3980199576770146,38.42094836411739,1.3103983724286634,39.73134673654606,14.5,7,,,morning,,,True,標準,2000.0,"[{""スタイル"":""標準"",""券種"":""単勝"",""買い目"":""1 ダノンセンチュリー"",""狙い"":""◎の勝ち切り"",""金額"":300,""予算内比率"":""15%""},{""スタイル"":""標準"",""券種"":""馬連"",""買い目"":""1 ダノンセンチュリー - 10 サブマリーナ"",""狙い"":""◎－○の本線"",""金額"":300,""予算内比率"":""15%""},{""スタイル"":""標準"",""券種"":""ワイド"",""買い目"":""1 ダノンセンチュリー - 10 サブマリーナ"",""狙い"":""◎－○の安定側"",""金額"":300,""予算内比率"":""15%""},{""スタイル"":""標準"",""券種"":""馬連"",""買い目"":""1 ダノンセンチュリー - 2 エイシンディード"",""狙い"":""◎－▲の押さえ"",""金額"":200,""予算内比率"":""10%""},{""スタイル"":""標準"",""券種"":""ワイド"",""買い目"":""1 ダノンセンチュリー - 2 エイシンディード"",""狙い"":""◎－▲"",""金額"":200,""予算内比率"":""10%""},{""スタイル"":""標準"",""券種"":""三連複"",""買い目"":""1 ダノンセンチュリー - 10 サブマリーナ - 2 エイシンディード"",""狙い"":""◎○▲の中心"",""金額"":300,""予算内比率"":""15%""},{""スタイル"":""標準"",""券種"":""三連複"",""買い目"":""1 ダノンセンチュリー - 10 サブマリーナ - 13 インヴォーグ"",""狙い"":""◎○－△"",""金額"":200,""予算内比率"":""10%""},{""スタイル"":""標準"",""券種"":""三連複"",""買い目"":""1 ダノンセンチュリー - 2 エイシンディード - 9 ラインベック"",""狙い"":""◎▲－△"",""金額"":200,""予算内比率"":""10%""}]",,,,,,,,,,,,,,,
2026-09-27|阪神|11R|f9b37ace22f8d719|morning|NA,2026-09-26T20:17:16+09:00,1.7,2026-09-27,阪神,11R,ポートアイランドS,芝,1600,良,8,レッドシュヴェルト,×,14,0.0113857132974499,0.1246769850603276,14.902361437588716,2.4,17.302361437588715,55.1,14,,,morning,,,True,標準,2000.0,"[{""スタイル"":""標準"",""券種"":""単勝"",""買い目"":""1 ダノンセンチュリー"",""狙い"":""◎の勝ち切り"",""金額"":300,""予算内比率"":""15%""},{""スタイル"":""標準"",""券種"":""馬連"",""買い目"":""1 ダノンセンチュリー - 10 サブマリーナ"",""狙い"":""◎－○の本線"",""金額"":300,""予算内比率"":""15%""},{""スタイル"":""標準"",""券種"":""ワイド"",""買い目"":""1 ダノンセンチュリー - 10 サブマリーナ"",""狙い"":""◎－○の安定側"",""金額"":300,""予算内比率"":""15%""},{""スタイル"":""標準"",""券種"":""馬連"",""買い目"":""1 ダノンセンチュリー - 2 エイシンディード"",""狙い"":""◎－▲の押さえ"",""金額"":200,""予算内比率"":""10%""},{""スタイル"":""標準"",""券種"":""ワイド"",""買い目"":""1 ダノンセンチュリー - 2 エイシンディード"",""狙い"":""◎－▲"",""金額"":200,""予算内比率"":""10%""},{""スタイル"":""標準"",""券種"":""三連複"",""買い目"":""1 ダノンセンチュリー - 10 サブマリーナ - 2 エイシンディード"",""狙い"":""◎○▲の中心"",""金額"":300,""予算内比率"":""15%""},{""スタイル"":""標準"",""券種"":""三連複"",""買い目"":""1 ダノンセンチュリー - 10 サブマリーナ - 13 インヴォーグ"",""狙い"":""◎○－△"",""金額"":200,""予算内比率"":""10%""},{""スタイル"":""標準"",""券種"":""三連複"",""買い目"":""1 ダノンセンチュリー - 2 エイシンディード - 9 ラインベック"",""狙い"":""◎▲－△"",""金額"":200,""予算内比率"":""10%""}]",,,,,,,,,,,,,,,
2026-09-27|阪神|11R|f9b37ace22f8d719|morning|NA,2026-09-26T20:17:16+09:00,1.7,2026-09-27,阪神,11R,ポートアイランドS,芝,1600,良,9,ラインベック,△,5,0.0938836660019723,0.6003763802396015,59.76275076655562,1.12990785733958,60.8926586238952,10.8,6,,,morning,,,True,標準,2000.0,"[{""スタイル"":""標準"",""券種"":""単勝"",""買い目"":""1 ダノンセンチュリー"",""狙い"":""◎の勝ち切り"",""金額"":300,""予算内比率"":""15%""},{""スタイル"":""標準"",""券種"":""馬連"",""買い目"":""1 ダノンセンチュリー - 10 サブマリーナ"",""狙い"":""◎－○の本線"",""金額"":300,""予算内比率"":""15%""},{""スタイル"":""標準"",""券種"":""ワイド"",""買い目"":""1 ダノンセンチュリー - 10 サブマリーナ"",""狙い"":""◎－○の安定側"",""金額"":300,""予算内比率"":""15%""},{""スタイル"":""標準"",""券種"":""馬連"",""買い目"":""1 ダノンセンチュリー - 2 エイシンディード"",""狙い"":""◎－▲の押さえ"",""金額"":200,""予算内比率"":""10%""},{""スタイル"":""標準"",""券種"":""ワイド"",""買い目"":""1 ダノンセンチュリー - 2 エイシンディード"",""狙い"":""◎－▲"",""金額"":200,""予算内比率"":""10%""},{""スタイル"":""標準"",""券種"":""三連複"",""買い目"":""1 ダノンセンチュリー - 10 サブマリーナ - 2 エイシンディード"",""狙い"":""◎○▲の中心"",""金額"":300,""予算内比率"":""15%""},{""スタイル"":""標準"",""券種"":""三連複"",""買い目"":""1 ダノンセンチュリー - 10 サブマリーナ - 13 インヴォーグ"",""狙い"":""◎○－△"",""金額"":200,""予算内比率"":""10%""},{""スタイル"":""標準"",""券種"":""三連複"",""買い目"":""1 ダノンセンチュリー - 2 エイシンディード - 9 ラインベック"",""狙い"":""◎▲－△"",""金額"":200,""予算内比率"":""10%""}]",,,,,,,,,,,,,,,
2026-09-27|阪神|11R|f9b37ace22f8d719|morning|NA,2026-09-26T20:17:16+09:00,1.7,2026-09-27,阪神,11R,ポートアイランドS,芝,1600,良,10,サブマリーナ,○,2,0.1236737716612265,0.7429415074308562,74.48299869014951,2.4,76.88299869014952,4.9,1,,,morning,,,True,標準,2000.0,"[{""スタイル"":""標準"",""券種"":""単勝"",""買い目"":""1 ダノンセンチュリー"",""狙い"":""◎の勝ち切り"",""金額"":300,""予算内比率"":""15%""},{""スタイル"":""標準"",""券種"":""馬連"",""買い目"":""1 ダノンセンチュリー - 10 サブマリーナ"",""狙い"":""◎－○の本線"",""金額"":300,""予算内比率"":""15%""},{""スタイル"":""標準"",""券種"":""ワイド"",""買い目"":""1 ダノンセンチュリー - 10 サブマリーナ"",""狙い"":""◎－○の安定側"",""金額"":300,""予算内比率"":""15%""},{""スタイル"":""標準"",""券種"":""馬連"",""買い目"":""1 ダノンセンチュリー - 2 エイシンディード"",""狙い"":""◎－▲の押さえ"",""金額"":200,""予算内比率"":""10%""},{""スタイル"":""標準"",""券種"":""ワイド"",""買い目"":""1 ダノンセンチュリー - 2 エイシンディード"",""狙い"":""◎－▲"",""金額"":200,""予算内比率"":""10%""},{""スタイル"":""標準"",""券種"":""三連複"",""買い目"":""1 ダノンセンチュリー - 10 サブマリーナ - 2 エイシンディード"",""狙い"":""◎○▲の中心"",""金額"":300,""予算内比率"":""15%""},{""スタイル"":""標準"",""券種"":""三連複"",""買い目"":""1 ダノンセンチュリー - 10 サブマリーナ - 13 インヴォーグ"",""狙い"":""◎○－△"",""金額"":200,""予算内比率"":""10%""},{""スタイル"":""標準"",""券種"":""三連複"",""買い目"":""1 ダノンセンチュリー - 2 エイシンディード - 9 ラインベック"",""狙い"":""◎▲－△"",""金額"":200,""予算内比率"":""10%""}]",,,,,,,,,,,,,,,
2026-09-27|阪神|11R|f9b37ace22f8d719|morning|NA,2026-09-26T20:17:16+09:00,1.7,2026-09-27,阪神,11R,ポートアイランドS,芝,1600,良,11,メイショウシンタケ,×,13,0.0298338567348684,0.2147703209916815,20.163080582931865,0.0,20.163080582931865,27.5,11,,,morning,,,True,標準,2000.0,"[{""スタイル"":""標準"",""券種"":""単勝"",""買い目"":""1 ダノンセンチュリー"",""狙い"":""◎の勝ち切り"",""金額"":300,""予算内比率"":""15%""},{""スタイル"":""標準"",""券種"":""馬連"",""買い目"":""1 ダノンセンチュリー - 10 サブマリーナ"",""狙い"":""◎－○の本線"",""金額"":300,""予算内比率"":""15%""},{""スタイル"":""標準"",""券種"":""ワイド"",""買い目"":""1 ダノンセンチュリー - 10 サブマリーナ"",""狙い"":""◎－○の安定側"",""金額"":300,""予算内比率"":""15%""},{""スタイル"":""標準"",""券種"":""馬連"",""買い目"":""1 ダノンセンチュリー - 2 エイシンディード"",""狙い"":""◎－▲の押さえ"",""金額"":200,""予算内比率"":""10%""},{""スタイル"":""標準"",""券種"":""ワイド"",""買い目"":""1 ダノンセンチュリー - 2 エイシンディード"",""狙い"":""◎－▲"",""金額"":200,""予算内比率"":""10%""},{""スタイル"":""標準"",""券種"":""三連複"",""買い目"":""1 ダノンセンチュリー - 10 サブマリーナ - 2 エイシンディード"",""狙い"":""◎○▲の中心"",""金額"":300,""予算内比率"":""15%""},{""スタイル"":""標準"",""券種"":""三連複"",""買い目"":""1 ダノンセンチュリー - 10 サブマリーナ - 13 インヴォーグ"",""狙い"":""◎○－△"",""金額"":200,""予算内比率"":""10%""},{""スタイル"":""標準"",""券種"":""三連複"",""買い目"":""1 ダノンセンチュリー - 2 エイシンディード - 9 ラインベック"",""狙い"":""◎▲－△"",""金額"":200,""予算内比率"":""10%""}]",,,,,,,,,,,,,,,
2026-09-27|阪神|11R|f9b37ace22f8d719|morning|NA,2026-09-26T20:17:16+09:00,1.7,2026-09-27,阪神,11R,ポートアイランドS,芝,1600,良,12,ファインライン,☆,6,0.0795759412541863,0.5789777035956422,57.72344571073433,2.4,60.12344571073433,10.5,5,,,morning,,,True,標準,2000.0,"[{""スタイル"":""標準"",""券種"":""単勝"",""買い目"":""1 ダノンセンチュリー"",""狙い"":""◎の勝ち切り"",""金額"":300,""予算内比率"":""15%""},{""スタイル"":""標準"",""券種"":""馬連"",""買い目"":""1 ダノンセンチュリー - 10 サブマリーナ"",""狙い"":""◎－○の本線"",""金額"":300,""予算内比率"":""15%""},{""スタイル"":""標準"",""券種"":""ワイド"",""買い目"":""1 ダノンセンチュリー - 10 サブマリーナ"",""狙い"":""◎－○の安定側"",""金額"":300,""予算内比率"":""15%""},{""スタイル"":""標準"",""券種"":""馬連"",""買い目"":""1 ダノンセンチュリー - 2 エイシンディード"",""狙い"":""◎－▲の押さえ"",""金額"":200,""予算内比率"":""10%""},{""スタイル"":""標準"",""券種"":""ワイド"",""買い目"":""1 ダノンセンチュリー - 2 エイシンディード"",""狙い"":""◎－▲"",""金額"":200,""予算内比率"":""10%""},{""スタイル"":""標準"",""券種"":""三連複"",""買い目"":""1 ダノンセンチュリー - 10 サブマリーナ - 2 エイシンディード"",""狙い"":""◎○▲の中心"",""金額"":300,""予算内比率"":""15%""},{""スタイル"":""標準"",""券種"":""三連複"",""買い目"":""1 ダノンセンチュリー - 10 サブマリーナ - 13 インヴォーグ"",""狙い"":""◎○－△"",""金額"":200,""予算内比率"":""10%""},{""スタイル"":""標準"",""券種"":""三連複"",""買い目"":""1 ダノンセンチュリー - 2 エイシンディード - 9 ラインベック"",""狙い"":""◎▲－△"",""金額"":200,""予算内比率"":""10%""}]",,,,,,,,,,,,,,,
2026-09-27|阪神|11R|f9b37ace22f8d719|morning|NA,2026-09-26T20:17:16+09:00,1.7,2026-09-27,阪神,11R,ポートアイランドS,芝,1600,良,13,インヴォーグ,△,4,0.1116547457257358,0.713818760085335,66.81593007436828,2.4,69.21593007436829,5.4,3,,,morning,,,True,標準,2000.0,"[{""スタイル"":""標準"",""券種"":""単勝"",""買い目"":""1 ダノンセンチュリー"",""狙い"":""◎の勝ち切り"",""金額"":300,""予算内比率"":""15%""},{""スタイル"":""標準"",""券種"":""馬連"",""買い目"":""1 ダノンセンチュリー - 10 サブマリーナ"",""狙い"":""◎－○の本線"",""金額"":300,""予算内比率"":""15%""},{""スタイル"":""標準"",""券種"":""ワイド"",""買い目"":""1 ダノンセンチュリー - 10 サブマリーナ"",""狙い"":""◎－○の安定側"",""金額"":300,""予算内比率"":""15%""},{""スタイル"":""標準"",""券種"":""馬連"",""買い目"":""1 ダノンセンチュリー - 2 エイシンディード"",""狙い"":""◎－▲の押さえ"",""金額"":200,""予算内比率"":""10%""},{""スタイル"":""標準"",""券種"":""ワイド"",""買い目"":""1 ダノンセンチュリー - 2 エイシンディード"",""狙い"":""◎－▲"",""金額"":200,""予算内比率"":""10%""},{""スタイル"":""標準"",""券種"":""三連複"",""買い目"":""1 ダノンセンチュリー - 10 サブマリーナ - 2 エイシンディード"",""狙い"":""◎○▲の中心"",""金額"":300,""予算内比率"":""15%""},{""スタイル"":""標準"",""券種"":""三連複"",""買い目"":""1 ダノンセンチュリー - 10 サブマリーナ - 13 インヴォーグ"",""狙い"":""◎○－△"",""金額"":200,""予算内比率"":""10%""},{""スタイル"":""標準"",""券種"":""三連複"",""買い目"":""1 ダノンセンチュリー - 2 エイシンディード - 9 ラインベック"",""狙い"":""◎▲－△"",""金額"":200,""予算内比率"":""10%""}]",,,,,,,,,,,,,,,
2026-09-27|阪神|11R|f9b37ace22f8d719|morning|NA,2026-09-26T20:17:16+09:00,1.7,2026-09-27,阪神,11R,ポートアイランドS,芝,1600,良,14,ショウナンガルフ,☆,7,0.0524205718434299,0.2786209684799978,42.82006807582902,2.0245329716508143,44.84460104747984,33.2,13,,,morning,,,True,標準,2000.0,"[{""スタイル"":""標準"",""券種"":""単勝"",""買い目"":""1 ダノンセンチュリー"",""狙い"":""◎の勝ち切り"",""金額"":300,""予算内比率"":""15%""},{""スタイル"":""標準"",""券種"":""馬連"",""買い目"":""1 ダノンセンチュリー - 10 サブマリーナ"",""狙い"":""◎－○の本線"",""金額"":300,""予算内比率"":""15%""},{""スタイル"":""標準"",""券種"":""ワイド"",""買い目"":""1 ダノンセンチュリー - 10 サブマリーナ"",""狙い"":""◎－○の安定側"",""金額"":300,""予算内比率"":""15%""},{""スタイル"":""標準"",""券種"":""馬連"",""買い目"":""1 ダノンセンチュリー - 2 エイシンディード"",""狙い"":""◎－▲の押さえ"",""金額"":200,""予算内比率"":""10%""},{""スタイル"":""標準"",""券種"":""ワイド"",""買い目"":""1 ダノンセンチュリー - 2 エイシンディード"",""狙い"":""◎－▲"",""金額"":200,""予算内比率"":""10%""},{""スタイル"":""標準"",""券種"":""三連複"",""買い目"":""1 ダノンセンチュリー - 10 サブマリーナ - 2 エイシンディード"",""狙い"":""◎○▲の中心"",""金額"":300,""予算内比率"":""15%""},{""スタイル"":""標準"",""券種"":""三連複"",""買い目"":""1 ダノンセンチュリー - 10 サブマリーナ - 13 インヴォーグ"",""狙い"":""◎○－△"",""金額"":200,""予算内比率"":""10%""},{""スタイル"":""標準"",""券種"":""三連複"",""買い目"":""1 ダノンセンチュリー - 2 エイシンディード - 9 ラインベック"",""狙い"":""◎▲－△"",""金額"":200,""予算内比率"":""10%""}]",,,,,,,,,,,,,,,
2026-09-27|阪神|11R|f9b37ace22f8d719|morning|NA,2026-09-26T20:17:16+09:00,1.7,2026-09-27,阪神,11R,ポートアイランドS,芝,1600,良,15,ビップデイジー,×,12,0.0474678430635602,0.2940029405025314,26.69331861536893,2.4,29.093318615368933,19.3,10,,,morning,,,True,標準,2000.0,"[{""スタイル"":""標準"",""券種"":""単勝"",""買い目"":""1 ダノンセンチュリー"",""狙い"":""◎の勝ち切り"",""金額"":300,""予算内比率"":""15%""},{""スタイル"":""標準"",""券種"":""馬連"",""買い目"":""1 ダノンセンチュリー - 10 サブマリーナ"",""狙い"":""◎－○の本線"",""金額"":300,""予算内比率"":""15%""},{""スタイル"":""標準"",""券種"":""ワイド"",""買い目"":""1 ダノンセンチュリー - 10 サブマリーナ"",""狙い"":""◎－○の安定側"",""金額"":300,""予算内比率"":""15%""},{""スタイル"":""標準"",""券種"":""馬連"",""買い目"":""1 ダノンセンチュリー - 2 エイシンディード"",""狙い"":""◎－▲の押さえ"",""金額"":200,""予算内比率"":""10%""},{""スタイル"":""標準"",""券種"":""ワイド"",""買い目"":""1 ダノンセンチュリー - 2 エイシンディード"",""狙い"":""◎－▲"",""金額"":200,""予算内比率"":""10%""},{""スタイル"":""標準"",""券種"":""三連複"",""買い目"":""1 ダノンセンチュリー - 10 サブマリーナ - 2 エイシンディード"",""狙い"":""◎○▲の中心"",""金額"":300,""予算内比率"":""15%""},{""スタイル"":""標準"",""券種"":""三連複"",""買い目"":""1 ダノンセンチュリー - 10 サブマリーナ - 13 インヴォーグ"",""狙い"":""◎○－△"",""金額"":200,""予算内比率"":""10%""},{""スタイル"":""標準"",""券種"":""三連複"",""買い目"":""1 ダノンセンチュリー - 2 エイシンディード - 9 ラインベック"",""狙い"":""◎▲－△"",""金額"":200,""予算内比率"":""10%""}]",,,,,,,,,,,,,,,
2026-09-27|阪神|11R|f9b37ace22f8d719|morning|NA,2026-09-26T20:17:16+09:00,1.7,2026-09-27,阪神,11R,ポートアイランドS,芝,1600,良,16,レディントン,注,8,0.0547757350137118,0.3532015937047256,37.44608418507523,2.4,39.84608418507523,15.4,8,,,morning,,,True,標準,2000.0,"[{""スタイル"":""標準"",""券種"":""単勝"",""買い目"":""1 ダノンセンチュリー"",""狙い"":""◎の勝ち切り"",""金額"":300,""予算内比率"":""15%""},{""スタイル"":""標準"",""券種"":""馬連"",""買い目"":""1 ダノンセンチュリー - 10 サブマリーナ"",""狙い"":""◎－○の本線"",""金額"":300,""予算内比率"":""15%""},{""スタイル"":""標準"",""券種"":""ワイド"",""買い目"":""1 ダノンセンチュリー - 10 サブマリーナ"",""狙い"":""◎－○の安定側"",""金額"":300,""予算内比率"":""15%""},{""スタイル"":""標準"",""券種"":""馬連"",""買い目"":""1 ダノンセンチュリー - 2 エイシンディード"",""狙い"":""◎－▲の押さえ"",""金額"":200,""予算内比率"":""10%""},{""スタイル"":""標準"",""券種"":""ワイド"",""買い目"":""1 ダノンセンチュリー - 2 エイシンディード"",""狙い"":""◎－▲"",""金額"":200,""予算内比率"":""10%""},{""スタイル"":""標準"",""券種"":""三連複"",""買い目"":""1 ダノンセンチュリー - 10 サブマリーナ - 2 エイシンディード"",""狙い"":""◎○▲の中心"",""金額"":300,""予算内比率"":""15%""},{""スタイル"":""標準"",""券種"":""三連複"",""買い目"":""1 ダノンセンチュリー - 10 サブマリーナ - 13 インヴォーグ"",""狙い"":""◎○－△"",""金額"":200,""予算内比率"":""10%""},{""スタイル"":""標準"",""券種"":""三連複"",""買い目"":""1 ダノンセンチュリー - 2 エイシンディード - 9 ラインベック"",""狙い"":""◎▲－△"",""金額"":200,""予算内比率"":""10%""}]",,,,,,,,,,,,,,,
2026-09-27|阪神|12R|5fd7fdaa8535f9a0|morning|NA,2026-09-26T20:17:17+09:00,1.7,2026-09-27,阪神,12R,3歳以上2勝クラス,ダート,2000,良,1,ビルンバウム,☆,7,0.057872601684274,0.365100143529154,27.885401522968102,-1.7808882635915142,26.10451325937659,27.9,5,,,morning,,,True,標準,2000.0,"[{""スタイル"":""標準"",""券種"":""単勝"",""買い目"":""8 サンライズオスカー"",""狙い"":""◎の勝ち切り"",""金額"":300,""予算内比率"":""15%""},{""スタイル"":""標準"",""券種"":""馬連"",""買い目"":""8 サンライズオスカー - 4 ソウルアンドジャズ"",""狙い"":""◎－○の本線"",""金額"":300,""予算内比率"":""15%""},{""スタイル"":""標準"",""券種"":""ワイド"",""買い目"":""8 サンライズオスカー - 4 ソウルアンドジャズ"",""狙い"":""◎－○の安定側"",""金額"":300,""予算内比率"":""15%""},{""スタイル"":""標準"",""券種"":""馬連"",""買い目"":""8 サンライズオスカー - 9 ポッドフォルク"",""狙い"":""◎－▲の押さえ"",""金額"":200,""予算内比率"":""10%""},{""スタイル"":""標準"",""券種"":""ワイド"",""買い目"":""8 サンライズオスカー - 9 ポッドフォルク"",""狙い"":""◎－▲"",""金額"":200,""予算内比率"":""10%""},{""スタイル"":""標準"",""券種"":""三連複"",""買い目"":""8 サンライズオスカー - 4 ソウルアンドジャズ - 9 ポッドフォルク"",""狙い"":""◎○▲の中心"",""金額"":300,""予算内比率"":""15%""},{""スタイル"":""標準"",""券種"":""三連複"",""買い目"":""8 サンライズオスカー - 4 ソウルアンドジャズ - 2 タガノヘラクレス"",""狙い"":""◎○－△"",""金額"":200,""予算内比率"":""10%""},{""スタイル"":""標準"",""券種"":""三連複"",""買い目"":""8 サンライズオスカー - 9 ポッドフォルク - 11 テンエースワン"",""狙い"":""◎▲－△"",""金額"":200,""予算内比率"":""10%""}]",,,,,,,,,,,,,,,
2026-09-27|阪神|12R|5fd7fdaa8535f9a0|morning|NA,2026-09-26T20:17:17+09:00,1.7,2026-09-27,阪神,12R,3歳以上2勝クラス,ダート,2000,良,2,タガノヘラクレス,△,4,0.1134497231063814,0.4465478541692616,37.33477338316212,2.0558396972359265,39.39061308039804,16.1,3,,,morning,,,True,標準,2000.0,"[{""スタイル"":""標準"",""券種"":""単勝"",""買い目"":""8 サンライズオスカー"",""狙い"":""◎の勝ち切り"",""金額"":300,""予算内比率"":""15%""},{""スタイル"":""標準"",""券種"":""馬連"",""買い目"":""8 サンライズオスカー - 4 ソウルアンドジャズ"",""狙い"":""◎－○の本線"",""金額"":300,""予算内比率"":""15%""},{""スタイル"":""標準"",""券種"":""ワイド"",""買い目"":""8 サンライズオスカー - 4 ソウルアンドジャズ"",""狙い"":""◎－○の安定側"",""金額"":300,""予算内比率"":""15%""},{""スタイル"":""標準"",""券種"":""馬連"",""買い目"":""8 サンライズオスカー - 9 ポッドフォルク"",""狙い"":""◎－▲の押さえ"",""金額"":200,""予算内比率"":""10%""},{""スタイル"":""標準"",""券種"":""ワイド"",""買い目"":""8 サンライズオスカー - 9 ポッドフォルク"",""狙い"":""◎－▲"",""金額"":200,""予算内比率"":""10%""},{""スタイル"":""標準"",""券種"":""三連複"",""買い目"":""8 サンライズオスカー - 4 ソウルアンドジャズ - 9 ポッドフォルク"",""狙い"":""◎○▲の中心"",""金額"":300,""予算内比率"":""15%""},{""スタイル"":""標準"",""券種"":""三連複"",""買い目"":""8 サンライズオスカー - 4 ソウルアンドジャズ - 2 タガノヘラクレス"",""狙い"":""◎○－△"",""金額"":200,""予算内比率"":""10%""},{""スタイル"":""標準"",""券種"":""三連複"",""買い目"":""8 サンライズオスカー - 9 ポッドフォルク - 11 テンエースワン"",""狙い"":""◎▲－△"",""金額"":200,""予算内比率"":""10%""}]",,,,,,,,,,,,,,,
2026-09-27|阪神|12R|5fd7fdaa8535f9a0|morning|NA,2026-09-26T20:17:17+09:00,1.7,2026-09-27,阪神,12R,3歳以上2勝クラス,ダート,2000,良,3,アルベリック,×,12,0.0138182398647527,0.0922877542057103,6.888616746584909,-1.6324809082922214,5.256135838292688,95.2,12,,,morning,,,True,標準,2000.0,"[{""スタイル"":""標準"",""券種"":""単勝"",""買い目"":""8 サンライズオスカー"",""狙い"":""◎の勝ち切り"",""金額"":300,""予算内比率"":""15%""},{""スタイル"":""標準"",""券種"":""馬連"",""買い目"":""8 サンライズオスカー - 4 ソウルアンドジャズ"",""狙い"":""◎－○の本線"",""金額"":300,""予算内比率"":""15%""},{""スタイル"":""標準"",""券種"":""ワイド"",""買い目"":""8 サンライズオスカー - 4 ソウルアンドジャズ"",""狙い"":""◎－○の安定側"",""金額"":300,""予算内比率"":""15%""},{""スタイル"":""標準"",""券種"":""馬連"",""買い目"":""8 サンライズオスカー - 9 ポッドフォルク"",""狙い"":""◎－▲の押さえ"",""金額"":200,""予算内比率"":""10%""},{""スタイル"":""標準"",""券種"":""ワイド"",""買い目"":""8 サンライズオスカー - 9 ポッドフォルク"",""狙い"":""◎－▲"",""金額"":200,""予算内比率"":""10%""},{""スタイル"":""標準"",""券種"":""三連複"",""買い目"":""8 サンライズオスカー - 4 ソウルアンドジャズ - 9 ポッドフォルク"",""狙い"":""◎○▲の中心"",""金額"":300,""予算内比率"":""15%""},{""スタイル"":""標準"",""券種"":""三連複"",""買い目"":""8 サンライズオスカー - 4 ソウルアンドジャズ - 2 タガノヘラクレス"",""狙い"":""◎○－△"",""金額"":200,""予算内比率"":""10%""},{""スタイル"":""標準"",""券種"":""三連複"",""買い目"":""8 サンライズオスカー - 9 ポッドフォルク - 11 テンエースワン"",""狙い"":""◎▲－△"",""金額"":200,""予算内比率"":""10%""}]",,,,,,,,,,,,,,,
2026-09-27|阪神|12R|5fd7fdaa8535f9a0|morning|NA,2026-09-26T20:17:17+09:00,1.7,2026-09-27,阪神,12R,3歳以上2勝クラス,ダート,2000,良,4,ソウルアンドジャズ,○,2,0.2138943370431946,0.7117040330932657,63.7941486358601,2.4,66.1941486358601,4.6,2,,,morning,,,True,標準,2000.0,"[{""スタイル"":""標準"",""券種"":""単勝"",""買い目"":""8 サンライズオスカー"",""狙い"":""◎の勝ち切り"",""金額"":300,""予算内比率"":""15%""},{""スタイル"":""標準"",""券種"":""馬連"",""買い目"":""8 サンライズオスカー - 4 ソウルアンドジャズ"",""狙い"":""◎－○の本線"",""金額"":300,""予算内比率"":""15%""},{""スタイル"":""標準"",""券種"":""ワイド"",""買い目"":""8 サンライズオスカー - 4 ソウルアンドジャズ"",""狙い"":""◎－○の安定側"",""金額"":300,""予算内比率"":""15%""},{""スタイル"":""標準"",""券種"":""馬連"",""買い目"":""8 サンライズオスカー - 9 ポッドフォルク"",""狙い"":""◎－▲の押さえ"",""金額"":200,""予算内比率"":""10%""},{""スタイル"":""標準"",""券種"":""ワイド"",""買い目"":""8 サンライズオスカー - 9 ポッドフォルク"",""狙い"":""◎－▲"",""金額"":200,""予算内比率"":""10%""},{""スタイル"":""標準"",""券種"":""三連複"",""買い目"":""8 サンライズオスカー - 4 ソウルアンドジャズ - 9 ポッドフォルク"",""狙い"":""◎○▲の中心"",""金額"":300,""予算内比率"":""15%""},{""スタイル"":""標準"",""券種"":""三連複"",""買い目"":""8 サンライズオスカー - 4 ソウルアンドジャズ - 2 タガノヘラクレス"",""狙い"":""◎○－△"",""金額"":200,""予算内比率"":""10%""},{""スタイル"":""標準"",""券種"":""三連複"",""買い目"":""8 サンライズオスカー - 9 ポッドフォルク - 11 テンエースワン"",""狙い"":""◎▲－△"",""金額"":200,""予算内比率"":""10%""}]",,,,,,,,,,,,,,,
2026-09-27|阪神|12R|5fd7fdaa8535f9a0|morning|NA,2026-09-26T20:17:17+09:00,1.7,2026-09-27,阪神,12R,3歳以上2勝クラス,ダート,2000,良,5,レッドボブ,☆,6,0.0540014009812387,0.2921724868041819,26.109469075700385,1.9954389403257409,28.10490801602613,46.2,8,,,morning,,,True,標準,2000.0,"[{""スタイル"":""標準"",""券種"":""単勝"",""買い目"":""8 サンライズオスカー"",""狙い"":""◎の勝ち切り"",""金額"":300,""予算内比率"":""15%""},{""スタイル"":""標準"",""券種"":""馬連"",""買い目"":""8 サンライズオスカー - 4 ソウルアンドジャズ"",""狙い"":""◎－○の本線"",""金額"":300,""予算内比率"":""15%""},{""スタイル"":""標準"",""券種"":""ワイド"",""買い目"":""8 サンライズオスカー - 4 ソウルアンドジャズ"",""狙い"":""◎－○の安定側"",""金額"":300,""予算内比率"":""15%""},{""スタイル"":""標準"",""券種"":""馬連"",""買い目"":""8 サンライズオスカー - 9 ポッドフォルク"",""狙い"":""◎－▲の押さえ"",""金額"":200,""予算内比率"":""10%""},{""スタイル"":""標準"",""券種"":""ワイド"",""買い目"":""8 サンライズオスカー - 9 ポッドフォルク"",""狙い"":""◎－▲"",""金額"":200,""予算内比率"":""10%""},{""スタイル"":""標準"",""券種"":""三連複"",""買い目"":""8 サンライズオスカー - 4 ソウルアンドジャズ - 9 ポッドフォルク"",""狙い"":""◎○▲の中心"",""金額"":300,""予算内比率"":""15%""},{""スタイル"":""標準"",""券種"":""三連複"",""買い目"":""8 サンライズオスカー - 4 ソウルアンドジャズ - 2 タガノヘラクレス"",""狙い"":""◎○－△"",""金額"":200,""予算内比率"":""10%""},{""スタイル"":""標準"",""券種"":""三連複"",""買い目"":""8 サンライズオスカー - 9 ポッドフォルク - 11 テンエースワン"",""狙い"":""◎▲－△"",""金額"":200,""予算内比率"":""10%""}]",,,,,,,,,,,,,,,
2026-09-27|阪神|12R|5fd7fdaa8535f9a0|morning|NA,2026-09-26T20:17:17+09:00,1.7,2026-09-27,阪神,12R,3歳以上2勝クラス,ダート,2000,良,6,マクノス,注,9,0.0267412510313923,0.1552676027683901,11.578295106604845,-0.5441603027640739,11.034134803840772,33.7,7,,,morning,,,True,標準,2000.0,"[{""スタイル"":""標準"",""券種"":""単勝"",""買い目"":""8 サンライズオスカー"",""狙い"":""◎の勝ち切り"",""金額"":300,""予算内比率"":""15%""},{""スタイル"":""標準"",""券種"":""馬連"",""買い目"":""8 サンライズオスカー - 4 ソウルアンドジャズ"",""狙い"":""◎－○の本線"",""金額"":300,""予算内比率"":""15%""},{""スタイル"":""標準"",""券種"":""ワイド"",""買い目"":""8 サンライズオスカー - 4 ソウルアンドジャズ"",""狙い"":""◎－○の安定側"",""金額"":300,""予算内比率"":""15%""},{""スタイル"":""標準"",""券種"":""馬連"",""買い目"":""8 サンライズオスカー - 9 ポッドフォルク"",""狙い"":""◎－▲の押さえ"",""金額"":200,""予算内比率"":""10%""},{""スタイル"":""標準"",""券種"":""ワイド"",""買い目"":""8 サンライズオスカー - 9 ポッドフォルク"",""狙い"":""◎－▲"",""金額"":200,""予算内比率"":""10%""},{""スタイル"":""標準"",""券種"":""三連複"",""買い目"":""8 サンライズオスカー - 4 ソウルアンドジャズ - 9 ポッドフォルク"",""狙い"":""◎○▲の中心"",""金額"":300,""予算内比率"":""15%""},{""スタイル"":""標準"",""券種"":""三連複"",""買い目"":""8 サンライズオスカー - 4 ソウルアンドジャズ - 2 タガノヘラクレス"",""狙い"":""◎○－△"",""金額"":200,""予算内比率"":""10%""},{""スタイル"":""標準"",""券種"":""三連複"",""買い目"":""8 サンライズオスカー - 9 ポッドフォルク - 11 テンエースワン"",""狙い"":""◎▲－△"",""金額"":200,""予算内比率"":""10%""}]",,,,,,,,,,,,,,,
2026-09-27|阪神|12R|5fd7fdaa8535f9a0|morning|NA,2026-09-26T20:17:17+09:00,1.7,2026-09-27,阪神,12R,3歳以上2勝クラス,ダート,2000,良,7,タガノアニマシオン,注,8,0.0343781909607263,0.1893509839604383,21.7489159784316,2.4,24.1489159784316,57.8,9,,,morning,,,True,標準,2000.0,"[{""スタイル"":""標準"",""券種"":""単勝"",""買い目"":""8 サンライズオスカー"",""狙い"":""◎の勝ち切り"",""金額"":300,""予算内比率"":""15%""},{""スタイル"":""標準"",""券種"":""馬連"",""買い目"":""8 サンライズオスカー - 4 ソウルアンドジャズ"",""狙い"":""◎－○の本線"",""金額"":300,""予算内比率"":""15%""},{""スタイル"":""標準"",""券種"":""ワイド"",""買い目"":""8 サンライズオスカー - 4 ソウルアンドジャズ"",""狙い"":""◎－○の安定側"",""金額"":300,""予算内比率"":""15%""},{""スタイル"":""標準"",""券種"":""馬連"",""買い目"":""8 サンライズオスカー - 9 ポッドフォルク"",""狙い"":""◎－▲の押さえ"",""金額"":200,""予算内比率"":""10%""},{""スタイル"":""標準"",""券種"":""ワイド"",""買い目"":""8 サンライズオスカー - 9 ポッドフォルク"",""狙い"":""◎－▲"",""金額"":200,""予算内比率"":""10%""},{""スタイル"":""標準"",""券種"":""三連複"",""買い目"":""8 サンライズオスカー - 4 ソウルアンドジャズ - 9 ポッドフォルク"",""狙い"":""◎○▲の中心"",""金額"":300,""予算内比率"":""15%""},{""スタイル"":""標準"",""券種"":""三連複"",""買い目"":""8 サンライズオスカー - 4 ソウルアンドジャズ - 2 タガノヘラクレス"",""狙い"":""◎○－△"",""金額"":200,""予算内比率"":""10%""},{""スタイル"":""標準"",""券種"":""三連複"",""買い目"":""8 サンライズオスカー - 9 ポッドフォルク - 11 テンエースワン"",""狙い"":""◎▲－△"",""金額"":200,""予算内比率"":""10%""}]",,,,,,,,,,,,,,,
2026-09-27|阪神|12R|5fd7fdaa8535f9a0|morning|NA,2026-09-26T20:17:17+09:00,1.7,2026-09-27,阪神,12R,3歳以上2勝クラス,ダート,2000,良,8,サンライズオスカー,◎,1,0.254830255709573,0.927696651775869,82.23386899364395,-0.5441603027640739,81.68970869087988,1.3,1,,,morning,,,True,標準,2000.0,"[{""スタイル"":""標準"",""券種"":""単勝"",""買い目"":""8 サンライズオスカー"",""狙い"":""◎の勝ち切り"",""金額"":300,""予算内比率"":""15%""},{""スタイル"":""標準"",""券種"":""馬連"",""買い目"":""8 サンライズオスカー - 4 ソウルアンドジャズ"",""狙い"":""◎－○の本線"",""金額"":300,""予算内比率"":""15%""},{""スタイル"":""標準"",""券種"":""ワイド"",""買い目"":""8 サンライズオスカー - 4 ソウルアンドジャズ"",""狙い"":""◎－○の安定側"",""金額"":300,""予算内比率"":""15%""},{""スタイル"":""標準"",""券種"":""馬連"",""買い目"":""8 サンライズオスカー - 9 ポッドフォルク"",""狙い"":""◎－▲の押さえ"",""金額"":200,""予算内比率"":""10%""},{""スタイル"":""標準"",""券種"":""ワイド"",""買い目"":""8 サンライズオスカー - 9 ポッドフォルク"",""狙い"":""◎－▲"",""金額"":200,""予算内比率"":""10%""},{""スタイル"":""標準"",""券種"":""三連複"",""買い目"":""8 サンライズオスカー - 4 ソウルアンドジャズ - 9 ポッドフォルク"",""狙い"":""◎○▲の中心"",""金額"":300,""予算内比率"":""15%""},{""スタイル"":""標準"",""券種"":""三連複"",""買い目"":""8 サンライズオスカー - 4 ソウルアンドジャズ - 2 タガノヘラクレス"",""狙い"":""◎○－△"",""金額"":200,""予算内比率"":""10%""},{""スタイル"":""標準"",""券種"":""三連複"",""買い目"":""8 サンライズオスカー - 9 ポッドフォルク - 11 テンエースワン"",""狙い"":""◎▲－△"",""金額"":200,""予算内比率"":""10%""}]",,,,,,,,,,,,,,,
2026-09-27|阪神|12R|5fd7fdaa8535f9a0|morning|NA,2026-09-26T20:17:17+09:00,1.7,2026-09-27,阪神,12R,3歳以上2勝クラス,ダート,2000,良,9,ポッドフォルク,▲,3,0.1458531170675319,0.5353940056945333,47.72128600300032,2.4,50.12128600300032,31.7,6,,,morning,,,True,標準,2000.0,"[{""スタイル"":""標準"",""券種"":""単勝"",""買い目"":""8 サンライズオスカー"",""狙い"":""◎の勝ち切り"",""金額"":300,""予算内比率"":""15%""},{""スタイル"":""標準"",""券種"":""馬連"",""買い目"":""8 サンライズオスカー - 4 ソウルアンドジャズ"",""狙い"":""◎－○の本線"",""金額"":300,""予算内比率"":""15%""},{""スタイル"":""標準"",""券種"":""ワイド"",""買い目"":""8 サンライズオスカー - 4 ソウルアンドジャズ"",""狙い"":""◎－○の安定側"",""金額"":300,""予算内比率"":""15%""},{""スタイル"":""標準"",""券種"":""馬連"",""買い目"":""8 サンライズオスカー - 9 ポッドフォルク"",""狙い"":""◎－▲の押さえ"",""金額"":200,""予算内比率"":""10%""},{""スタイル"":""標準"",""券種"":""ワイド"",""買い目"":""8 サンライズオスカー - 9 ポッドフォルク"",""狙い"":""◎－▲"",""金額"":200,""予算内比率"":""10%""},{""スタイル"":""標準"",""券種"":""三連複"",""買い目"":""8 サンライズオスカー - 4 ソウルアンドジャズ - 9 ポッドフォルク"",""狙い"":""◎○▲の中心"",""金額"":300,""予算内比率"":""15%""},{""スタイル"":""標準"",""券種"":""三連複"",""買い目"":""8 サンライズオスカー - 4 ソウルアンドジャズ - 2 タガノヘラクレス"",""狙い"":""◎○－△"",""金額"":200,""予算内比率"":""10%""},{""スタイル"":""標準"",""券種"":""三連複"",""買い目"":""8 サンライズオスカー - 9 ポッドフォルク - 11 テンエースワン"",""狙い"":""◎▲－△"",""金額"":200,""予算内比率"":""10%""}]",,,,,,,,,,,,,,,
2026-09-27|阪神|12R|5fd7fdaa8535f9a0|morning|NA,2026-09-26T20:17:17+09:00,1.7,2026-09-27,阪神,12R,3歳以上2勝クラス,ダート,2000,良,10,セイントホース,×,11,0.0117651110718814,0.113230280752746,7.381038228947872,-0.5441603027640739,6.836877926183798,70.4,11,,,morning,,,True,標準,2000.0,"[{""スタイル"":""標準"",""券種"":""単勝"",""買い目"":""8 サンライズオスカー"",""狙い"":""◎の勝ち切り"",""金額"":300,""予算内比率"":""15%""},{""スタイル"":""標準"",""券種"":""馬連"",""買い目"":""8 サンライズオスカー - 4 ソウルアンドジャズ"",""狙い"":""◎－○の本線"",""金額"":300,""予算内比率"":""15%""},{""スタイル"":""標準"",""券種"":""ワイド"",""買い目"":""8 サンライズオスカー - 4 ソウルアンドジャズ"",""狙い"":""◎－○の安定側"",""金額"":300,""予算内比率"":""15%""},{""スタイル"":""標準"",""券種"":""馬連"",""買い目"":""8 サンライズオスカー - 9 ポッドフォルク"",""狙い"":""◎－▲の押さえ"",""金額"":200,""予算内比率"":""10%""},{""スタイル"":""標準"",""券種"":""ワイド"",""買い目"":""8 サンライズオスカー - 9 ポッドフォルク"",""狙い"":""◎－▲"",""金額"":200,""予算内比率"":""10%""},{""スタイル"":""標準"",""券種"":""三連複"",""買い目"":""8 サンライズオスカー - 4 ソウルアンドジャズ - 9 ポッドフォルク"",""狙い"":""◎○▲の中心"",""金額"":300,""予算内比率"":""15%""},{""スタイル"":""標準"",""券種"":""三連複"",""買い目"":""8 サンライズオスカー - 4 ソウルアンドジャズ - 2 タガノヘラクレス"",""狙い"":""◎○－△"",""金額"":200,""予算内比率"":""10%""},{""スタイル"":""標準"",""券種"":""三連複"",""買い目"":""8 サンライズオスカー - 9 ポッドフォルク - 11 テンエースワン"",""狙い"":""◎▲－△"",""金額"":200,""予算内比率"":""10%""}]",,,,,,,,,,,,,,,
2026-09-27|阪神|12R|5fd7fdaa8535f9a0|morning|NA,2026-09-26T20:17:17+09:00,1.7,2026-09-27,阪神,12R,3歳以上2勝クラス,ダート,2000,良,11,テンエースワン,△,5,0.0610418272122697,0.3401721600829989,26.194746245127952,1.9954389403257409,28.190185185453693,25.7,4,,,morning,,,True,標準,2000.0,"[{""スタイル"":""標準"",""券種"":""単勝"",""買い目"":""8 サンライズオスカー"",""狙い"":""◎の勝ち切り"",""金額"":300,""予算内比率"":""15%""},{""スタイル"":""標準"",""券種"":""馬連"",""買い目"":""8 サンライズオスカー - 4 ソウルアンドジャズ"",""狙い"":""◎－○の本線"",""金額"":300,""予算内比率"":""15%""},{""スタイル"":""標準"",""券種"":""ワイド"",""買い目"":""8 サンライズオスカー - 4 ソウルアンドジャズ"",""狙い"":""◎－○の安定側"",""金額"":300,""予算内比率"":""15%""},{""スタイル"":""標準"",""券種"":""馬連"",""買い目"":""8 サンライズオスカー - 9 ポッドフォルク"",""狙い"":""◎－▲の押さえ"",""金額"":200,""予算内比率"":""10%""},{""スタイル"":""標準"",""券種"":""ワイド"",""買い目"":""8 サンライズオスカー - 9 ポッドフォルク"",""狙い"":""◎－▲"",""金額"":200,""予算内比率"":""10%""},{""スタイル"":""標準"",""券種"":""三連複"",""買い目"":""8 サンライズオスカー - 4 ソウルアンドジャズ - 9 ポッドフォルク"",""狙い"":""◎○▲の中心"",""金額"":300,""予算内比率"":""15%""},{""スタイル"":""標準"",""券種"":""三連複"",""買い目"":""8 サンライズオスカー - 4 ソウルアンドジャズ - 2 タガノヘラクレス"",""狙い"":""◎○－△"",""金額"":200,""予算内比率"":""10%""},{""スタイル"":""標準"",""券種"":""三連複"",""買い目"":""8 サンライズオスカー - 9 ポッドフォルク - 11 テンエースワン"",""狙い"":""◎▲－△"",""金額"":200,""予算内比率"":""10%""}]",,,,,,,,,,,,,,,
2026-09-27|阪神|12R|5fd7fdaa8535f9a0|morning|NA,2026-09-26T20:17:17+09:00,1.7,2026-09-27,阪神,12R,3歳以上2勝クラス,ダート,2000,良,12,エンマ,注,10,0.0123539442667837,0.089425267230867,8.568242718043157,2.4,10.968242718043156,64.7,10,,,morning,,,True,標準,2000.0,"[{""スタイル"":""標準"",""券種"":""単勝"",""買い目"":""8 サンライズオスカー"",""狙い"":""◎の勝ち切り"",""金額"":300,""予算内比率"":""15%""},{""スタイル"":""標準"",""券種"":""馬連"",""買い目"":""8 サンライズオスカー - 4 ソウルアンドジャズ"",""狙い"":""◎－○の本線"",""金額"":300,""予算内比率"":""15%""},{""スタイル"":""標準"",""券種"":""ワイド"",""買い目"":""8 サンライズオスカー - 4 ソウルアンドジャズ"",""狙い"":""◎－○の安定側"",""金額"":300,""予算内比率"":""15%""},{""スタイル"":""標準"",""券種"":""馬連"",""買い目"":""8 サンライズオスカー - 9 ポッドフォルク"",""狙い"":""◎－▲の押さえ"",""金額"":200,""予算内比率"":""10%""},{""スタイル"":""標準"",""券種"":""ワイド"",""買い目"":""8 サンライズオスカー - 9 ポッドフォルク"",""狙い"":""◎－▲"",""金額"":200,""予算内比率"":""10%""},{""スタイル"":""標準"",""券種"":""三連複"",""買い目"":""8 サンライズオスカー - 4 ソウルアンドジャズ - 9 ポッドフォルク"",""狙い"":""◎○▲の中心"",""金額"":300,""予算内比率"":""15%""},{""スタイル"":""標準"",""券種"":""三連複"",""買い目"":""8 サンライズオスカー - 4 ソウルアンドジャズ - 2 タガノヘラクレス"",""狙い"":""◎○－△"",""金額"":200,""予算内比率"":""10%""},{""スタイル"":""標準"",""券種"":""三連複"",""買い目"":""8 サンライズオスカー - 9 ポッドフォルク - 11 テンエースワン"",""狙い"":""◎▲－△"",""金額"":200,""予算内比率"":""10%""}]",,,,,,,,,,,,,,,
