snapshot_id,recorded_at,champion_version,snapshot_type,date,course,race_no,race_name,surface,distance,going,horse_no,horse_name,jockey,trainer,true_date,feature_source,quality_flag,missing_feature_count,raw_win_prob,raw_top3_prob,raw_ai_index,base_win_prob,base_top3_prob,base_ai_index,pred_rank,pred_mark,actual_finish,actual_win,actual_top3,settled_at,result_url,result_quality,gate,age,weight,body_weight,body_weight_diff,recent_avg_finish,recent_top3_rate,recent_avg_margin,recent_avg_last3f_rank,recent_avg_popularity,distance_top3_rate,course_top3_rate,surface_top3_rate,jockey_top3_rate,trainer_top3_rate,gate_condition_top3_rate,prev_finish,prev_margin,prev_last3f_rank,distance_change,days_since_last,body_weight_change_from_prev,class_change,race_class_score,running_style_score,odds,popularity,implied_prob,log_odds,horse_going_top3_rate,jockey_course_top3_rate,jockey_surface_top3_rate,jockey_distance_top3_rate,jockey_going_top3_rate,jockey_trainer_top3_rate,trainer_course_top3_rate,trainer_surface_top3_rate,trainer_distance_top3_rate,field_size,market_prob_norm,market_rank_pct,popularity_pct,recent_top3_rate_rank_pct,jockey_top3_rate_rank_pct,trainer_top3_rate_rank_pct,distance_top3_rate_rank_pct,course_top3_rate_rank_pct,surface_top3_rate_rank_pct,sex,running_style,race_class
2026-10-11|京都|1R|dfeda53af535dac7,2026-10-11T07:40:27+09:00,base-1.12-calibrated,course_batch,2026-10-11,京都,1R,2歳未勝利,ダート,1200,良,10,トリオハピネス,川又,佐藤悠,True,streamlit_course_batch,feature_missing,15,0.0740917955694063,0.1500293828509695,70.900780238096,0.0740917955694063,0.1500293828509695,70.900780238096,1,◎,,,,,,,6,2,56.0,,,8.025185683020558,0.2150045666821761,3.4394014331558185,7.494719668074899,7.75818987058195,0.2150045666821761,0.2150045666821761,0.2150045666821761,0.2150045666821761,0.2150045666821761,0.2037037037037037,,,,0.0,,0.0,0.0,2,,,,,,0.2092924241400283,0.2150045666821761,0.2150045666821761,0.2150045666821761,0.2150045666821761,0.2150045666821761,0.2150045666821761,0.2150045666821761,0.2150045666821761,15.0,,,,0.5333333333333333,0.5333333333333333,0.5333333333333333,0.5333333333333333,0.5333333333333333,0.5333333333333333,牡,,未勝利
2026-10-11|京都|1R|dfeda53af535dac7,2026-10-11T07:40:27+09:00,base-1.12-calibrated,course_batch,2026-10-11,京都,1R,2歳未勝利,ダート,1200,良,11,ジーティーキャメル,☆田山,宮地,True,streamlit_course_batch,feature_missing,15,0.0740917955694063,0.1495685570005568,70.88925959183568,0.0740917955694063,0.1495685570005568,70.88925959183568,2,○,,,,,,,6,2,55.0,,,8.025185683020558,0.2150045666821761,3.4394014331558185,7.494719668074899,7.75818987058195,0.2150045666821761,0.2150045666821761,0.2150045666821761,0.2150045666821761,0.2150045666821761,0.2037037037037037,,,,0.0,,0.0,0.0,2,,,,,,0.2092924241400283,0.2150045666821761,0.2150045666821761,0.2150045666821761,0.2150045666821761,0.2150045666821761,0.2150045666821761,0.2150045666821761,0.2150045666821761,15.0,,,,0.5333333333333333,0.5333333333333333,0.5333333333333333,0.5333333333333333,0.5333333333333333,0.5333333333333333,牡,,未勝利
2026-10-11|京都|1R|dfeda53af535dac7,2026-10-11T07:40:27+09:00,base-1.12-calibrated,course_batch,2026-10-11,京都,1R,2歳未勝利,ダート,1200,良,13,テリオスベラ,松山,松下,True,streamlit_course_batch,feature_missing,15,0.0740917955694063,0.1422829999693551,70.70712066605564,0.0740917955694063,0.1422829999693551,70.70712066605564,3,▲,,,,,,,7,2,55.0,,,8.025185683020558,0.2150045666821761,3.4394014331558185,7.494719668074899,7.75818987058195,0.2150045666821761,0.2150045666821761,0.2150045666821761,0.2150045666821761,0.2150045666821761,0.2092574734811957,,,,0.0,,0.0,0.0,2,,,,,,0.2092924241400283,0.2150045666821761,0.2150045666821761,0.2150045666821761,0.2150045666821761,0.2150045666821761,0.2150045666821761,0.2150045666821761,0.2150045666821761,15.0,,,,0.5333333333333333,0.5333333333333333,0.5333333333333333,0.5333333333333333,0.5333333333333333,0.5333333333333333,牝,,未勝利
2026-10-11|京都|1R|dfeda53af535dac7,2026-10-11T07:40:27+09:00,base-1.12-calibrated,course_batch,2026-10-11,京都,1R,2歳未勝利,ダート,1200,良,12,ヤマトデュノール,▲森田,安達,True,streamlit_course_batch,feature_missing,15,0.0684216048970913,0.1438647457500626,65.77226207253854,0.0684216048970913,0.1438647457500626,65.77226207253854,4,△,,,,,,,7,2,53.0,,,8.025185683020558,0.2150045666821761,3.4394014331558185,7.494719668074899,7.75818987058195,0.2150045666821761,0.2150045666821761,0.2150045666821761,0.2150045666821761,0.2150045666821761,0.2092574734811957,,,,0.0,,0.0,0.0,2,,,,,,0.2092924241400283,0.2150045666821761,0.2150045666821761,0.2150045666821761,0.2150045666821761,0.2150045666821761,0.2150045666821761,0.2150045666821761,0.2150045666821761,15.0,,,,0.5333333333333333,0.5333333333333333,0.5333333333333333,0.5333333333333333,0.5333333333333333,0.5333333333333333,牡,,未勝利
2026-10-11|京都|1R|dfeda53af535dac7,2026-10-11T07:40:27+09:00,base-1.12-calibrated,course_batch,2026-10-11,京都,1R,2歳未勝利,ダート,1200,良,14,シガレス,◇今村,武幸,True,streamlit_course_batch,feature_missing,15,0.0684216048970913,0.1368123276331927,65.59595161961678,0.0684216048970913,0.1368123276331927,65.59595161961678,5,△,,,,,,,8,2,53.0,,,8.025185683020558,0.2150045666821761,3.4394014331558185,7.494719668074899,7.75818987058195,0.2150045666821761,0.2150045666821761,0.2150045666821761,0.2150045666821761,0.2150045666821761,0.2203552568410945,,,,0.0,,0.0,0.0,2,,,,,,0.2092924241400283,0.2150045666821761,0.2150045666821761,0.2150045666821761,0.2150045666821761,0.2150045666821761,0.2150045666821761,0.2150045666821761,0.2150045666821761,15.0,,,,0.5333333333333333,0.5333333333333333,0.5333333333333333,0.5333333333333333,0.5333333333333333,0.5333333333333333,牝,,未勝利
2026-10-11|京都|1R|dfeda53af535dac7,2026-10-11T07:40:27+09:00,base-1.12-calibrated,course_batch,2026-10-11,京都,1R,2歳未勝利,ダート,1200,良,15,ユイパルティ,▲大久保,平田,True,streamlit_course_batch,feature_missing,15,0.0684216048970913,0.1311069667644522,65.45331759789826,0.0684216048970913,0.1311069667644522,65.45331759789826,6,☆,,,,,,,8,2,52.0,,,8.025185683020558,0.2150045666821761,3.4394014331558185,7.494719668074899,7.75818987058195,0.2150045666821761,0.2150045666821761,0.2150045666821761,0.2150045666821761,0.2150045666821761,0.2203552568410945,,,,0.0,,0.0,0.0,2,,,,,,0.2092924241400283,0.2150045666821761,0.2150045666821761,0.2150045666821761,0.2150045666821761,0.2150045666821761,0.2150045666821761,0.2150045666821761,0.2150045666821761,15.0,,,,0.5333333333333333,0.5333333333333333,0.5333333333333333,0.5333333333333333,0.5333333333333333,0.5333333333333333,牝,,未勝利
2026-10-11|京都|1R|dfeda53af535dac7,2026-10-11T07:40:27+09:00,base-1.12-calibrated,course_batch,2026-10-11,京都,1R,2歳未勝利,ダート,1200,良,8,ナムラモモタロー,小沢,羽月,True,streamlit_course_batch,feature_missing,15,0.0667430423483419,0.1481788972372481,64.40752952502059,0.0667430423483419,0.1481788972372481,64.40752952502059,7,☆,,,,,,,5,2,56.0,,,8.025185683020558,0.2150045666821761,3.4394014331558185,7.494719668074899,7.75818987058195,0.2150045666821761,0.2150045666821761,0.2150045666821761,0.2150045666821761,0.2150045666821761,0.2134328358208955,,,,0.0,,0.0,0.0,2,,,,,,0.2092924241400283,0.2150045666821761,0.2150045666821761,0.2150045666821761,0.2150045666821761,0.2150045666821761,0.2150045666821761,0.2150045666821761,0.2150045666821761,15.0,,,,0.5333333333333333,0.5333333333333333,0.5333333333333333,0.5333333333333333,0.5333333333333333,0.5333333333333333,牡,,未勝利
2026-10-11|京都|1R|dfeda53af535dac7,2026-10-11T07:40:27+09:00,base-1.12-calibrated,course_batch,2026-10-11,京都,1R,2歳未勝利,ダート,1200,良,9,アイルエクラ,松若,新谷,True,streamlit_course_batch,feature_missing,15,0.0667430423483419,0.1481788972372481,64.40752952502059,0.0667430423483419,0.1481788972372481,64.40752952502059,8,注,,,,,,,5,2,56.0,,,8.025185683020558,0.2150045666821761,3.4394014331558185,7.494719668074899,7.75818987058195,0.2150045666821761,0.2150045666821761,0.2150045666821761,0.2150045666821761,0.2150045666821761,0.2134328358208955,,,,0.0,,0.0,0.0,2,,,,,,0.2092924241400283,0.2150045666821761,0.2150045666821761,0.2150045666821761,0.2150045666821761,0.2150045666821761,0.2150045666821761,0.2150045666821761,0.2150045666821761,15.0,,,,0.5333333333333333,0.5333333333333333,0.5333333333333333,0.5333333333333333,0.5333333333333333,0.5333333333333333,牡,,未勝利
2026-10-11|京都|1R|dfeda53af535dac7,2026-10-11T07:40:27+09:00,base-1.12-calibrated,course_batch,2026-10-11,京都,1R,2歳未勝利,ダート,1200,良,4,スティルラブハー,斎藤,杉山佳,True,streamlit_course_batch,feature_missing,15,0.0647651701036362,0.1471444692635889,62.646501052812255,0.0647651701036362,0.1471444692635889,62.646501052812255,9,注,,,,,,,3,2,56.0,,,8.025185683020558,0.2150045666821761,3.4394014331558185,7.494719668074899,7.75818987058195,0.2150045666821761,0.2150045666821761,0.2150045666821761,0.2150045666821761,0.2150045666821761,0.1947089947089947,,,,0.0,,0.0,0.0,2,,,,,,0.2092924241400283,0.2150045666821761,0.2150045666821761,0.2150045666821761,0.2150045666821761,0.2150045666821761,0.2150045666821761,0.2150045666821761,0.2150045666821761,15.0,,,,0.5333333333333333,0.5333333333333333,0.5333333333333333,0.5333333333333333,0.5333333333333333,0.5333333333333333,牡,,未勝利
2026-10-11|京都|1R|dfeda53af535dac7,2026-10-11T07:40:27+09:00,base-1.12-calibrated,course_batch,2026-10-11,京都,1R,2歳未勝利,ダート,1200,良,5,スイートモンブラン,田口,松下,True,streamlit_course_batch,feature_missing,15,0.0647651701036362,0.14018941975486,62.47262481509404,0.0647651701036362,0.14018941975486,62.47262481509404,10,注,,,,,,,3,2,55.0,,,8.025185683020558,0.2150045666821761,3.4394014331558185,7.494719668074899,7.75818987058195,0.2150045666821761,0.2150045666821761,0.2150045666821761,0.2150045666821761,0.2150045666821761,0.1947089947089947,,,,0.0,,0.0,0.0,2,,,,,,0.2092924241400283,0.2150045666821761,0.2150045666821761,0.2150045666821761,0.2150045666821761,0.2150045666821761,0.2150045666821761,0.2150045666821761,0.2150045666821761,15.0,,,,0.5333333333333333,0.5333333333333333,0.5333333333333333,0.5333333333333333,0.5333333333333333,0.5333333333333333,牝,,未勝利
2026-10-11|京都|1R|dfeda53af535dac7,2026-10-11T07:40:27+09:00,base-1.12-calibrated,course_batch,2026-10-11,京都,1R,2歳未勝利,ダート,1200,良,6,グランモンターナ,古川吉,井上,True,streamlit_course_batch,feature_missing,15,0.0638858052811102,0.1480639742221353,61.89803060878181,0.0638858052811102,0.1480639742221353,61.89803060878181,11,×,,,,,,,4,2,56.0,,,8.025185683020558,0.2150045666821761,3.4394014331558185,7.494719668074899,7.75818987058195,0.2150045666821761,0.2150045666821761,0.2150045666821761,0.2150045666821761,0.2150045666821761,0.1890648952478283,,,,0.0,,0.0,0.0,2,,,,,,0.2092924241400283,0.2150045666821761,0.2150045666821761,0.2150045666821761,0.2150045666821761,0.2150045666821761,0.2150045666821761,0.2150045666821761,0.2150045666821761,15.0,,,,0.5333333333333333,0.5333333333333333,0.5333333333333333,0.5333333333333333,0.5333333333333333,0.5333333333333333,牡,,未勝利
2026-10-11|京都|1R|dfeda53af535dac7,2026-10-11T07:40:27+09:00,base-1.12-calibrated,course_batch,2026-10-11,京都,1R,2歳未勝利,ダート,1200,良,7,タガノレクシア,幸,鈴木孝,True,streamlit_course_batch,feature_missing,15,0.0638858052811102,0.1480639742221353,61.89803060878181,0.0638858052811102,0.1480639742221353,61.89803060878181,12,×,,,,,,,4,2,56.0,,,8.025185683020558,0.2150045666821761,3.4394014331558185,7.494719668074899,7.75818987058195,0.2150045666821761,0.2150045666821761,0.2150045666821761,0.2150045666821761,0.2150045666821761,0.1890648952478283,,,,0.0,,0.0,0.0,2,,,,,,0.2092924241400283,0.2150045666821761,0.2150045666821761,0.2150045666821761,0.2150045666821761,0.2150045666821761,0.2150045666821761,0.2150045666821761,0.2150045666821761,15.0,,,,0.5333333333333333,0.5333333333333333,0.5333333333333333,0.5333333333333333,0.5333333333333333,0.5333333333333333,牡,,未勝利
2026-10-11|京都|1R|dfeda53af535dac7,2026-10-11T07:40:27+09:00,base-1.12-calibrated,course_batch,2026-10-11,京都,1R,2歳未勝利,ダート,1200,良,1,サウンドエフォート,吉田隼,安達,True,streamlit_course_batch,feature_missing,15,0.0622563963502477,0.1457517491373742,60.41076063014971,0.0622563963502477,0.1457517491373742,60.41076063014971,13,×,,,,,,,1,2,56.0,,,8.025185683020558,0.2150045666821761,3.4394014331558185,7.494719668074899,7.75818987058195,0.2150045666821761,0.2150045666821761,0.2150045666821761,0.2150045666821761,0.2150045666821761,0.1965558194774346,,,,0.0,,0.0,0.0,2,,,,,,0.2092924241400283,0.2150045666821761,0.2150045666821761,0.2150045666821761,0.2150045666821761,0.2150045666821761,0.2150045666821761,0.2150045666821761,0.2150045666821761,15.0,,,,0.5333333333333333,0.5333333333333333,0.5333333333333333,0.5333333333333333,0.5333333333333333,0.5333333333333333,牡,,未勝利
2026-10-11|京都|1R|dfeda53af535dac7,2026-10-11T07:40:27+09:00,base-1.12-calibrated,course_batch,2026-10-11,京都,1R,2歳未勝利,ダート,1200,良,3,コパノキャンペーン,★河原田,渡辺,True,streamlit_course_batch,feature_missing,15,0.0597076833920411,0.1356519027713036,57.92230378182502,0.0597076833920411,0.1356519027713036,57.92230378182502,14,×,,,,,,,2,2,52.0,,,8.025185683020558,0.2150045666821761,3.4394014331558185,7.494719668074899,7.75818987058195,0.2150045666821761,0.2150045666821761,0.2150045666821761,0.2150045666821761,0.2150045666821761,0.1943207126948775,,,,0.0,,0.0,0.0,2,,,,,,0.2092924241400283,0.2150045666821761,0.2150045666821761,0.2150045666821761,0.2150045666821761,0.2150045666821761,0.2150045666821761,0.2150045666821761,0.2150045666821761,15.0,,,,0.5333333333333333,0.5333333333333333,0.5333333333333333,0.5333333333333333,0.5333333333333333,0.5333333333333333,牡,,未勝利
2026-10-11|京都|1R|dfeda53af535dac7,2026-10-11T07:40:27+09:00,base-1.12-calibrated,course_batch,2026-10-11,京都,1R,2歳未勝利,ダート,1200,良,2,チョウサクラ,◇古川奈,羽月,True,streamlit_course_batch,feature_missing,15,0.0597076833920411,0.1343401651600234,57.889510341543016,0.0597076833920411,0.1343401651600234,57.889510341543016,15,×,,,,,,,2,2,53.0,,,8.025185683020558,0.2150045666821761,3.4394014331558185,7.494719668074899,7.75818987058195,0.2150045666821761,0.2150045666821761,0.2150045666821761,0.2150045666821761,0.2150045666821761,0.1943207126948775,,,,0.0,,0.0,0.0,2,,,,,,0.2092924241400283,0.2150045666821761,0.2150045666821761,0.2150045666821761,0.2150045666821761,0.2150045666821761,0.2150045666821761,0.2150045666821761,0.2150045666821761,15.0,,,,0.5333333333333333,0.5333333333333333,0.5333333333333333,0.5333333333333333,0.5333333333333333,0.5333333333333333,牝,,未勝利
2026-10-11|京都|2R|d70fdab6b200f681,2026-10-11T07:40:27+09:00,base-1.12-calibrated,course_batch,2026-10-11,京都,2R,2歳未勝利,芝,2000,良,10,パーセンタイル,▲森田,前川,True,streamlit_course_batch,feature_missing,15,0.1087446243643173,0.1642364144093813,71.2559560270563,0.1087446243643173,0.1642364144093813,71.2559560270563,1,◎,,,,,,,8,2,53.0,,,8.025185683020558,0.2150045666821761,3.4394014331558185,7.494719668074899,7.75818987058195,0.2150045666821761,0.2150045666821761,0.2150045666821761,0.2150045666821761,0.2150045666821761,0.2552693208430913,,,,0.0,,0.0,0.0,2,,,,,,0.2213334724419945,0.2150045666821761,0.2150045666821761,0.2150045666821761,0.2150045666821761,0.2150045666821761,0.2150045666821761,0.2150045666821761,0.2150045666821761,10.0,,,,0.55,0.6,0.55,0.55,0.55,0.55,牡,,未勝利
2026-10-11|京都|2R|d70fdab6b200f681,2026-10-11T07:40:27+09:00,base-1.12-calibrated,course_batch,2026-10-11,京都,2R,2歳未勝利,芝,2000,良,3,オンユアマークス,武豊,松永幹,True,streamlit_course_batch,feature_missing,15,0.1030739492031298,0.169608808293282,68.0007292636606,0.1030739492031298,0.169608808293282,68.0007292636606,2,○,,,,,,,3,2,56.0,,,8.025185683020558,0.2150045666821761,3.4394014331558185,7.494719668074899,7.75818987058195,0.2150045666821761,0.2150045666821761,0.2150045666821761,0.3831775700934579,0.2150045666821761,0.2734761120263591,,,,0.0,,0.0,0.0,2,,,,,,0.2213334724419945,0.4127465857359635,0.3637160385626643,0.3903803131991051,0.356851095432603,0.3831775700934579,0.2150045666821761,0.2150045666821761,0.2150045666821761,10.0,,,,0.55,0.1,0.55,0.55,0.55,0.55,牡,,未勝利
2026-10-11|京都|2R|d70fdab6b200f681,2026-10-11T07:40:27+09:00,base-1.12-calibrated,course_batch,2026-10-11,京都,2R,2歳未勝利,芝,2000,良,6,ハヤブサカツオー,吉田隼,岡田,True,streamlit_course_batch,feature_missing,15,0.1003938014693186,0.1724256239998179,66.46914308619608,0.1003938014693186,0.1724256239998179,66.46914308619608,3,▲,,,,,,,6,2,56.0,,,8.025185683020558,0.2150045666821761,3.4394014331558185,7.494719668074899,7.75818987058195,0.2150045666821761,0.2150045666821761,0.2150045666821761,0.2150045666821761,0.2150045666821761,0.2401091405184174,,,,0.0,,0.0,0.0,2,,,,,,0.2213334724419945,0.2150045666821761,0.2150045666821761,0.2150045666821761,0.2150045666821761,0.2150045666821761,0.2150045666821761,0.2150045666821761,0.2150045666821761,10.0,,,,0.55,0.6,0.55,0.55,0.55,0.55,牡,,未勝利
2026-10-11|京都|2R|d70fdab6b200f681,2026-10-11T07:40:27+09:00,base-1.12-calibrated,course_batch,2026-10-11,京都,2R,2歳未勝利,芝,2000,良,7,ツーエムブレード,☆田山,東田,True,streamlit_course_batch,feature_missing,15,0.1003938014693186,0.1719099198929811,66.45625048352515,0.1003938014693186,0.1719099198929811,66.45625048352515,4,△,,,,,,,7,2,55.0,,,8.025185683020558,0.2150045666821761,3.4394014331558185,7.494719668074899,7.75818987058195,0.2150045666821761,0.2150045666821761,0.2150045666821761,0.2150045666821761,0.2150045666821761,0.2435105067985166,,,,0.0,,0.0,0.0,2,,,,,,0.2213334724419945,0.2150045666821761,0.2150045666821761,0.2150045666821761,0.2150045666821761,0.2150045666821761,0.2150045666821761,0.2150045666821761,0.2150045666821761,10.0,,,,0.55,0.6,0.55,0.55,0.55,0.55,牡,,未勝利
2026-10-11|京都|2R|d70fdab6b200f681,2026-10-11T07:40:27+09:00,base-1.12-calibrated,course_batch,2026-10-11,京都,2R,2歳未勝利,芝,2000,良,9,ソウカイファンキー,松若,杉山佳,True,streamlit_course_batch,feature_missing,15,0.1003938014693186,0.1682065621558725,66.36366654009744,0.1003938014693186,0.1682065621558725,66.36366654009744,5,△,,,,,,,8,2,56.0,,,8.025185683020558,0.2150045666821761,3.4394014331558185,7.494719668074899,7.75818987058195,0.2150045666821761,0.2150045666821761,0.2150045666821761,0.2150045666821761,0.2150045666821761,0.2552693208430913,,,,0.0,,0.0,0.0,2,,,,,,0.2213334724419945,0.2150045666821761,0.2150045666821761,0.2150045666821761,0.2150045666821761,0.2150045666821761,0.2150045666821761,0.2150045666821761,0.2150045666821761,10.0,,,,0.55,0.6,0.55,0.55,0.55,0.55,牡,,未勝利
2026-10-11|京都|2R|d70fdab6b200f681,2026-10-11T07:40:27+09:00,base-1.12-calibrated,course_batch,2026-10-11,京都,2R,2歳未勝利,芝,2000,良,8,ウィナーズチェック,松山,和田勇,True,streamlit_course_batch,feature_missing,15,0.1003938014693186,0.1636112667545204,66.24878415506365,0.1003938014693186,0.1636112667545204,66.24878415506365,6,☆,,,,,,,7,2,55.0,,,8.025185683020558,0.2150045666821761,3.4394014331558185,7.494719668074899,7.75818987058195,0.2150045666821761,0.2150045666821761,0.2150045666821761,0.2150045666821761,0.2150045666821761,0.2435105067985166,,,,0.0,,0.0,0.0,2,,,,,,0.2213334724419945,0.2150045666821761,0.2150045666821761,0.2150045666821761,0.2150045666821761,0.2150045666821761,0.2150045666821761,0.2150045666821761,0.2150045666821761,10.0,,,,0.55,0.6,0.55,0.55,0.55,0.55,牝,,未勝利
2026-10-11|京都|2R|d70fdab6b200f681,2026-10-11T07:40:27+09:00,base-1.12-calibrated,course_batch,2026-10-11,京都,2R,2歳未勝利,芝,2000,良,2,ロードフローリス,田口,小椋,True,streamlit_course_batch,feature_missing,15,0.0982430430294205,0.1707125741659544,65.14074250129049,0.0982430430294205,0.1707125741659544,65.14074250129049,7,☆,,,,,,,2,2,56.0,,,8.025185683020558,0.2150045666821761,3.4394014331558185,7.494719668074899,7.75818987058195,0.2150045666821761,0.2150045666821761,0.2150045666821761,0.2150045666821761,0.2150045666821761,0.2478485370051635,,,,0.0,,0.0,0.0,2,,,,,,0.2213334724419945,0.2150045666821761,0.2150045666821761,0.2150045666821761,0.2150045666821761,0.2150045666821761,0.2150045666821761,0.2150045666821761,0.2150045666821761,10.0,,,,0.55,0.6,0.55,0.55,0.55,0.55,牡,,未勝利
2026-10-11|京都|2R|d70fdab6b200f681,2026-10-11T07:40:27+09:00,base-1.12-calibrated,course_batch,2026-10-11,京都,2R,2歳未勝利,芝,2000,良,5,ジーティールーナ,国分恭,緒方,True,streamlit_course_batch,feature_missing,15,0.0982430430294205,0.1636112667545204,64.96320981600464,0.0982430430294205,0.1636112667545204,64.96320981600464,8,注,,,,,,,5,2,55.0,,,8.025185683020558,0.2150045666821761,3.4394014331558185,7.494719668074899,7.75818987058195,0.2150045666821761,0.2150045666821761,0.2150045666821761,0.2150045666821761,0.2150045666821761,0.25,,,,0.0,,0.0,0.0,2,,,,,,0.2213334724419945,0.2150045666821761,0.2150045666821761,0.2150045666821761,0.2150045666821761,0.2150045666821761,0.2150045666821761,0.2150045666821761,0.2150045666821761,10.0,,,,0.55,0.6,0.55,0.55,0.55,0.55,牝,,未勝利
2026-10-11|京都|2R|d70fdab6b200f681,2026-10-11T07:40:27+09:00,base-1.12-calibrated,course_batch,2026-10-11,京都,2R,2歳未勝利,芝,2000,良,4,ルパドゥクール,北村友,上村,True,streamlit_course_batch,feature_missing,15,0.0955659659471117,0.1636112667545204,63.36303866853626,0.0955659659471117,0.1636112667545204,63.36303866853626,9,注,,,,,,,4,2,55.0,,,8.025185683020558,0.2150045666821761,3.4394014331558185,7.494719668074899,7.75818987058195,0.2150045666821761,0.2150045666821761,0.2150045666821761,0.2150045666821761,0.2150045666821761,0.2874806800618238,,,,0.0,,0.0,0.0,2,,,,,,0.2213334724419945,0.2150045666821761,0.2150045666821761,0.2150045666821761,0.2150045666821761,0.2150045666821761,0.2150045666821761,0.2150045666821761,0.2150045666821761,10.0,,,,0.55,0.6,0.55,0.55,0.55,0.55,牝,,未勝利
2026-10-11|京都|2R|d70fdab6b200f681,2026-10-11T07:40:27+09:00,base-1.12-calibrated,course_batch,2026-10-11,京都,2R,2歳未勝利,芝,2000,良,1,プラトーローザ,小沢,羽月,True,streamlit_course_batch,feature_missing,15,0.0945541685493257,0.1620923107551203,62.720282405831774,0.0945541685493257,0.1620923107551203,62.720282405831774,10,注,,,,,,,1,2,55.0,,,8.025185683020558,0.2150045666821761,3.4394014331558185,7.494719668074899,7.75818987058195,0.2150045666821761,0.2150045666821761,0.2150045666821761,0.2150045666821761,0.2150045666821761,0.2704174228675136,,,,0.0,,0.0,0.0,2,,,,,,0.2213334724419945,0.2150045666821761,0.2150045666821761,0.2150045666821761,0.2150045666821761,0.2150045666821761,0.2150045666821761,0.2150045666821761,0.2150045666821761,10.0,,,,0.55,0.6,0.55,0.55,0.55,0.55,牝,,未勝利
2026-10-11|京都|3R|0b57bf58536b8544,2026-10-11T07:40:27+09:00,base-1.12-calibrated,course_batch,2026-10-11,京都,3R,2歳新馬,ダート,1400,良,11,マイエスタ,北村友,中村,True,streamlit_course_batch,feature_missing,15,0.0676400621191616,0.1452589934389677,70.78152050279596,0.0676400621191616,0.1452589934389677,70.78152050279596,1,◎,,,,,,,6,2,55.0,,,8.025185683020558,0.2150045666821761,3.4394014331558185,7.494719668074899,7.75818987058195,0.2150045666821761,0.2150045666821761,0.2150045666821761,0.2150045666821761,0.2150045666821761,0.2037037037037037,,,,0.0,,0.0,0.0,1,,,,,,0.2092924241400283,0.2150045666821761,0.2150045666821761,0.2150045666821761,0.2150045666821761,0.2150045666821761,0.2150045666821761,0.2150045666821761,0.2150045666821761,16.0,,,,0.53125,0.53125,0.53125,0.53125,0.53125,0.53125,牝,,新馬
2026-10-11|京都|3R|0b57bf58536b8544,2026-10-11T07:40:27+09:00,base-1.12-calibrated,course_batch,2026-10-11,京都,3R,2歳新馬,ダート,1400,良,12,アンジュエール,鮫島駿,前川,True,streamlit_course_batch,feature_missing,15,0.0676400621191616,0.1452589934389677,70.78152050279596,0.0676400621191616,0.1452589934389677,70.78152050279596,2,○,,,,,,,6,2,55.0,,,8.025185683020558,0.2150045666821761,3.4394014331558185,7.494719668074899,7.75818987058195,0.2150045666821761,0.2150045666821761,0.2150045666821761,0.2150045666821761,0.2150045666821761,0.2037037037037037,,,,0.0,,0.0,0.0,1,,,,,,0.2092924241400283,0.2150045666821761,0.2150045666821761,0.2150045666821761,0.2150045666821761,0.2150045666821761,0.2150045666821761,0.2150045666821761,0.2150045666821761,16.0,,,,0.53125,0.53125,0.53125,0.53125,0.53125,0.53125,牝,,新馬
2026-10-11|京都|3R|0b57bf58536b8544,2026-10-11T07:40:27+09:00,base-1.12-calibrated,course_batch,2026-10-11,京都,3R,2歳新馬,ダート,1400,良,13,クレセンティア,坂井,田中克,True,streamlit_course_batch,feature_missing,15,0.0676400621191616,0.1452589934389677,70.78152050279596,0.0676400621191616,0.1452589934389677,70.78152050279596,3,▲,,,,,,,7,2,55.0,,,8.025185683020558,0.2150045666821761,3.4394014331558185,7.494719668074899,7.75818987058195,0.2150045666821761,0.2150045666821761,0.2150045666821761,0.2150045666821761,0.2150045666821761,0.2092574734811957,,,,0.0,,0.0,0.0,1,,,,,,0.2092924241400283,0.2150045666821761,0.2150045666821761,0.2150045666821761,0.2150045666821761,0.2150045666821761,0.2150045666821761,0.2150045666821761,0.2150045666821761,16.0,,,,0.53125,0.53125,0.53125,0.53125,0.53125,0.53125,牝,,新馬
2026-10-11|京都|3R|0b57bf58536b8544,2026-10-11T07:40:27+09:00,base-1.12-calibrated,course_batch,2026-10-11,京都,3R,2歳新馬,ダート,1400,良,14,メネルブ,川須,中尾,True,streamlit_course_batch,feature_missing,15,0.0676400621191616,0.1452589934389677,70.78152050279596,0.0676400621191616,0.1452589934389677,70.78152050279596,4,△,,,,,,,7,2,55.0,,,8.025185683020558,0.2150045666821761,3.4394014331558185,7.494719668074899,7.75818987058195,0.2150045666821761,0.2150045666821761,0.2150045666821761,0.2150045666821761,0.2150045666821761,0.2092574734811957,,,,0.0,,0.0,0.0,1,,,,,,0.2092924241400283,0.2150045666821761,0.2150045666821761,0.2150045666821761,0.2150045666821761,0.2150045666821761,0.2150045666821761,0.2150045666821761,0.2150045666821761,16.0,,,,0.53125,0.53125,0.53125,0.53125,0.53125,0.53125,牝,,新馬
2026-10-11|京都|3R|0b57bf58536b8544,2026-10-11T07:40:27+09:00,base-1.12-calibrated,course_batch,2026-10-11,京都,3R,2歳新馬,ダート,1400,良,15,リバティサンライズ,国分優,羽月,True,streamlit_course_batch,feature_missing,15,0.0676400621191616,0.144443552504845,70.76113447944289,0.0676400621191616,0.144443552504845,70.76113447944289,5,△,,,,,,,8,2,55.0,,,8.025185683020558,0.2150045666821761,3.4394014331558185,7.494719668074899,7.75818987058195,0.2150045666821761,0.2150045666821761,0.2150045666821761,0.2150045666821761,0.2150045666821761,0.2203552568410945,,,,0.0,,0.0,0.0,1,,,,,,0.2092924241400283,0.2150045666821761,0.2150045666821761,0.2150045666821761,0.2150045666821761,0.2150045666821761,0.2150045666821761,0.2150045666821761,0.2150045666821761,16.0,,,,0.53125,0.53125,0.53125,0.53125,0.53125,0.53125,牝,,新馬
2026-10-11|京都|3R|0b57bf58536b8544,2026-10-11T07:40:27+09:00,base-1.12-calibrated,course_batch,2026-10-11,京都,3R,2歳新馬,ダート,1400,良,16,テーオーローズ,菱田,岡田,True,streamlit_course_batch,feature_missing,15,0.0676400621191616,0.144443552504845,70.76113447944289,0.0676400621191616,0.144443552504845,70.76113447944289,6,☆,,,,,,,8,2,55.0,,,8.025185683020558,0.2150045666821761,3.4394014331558185,7.494719668074899,7.75818987058195,0.2150045666821761,0.2150045666821761,0.2150045666821761,0.2150045666821761,0.2150045666821761,0.2203552568410945,,,,0.0,,0.0,0.0,1,,,,,,0.2092924241400283,0.2150045666821761,0.2150045666821761,0.2150045666821761,0.2150045666821761,0.2150045666821761,0.2150045666821761,0.2150045666821761,0.2150045666821761,16.0,,,,0.53125,0.53125,0.53125,0.53125,0.53125,0.53125,牝,,新馬
2026-10-11|京都|3R|0b57bf58536b8544,2026-10-11T07:40:27+09:00,base-1.12-calibrated,course_batch,2026-10-11,京都,3R,2歳新馬,ダート,1400,良,10,ウインブリーズ,☆田山,宮本,True,streamlit_course_batch,feature_missing,15,0.0654654757086795,0.1452589934389677,68.6918104662747,0.0654654757086795,0.1452589934389677,68.6918104662747,7,☆,,,,,,,5,2,54.0,,,8.025185683020558,0.2150045666821761,3.4394014331558185,7.494719668074899,7.75818987058195,0.2150045666821761,0.2150045666821761,0.2150045666821761,0.2150045666821761,0.2150045666821761,0.2134328358208955,,,,0.0,,0.0,0.0,1,,,,,,0.2092924241400283,0.2150045666821761,0.2150045666821761,0.2150045666821761,0.2150045666821761,0.2150045666821761,0.2150045666821761,0.2150045666821761,0.2150045666821761,16.0,,,,0.53125,0.53125,0.53125,0.53125,0.53125,0.53125,牝,,新馬
2026-10-11|京都|3R|0b57bf58536b8544,2026-10-11T07:40:27+09:00,base-1.12-calibrated,course_batch,2026-10-11,京都,3R,2歳新馬,ダート,1400,良,9,ルージュミスティカ,幸,大久保,True,streamlit_course_batch,feature_missing,15,0.0610811303597575,0.1434574157900651,64.43355124447481,0.0610811303597575,0.1434574157900651,64.43355124447481,8,注,,,,,,,5,2,55.0,,,8.025185683020558,0.2150045666821761,3.4394014331558185,7.494719668074899,7.75818987058195,0.2150045666821761,0.2150045666821761,0.2150045666821761,0.2150045666821761,0.2150045666821761,0.2134328358208955,,,,0.0,,0.0,0.0,1,,,,,,0.2092924241400283,0.2150045666821761,0.2150045666821761,0.2150045666821761,0.2150045666821761,0.2150045666821761,0.2150045666821761,0.2150045666821761,0.2150045666821761,16.0,,,,0.53125,0.53125,0.53125,0.53125,0.53125,0.53125,牝,,新馬
2026-10-11|京都|3R|0b57bf58536b8544,2026-10-11T07:40:27+09:00,base-1.12-calibrated,course_batch,2026-10-11,京都,3R,2歳新馬,ダート,1400,良,4,ペプチドカトレア,斎藤,小椋,True,streamlit_course_batch,feature_missing,15,0.0593116856425711,0.1431289310842259,62.72495768107421,0.0593116856425711,0.1431289310842259,62.72495768107421,9,注,,,,,,,2,2,55.0,,,8.025185683020558,0.2150045666821761,3.4394014331558185,7.494719668074899,7.75818987058195,0.2150045666821761,0.2150045666821761,0.2150045666821761,0.2150045666821761,0.2150045666821761,0.1943207126948775,,,,0.0,,0.0,0.0,1,,,,,,0.2092924241400283,0.2150045666821761,0.2150045666821761,0.2150045666821761,0.2150045666821761,0.2150045666821761,0.2150045666821761,0.2150045666821761,0.2150045666821761,16.0,,,,0.53125,0.53125,0.53125,0.53125,0.53125,0.53125,牝,,新馬
2026-10-11|京都|3R|0b57bf58536b8544,2026-10-11T07:40:27+09:00,base-1.12-calibrated,course_batch,2026-10-11,京都,3R,2歳新馬,ダート,1400,良,5,ノーブルヴィジョン,松若,今野,True,streamlit_course_batch,feature_missing,15,0.0593116856425711,0.1431289310842259,62.72495768107421,0.0593116856425711,0.1431289310842259,62.72495768107421,10,注,,,,,,,3,2,55.0,,,8.025185683020558,0.2150045666821761,3.4394014331558185,7.494719668074899,7.75818987058195,0.2150045666821761,0.2150045666821761,0.2150045666821761,0.2150045666821761,0.2150045666821761,0.1947089947089947,,,,0.0,,0.0,0.0,1,,,,,,0.2092924241400283,0.2150045666821761,0.2150045666821761,0.2150045666821761,0.2150045666821761,0.2150045666821761,0.2150045666821761,0.2150045666821761,0.2150045666821761,16.0,,,,0.53125,0.53125,0.53125,0.53125,0.53125,0.53125,牝,,新馬
2026-10-11|京都|3R|0b57bf58536b8544,2026-10-11T07:40:27+09:00,base-1.12-calibrated,course_batch,2026-10-11,京都,3R,2歳新馬,ダート,1400,良,2,テムバンヴァン,高倉,畑端,True,streamlit_course_batch,feature_missing,15,0.0593116856425711,0.14176790016142,62.69093190800407,0.0593116856425711,0.14176790016142,62.69093190800407,11,×,,,,,,,1,2,55.0,,,8.025185683020558,0.2150045666821761,3.4394014331558185,7.494719668074899,7.75818987058195,0.2150045666821761,0.2150045666821761,0.2150045666821761,0.2150045666821761,0.2150045666821761,0.1965558194774346,,,,0.0,,0.0,0.0,1,,,,,,0.2092924241400283,0.2150045666821761,0.2150045666821761,0.2150045666821761,0.2150045666821761,0.2150045666821761,0.2150045666821761,0.2150045666821761,0.2150045666821761,16.0,,,,0.53125,0.53125,0.53125,0.53125,0.53125,0.53125,牝,,新馬
2026-10-11|京都|3R|0b57bf58536b8544,2026-10-11T07:40:27+09:00,base-1.12-calibrated,course_batch,2026-10-11,京都,3R,2歳新馬,ダート,1400,良,6,ギョニソ,◇今村,須貝,True,streamlit_course_batch,feature_missing,15,0.0586363547964991,0.1385006619318071,61.96027897294544,0.0586363547964991,0.1385006619318071,61.96027897294544,12,×,,,,,,,3,2,53.0,,,8.025185683020558,0.2150045666821761,3.4394014331558185,7.494719668074899,7.75818987058195,0.2150045666821761,0.2150045666821761,0.2150045666821761,0.2150045666821761,0.2150045666821761,0.1947089947089947,,,,0.0,,0.0,0.0,1,,,,,,0.2092924241400283,0.2150045666821761,0.2150045666821761,0.2150045666821761,0.2150045666821761,0.2150045666821761,0.2150045666821761,0.2150045666821761,0.2150045666821761,16.0,,,,0.53125,0.53125,0.53125,0.53125,0.53125,0.53125,牝,,新馬
2026-10-11|京都|3R|0b57bf58536b8544,2026-10-11T07:40:27+09:00,base-1.12-calibrated,course_batch,2026-10-11,京都,3R,2歳新馬,ダート,1400,良,7,ダノンエポナ,角田和,千田,True,streamlit_course_batch,feature_missing,15,0.0585244068212242,0.1440275806076109,61.990873410713085,0.0585244068212242,0.1440275806076109,61.990873410713085,13,×,,,,,,,4,2,55.0,,,8.025185683020558,0.2150045666821761,3.4394014331558185,7.494719668074899,7.75818987058195,0.2150045666821761,0.2150045666821761,0.2150045666821761,0.2150045666821761,0.2150045666821761,0.1890648952478283,,,,0.0,,0.0,0.0,1,,,,,,0.2092924241400283,0.2150045666821761,0.2150045666821761,0.2150045666821761,0.2150045666821761,0.2150045666821761,0.2150045666821761,0.2150045666821761,0.2150045666821761,16.0,,,,0.53125,0.53125,0.53125,0.53125,0.53125,0.53125,牝,,新馬
2026-10-11|京都|3R|0b57bf58536b8544,2026-10-11T07:40:27+09:00,base-1.12-calibrated,course_batch,2026-10-11,京都,3R,2歳新馬,ダート,1400,良,8,メイショウノゾミ,太宰,本田,True,streamlit_course_batch,feature_missing,15,0.0585244068212242,0.1440275806076109,61.990873410713085,0.0585244068212242,0.1440275806076109,61.990873410713085,14,×,,,,,,,4,2,55.0,,,8.025185683020558,0.2150045666821761,3.4394014331558185,7.494719668074899,7.75818987058195,0.2150045666821761,0.2150045666821761,0.2150045666821761,0.2150045666821761,0.2150045666821761,0.1890648952478283,,,,0.0,,0.0,0.0,1,,,,,,0.2092924241400283,0.2150045666821761,0.2150045666821761,0.2150045666821761,0.2150045666821761,0.2150045666821761,0.2150045666821761,0.2150045666821761,0.2150045666821761,16.0,,,,0.53125,0.53125,0.53125,0.53125,0.53125,0.53125,牝,,新馬
2026-10-11|京都|3R|0b57bf58536b8544,2026-10-11T07:40:27+09:00,base-1.12-calibrated,course_batch,2026-10-11,京都,3R,2歳新馬,ダート,1400,良,1,ヒメハッカ,松山,寺島,True,streamlit_course_batch,feature_missing,15,0.0570646696606989,0.14176790016142,60.5316193017503,0.0570646696606989,0.14176790016142,60.5316193017503,15,×,,,,,,,1,2,55.0,,,8.025185683020558,0.2150045666821761,3.4394014331558185,7.494719668074899,7.75818987058195,0.2150045666821761,0.2150045666821761,0.2150045666821761,0.2150045666821761,0.2150045666821761,0.1965558194774346,,,,0.0,,0.0,0.0,1,,,,,,0.2092924241400283,0.2150045666821761,0.2150045666821761,0.2150045666821761,0.2150045666821761,0.2150045666821761,0.2150045666821761,0.2150045666821761,0.2150045666821761,16.0,,,,0.53125,0.53125,0.53125,0.53125,0.53125,0.53125,牝,,新馬
2026-10-11|京都|3R|0b57bf58536b8544,2026-10-11T07:40:27+09:00,base-1.12-calibrated,course_batch,2026-10-11,京都,3R,2歳新馬,ダート,1400,良,3,アルフェラッツ,★河原田,渡辺,True,streamlit_course_batch,feature_missing,15,0.0569281261892331,0.1242560401601673,59.96260876425036,0.0569281261892331,0.1242560401601673,59.96260876425036,16,×,,,,,,,2,2,51.0,,,8.025185683020558,0.2150045666821761,3.4394014331558185,7.494719668074899,7.75818987058195,0.2150045666821761,0.2150045666821761,0.2150045666821761,0.2150045666821761,0.2150045666821761,0.1943207126948775,,,,0.0,,0.0,0.0,1,,,,,,0.2092924241400283,0.2150045666821761,0.2150045666821761,0.2150045666821761,0.2150045666821761,0.2150045666821761,0.2150045666821761,0.2150045666821761,0.2150045666821761,16.0,,,,0.53125,0.53125,0.53125,0.53125,0.53125,0.53125,牝,,新馬
2026-10-11|京都|5R|f01eeb0cde6f3b87,2026-10-11T07:40:27+09:00,base-1.12-calibrated,course_batch,2026-10-11,京都,5R,2歳新馬,芝,2000,良,10,シャカニセッポウ,秋山稔,北出,True,streamlit_course_batch,feature_missing,15,0.0980842026890884,0.1702571665644326,71.40647483093258,0.0980842026890884,0.1702571665644326,71.40647483093258,1,◎,,,,,,,8,2,56.0,,,8.025185683020558,0.2150045666821761,3.4394014331558185,7.494719668074899,7.75818987058195,0.2150045666821761,0.2150045666821761,0.2150045666821761,0.2150045666821761,0.2150045666821761,0.2552693208430913,,,,0.0,,0.0,0.0,1,,,,,,0.2213334724419945,0.2150045666821761,0.2150045666821761,0.2150045666821761,0.2150045666821761,0.2150045666821761,0.2150045666821761,0.2150045666821761,0.2150045666821761,11.0,,,,0.5454545454545454,0.5909090909090909,0.5909090909090909,0.5454545454545454,0.5454545454545454,0.5454545454545454,牡,,新馬
2026-10-11|京都|5R|f01eeb0cde6f3b87,2026-10-11T07:40:27+09:00,base-1.12-calibrated,course_batch,2026-10-11,京都,5R,2歳新馬,芝,2000,良,11,ルーモマカーリ,松若,今野,True,streamlit_course_batch,feature_missing,15,0.0980842026890884,0.1702571665644326,71.40647483093258,0.0980842026890884,0.1702571665644326,71.40647483093258,2,○,,,,,,,8,2,56.0,,,8.025185683020558,0.2150045666821761,3.4394014331558185,7.494719668074899,7.75818987058195,0.2150045666821761,0.2150045666821761,0.2150045666821761,0.2150045666821761,0.2150045666821761,0.2552693208430913,,,,0.0,,0.0,0.0,1,,,,,,0.2213334724419945,0.2150045666821761,0.2150045666821761,0.2150045666821761,0.2150045666821761,0.2150045666821761,0.2150045666821761,0.2150045666821761,0.2150045666821761,11.0,,,,0.5454545454545454,0.5909090909090909,0.5909090909090909,0.5454545454545454,0.5454545454545454,0.5454545454545454,牡,,新馬
2026-10-11|京都|5R|f01eeb0cde6f3b87,2026-10-11T07:40:27+09:00,base-1.12-calibrated,course_batch,2026-10-11,京都,5R,2歳新馬,芝,2000,良,2,シルクウォード,武豊,庄野,True,streamlit_course_batch,feature_missing,15,0.0929659085189182,0.169608808293282,67.9983932591963,0.0929659085189182,0.169608808293282,67.9983932591963,3,▲,,,,,,,2,2,56.0,,,8.025185683020558,0.2150045666821761,3.4394014331558185,7.494719668074899,7.75818987058195,0.2150045666821761,0.2150045666821761,0.2150045666821761,0.3831775700934579,0.2150045666821761,0.2478485370051635,,,,0.0,,0.0,0.0,1,,,,,,0.2213334724419945,0.4127465857359635,0.3637160385626643,0.3903803131991051,0.356851095432603,0.3831775700934579,0.2150045666821761,0.2150045666821761,0.2150045666821761,11.0,,,,0.5454545454545454,0.0909090909090909,0.5909090909090909,0.5454545454545454,0.5454545454545454,0.5454545454545454,牡,,新馬
2026-10-11|京都|5R|f01eeb0cde6f3b87,2026-10-11T07:40:27+09:00,base-1.12-calibrated,course_batch,2026-10-11,京都,5R,2歳新馬,芝,2000,良,6,ゴルトクリーガー,松山,西園翔,True,streamlit_course_batch,feature_missing,15,0.090546935367791,0.1724256239998179,66.46577003716396,0.090546935367791,0.1724256239998179,66.46577003716396,4,△,,,,,,,6,2,56.0,,,8.025185683020558,0.2150045666821761,3.4394014331558185,7.494719668074899,7.75818987058195,0.2150045666821761,0.2150045666821761,0.2150045666821761,0.2150045666821761,0.2150045666821761,0.2401091405184174,,,,0.0,,0.0,0.0,1,,,,,,0.2213334724419945,0.2150045666821761,0.2150045666821761,0.2150045666821761,0.2150045666821761,0.2150045666821761,0.2150045666821761,0.2150045666821761,0.2150045666821761,11.0,,,,0.5454545454545454,0.5909090909090909,0.5909090909090909,0.5454545454545454,0.5454545454545454,0.5454545454545454,牡,,新馬
2026-10-11|京都|5R|f01eeb0cde6f3b87,2026-10-11T07:40:27+09:00,base-1.12-calibrated,course_batch,2026-10-11,京都,5R,2歳新馬,芝,2000,良,8,アーケントレイル,坂井,矢作,True,streamlit_course_batch,feature_missing,15,0.090546935367791,0.1724256239998179,66.46577003716396,0.090546935367791,0.1724256239998179,66.46577003716396,5,△,,,,,,,7,2,56.0,,,8.025185683020558,0.2150045666821761,3.4394014331558185,7.494719668074899,7.75818987058195,0.2150045666821761,0.2150045666821761,0.2150045666821761,0.2150045666821761,0.2150045666821761,0.2435105067985166,,,,0.0,,0.0,0.0,1,,,,,,0.2213334724419945,0.2150045666821761,0.2150045666821761,0.2150045666821761,0.2150045666821761,0.2150045666821761,0.2150045666821761,0.2150045666821761,0.2150045666821761,11.0,,,,0.5454545454545454,0.5909090909090909,0.5909090909090909,0.5454545454545454,0.5454545454545454,0.5454545454545454,牡,,新馬
2026-10-11|京都|5R|f01eeb0cde6f3b87,2026-10-11T07:40:27+09:00,base-1.12-calibrated,course_batch,2026-10-11,京都,5R,2歳新馬,芝,2000,良,9,テムルーラー,富田,宮地,True,streamlit_course_batch,feature_missing,15,0.090546935367791,0.1724256239998179,66.46577003716396,0.090546935367791,0.1724256239998179,66.46577003716396,6,☆,,,,,,,7,2,56.0,,,8.025185683020558,0.2150045666821761,3.4394014331558185,7.494719668074899,7.75818987058195,0.2150045666821761,0.2150045666821761,0.2150045666821761,0.2150045666821761,0.2150045666821761,0.2435105067985166,,,,0.0,,0.0,0.0,1,,,,,,0.2213334724419945,0.2150045666821761,0.2150045666821761,0.2150045666821761,0.2150045666821761,0.2150045666821761,0.2150045666821761,0.2150045666821761,0.2150045666821761,11.0,,,,0.5454545454545454,0.5909090909090909,0.5909090909090909,0.5454545454545454,0.5454545454545454,0.5454545454545454,牡,,新馬
2026-10-11|京都|5R|f01eeb0cde6f3b87,2026-10-11T07:40:27+09:00,base-1.12-calibrated,course_batch,2026-10-11,京都,5R,2歳新馬,芝,2000,良,7,イムヴァブル,長岡,高橋亮,True,streamlit_course_batch,feature_missing,15,0.090546935367791,0.1646602745486967,66.27163630088593,0.090546935367791,0.1646602745486967,66.27163630088593,7,☆,,,,,,,6,2,56.0,,,8.025185683020558,0.2150045666821761,3.4394014331558185,7.494719668074899,7.75818987058195,0.2150045666821761,0.2150045666821761,0.2150045666821761,0.2150045666821761,0.240983606557377,0.2401091405184174,,,,0.0,,0.0,0.0,1,,,,,,0.2213334724419945,0.2150045666821761,0.2150045666821761,0.2150045666821761,0.2150045666821761,0.2150045666821761,0.2293762575452716,0.2529550827423167,0.2522935779816513,11.0,,,,0.5454545454545454,0.5909090909090909,0.0909090909090909,0.5454545454545454,0.5454545454545454,0.5454545454545454,牡,,新馬
2026-10-11|京都|5R|f01eeb0cde6f3b87,2026-10-11T07:40:27+09:00,base-1.12-calibrated,course_batch,2026-10-11,京都,5R,2歳新馬,芝,2000,良,5,レガーメフォルテ,☆田山,新谷,True,streamlit_course_batch,feature_missing,15,0.0886058114568973,0.1719099198929811,65.1665025571028,0.0886058114568973,0.1719099198929811,65.1665025571028,8,注,,,,,,,5,2,55.0,,,8.025185683020558,0.2150045666821761,3.4394014331558185,7.494719668074899,7.75818987058195,0.2150045666821761,0.2150045666821761,0.2150045666821761,0.2150045666821761,0.2150045666821761,0.25,,,,0.0,,0.0,0.0,1,,,,,,0.2213334724419945,0.2150045666821761,0.2150045666821761,0.2150045666821761,0.2150045666821761,0.2150045666821761,0.2150045666821761,0.2150045666821761,0.2150045666821761,11.0,,,,0.5454545454545454,0.5909090909090909,0.5909090909090909,0.5454545454545454,0.5454545454545454,0.5454545454545454,牡,,新馬
2026-10-11|京都|5R|f01eeb0cde6f3b87,2026-10-11T07:40:27+09:00,base-1.12-calibrated,course_batch,2026-10-11,京都,5R,2歳新馬,芝,2000,良,3,ボワノワール,斎藤,井上,True,streamlit_course_batch,feature_missing,15,0.0886058114568973,0.1620923107551203,64.92106232865628,0.0886058114568973,0.1620923107551203,64.92106232865628,9,注,,,,,,,3,2,55.0,,,8.025185683020558,0.2150045666821761,3.4394014331558185,7.494719668074899,7.75818987058195,0.2150045666821761,0.2150045666821761,0.2150045666821761,0.2150045666821761,0.2150045666821761,0.2734761120263591,,,,0.0,,0.0,0.0,1,,,,,,0.2213334724419945,0.2150045666821761,0.2150045666821761,0.2150045666821761,0.2150045666821761,0.2150045666821761,0.2150045666821761,0.2150045666821761,0.2150045666821761,11.0,,,,0.5454545454545454,0.5909090909090909,0.5909090909090909,0.5454545454545454,0.5454545454545454,0.5454545454545454,牝,,新馬
2026-10-11|京都|5R|f01eeb0cde6f3b87,2026-10-11T07:40:27+09:00,base-1.12-calibrated,course_batch,2026-10-11,京都,5R,2歳新馬,芝,2000,良,4,アルバドラータ,国分恭,小栗,True,streamlit_course_batch,feature_missing,15,0.0861897294231892,0.1722956996094983,63.575019367010185,0.0861897294231892,0.1722956996094983,63.575019367010185,10,注,,,,,,,4,2,56.0,,,8.025185683020558,0.2150045666821761,3.4394014331558185,7.494719668074899,7.75818987058195,0.2150045666821761,0.2150045666821761,0.2150045666821761,0.2150045666821761,0.2150045666821761,0.2874806800618238,,,,0.0,,0.0,0.0,1,,,,,,0.2213334724419945,0.2150045666821761,0.2150045666821761,0.2150045666821761,0.2150045666821761,0.2150045666821761,0.2150045666821761,0.2150045666821761,0.2150045666821761,11.0,,,,0.5454545454545454,0.5909090909090909,0.5909090909090909,0.5454545454545454,0.5454545454545454,0.5454545454545454,牡,,新馬
2026-10-11|京都|5R|f01eeb0cde6f3b87,2026-10-11T07:40:27+09:00,base-1.12-calibrated,course_batch,2026-10-11,京都,5R,2歳新馬,芝,2000,良,1,ジャスティンニース,北村友,杉山晴,True,streamlit_course_batch,feature_missing,15,0.0852765922947566,0.1707125741659544,62.93030899024612,0.0852765922947566,0.1707125741659544,62.93030899024612,11,×,,,,,,,1,2,56.0,,,8.025185683020558,0.2150045666821761,3.4394014331558185,7.494719668074899,7.75818987058195,0.2150045666821761,0.2150045666821761,0.2150045666821761,0.2150045666821761,0.2150045666821761,0.2704174228675136,,,,0.0,,0.0,0.0,1,,,,,,0.2213334724419945,0.2150045666821761,0.2150045666821761,0.2150045666821761,0.2150045666821761,0.2150045666821761,0.2150045666821761,0.2150045666821761,0.2150045666821761,11.0,,,,0.5454545454545454,0.5909090909090909,0.5909090909090909,0.5454545454545454,0.5454545454545454,0.5454545454545454,牡,,新馬
2026-10-11|京都|6R|cad3816555cffee6,2026-10-11T07:40:27+09:00,base-1.12-calibrated,course_batch,2026-10-11,京都,6R,3歳以上1勝クラス,ダート,1800,良,15,ブレイジングスター,酒井,高橋康,True,streamlit_course_batch,feature_missing,10,0.0993547246289445,0.160728058754282,71.01820146885706,0.0993547246289445,0.160728058754282,71.01820146885706,1,◎,,,,,,,8,4,58.0,,,5.8,0.2,3.4394014331558185,8.0,4.6,0.0,1.0,0.3333333333333333,0.2150045666821761,0.2150045666821761,0.2247081712062257,7.0,,9.0,100.0,360.0,0.0,0.0,3,2.0,,,,,0.3333333333333333,0.2150045666821761,0.2150045666821761,0.2150045666821761,0.2150045666821761,0.2150045666821761,0.2150045666821761,0.2150045666821761,0.2150045666821761,16.0,,,,0.71875,0.53125,0.53125,0.9375,0.15625,0.3125,牡,先行,1勝クラス
2026-10-11|京都|6R|cad3816555cffee6,2026-10-11T07:40:27+09:00,base-1.12-calibrated,course_batch,2026-10-11,京都,6R,3歳以上1勝クラス,ダート,1800,良,11,ゴールデンスラム,小沢,池江,True,streamlit_course_batch,feature_missing,10,0.0954859795321737,0.1490593747723731,71.19546803134202,0.0954859795321737,0.1490593747723731,71.19546803134202,2,○,,,,,,,6,3,56.0,,,3.5,0.5,3.4394014331558185,3.5,2.5,1.0,1.0,0.5,0.2150045666821761,0.2150045666821761,0.2278679937139864,1.0,,1.0,0.0,408.0,0.0,1.0,3,2.0,,,,,0.5,0.2150045666821761,0.2150045666821761,0.2150045666821761,0.2150045666821761,0.2150045666821761,0.2150045666821761,0.2150045666821761,0.2150045666821761,16.0,,,,0.21875,0.53125,0.53125,0.15625,0.15625,0.21875,牡,先行,1勝クラス
2026-10-11|京都|6R|cad3816555cffee6,2026-10-11T07:40:27+09:00,base-1.12-calibrated,course_batch,2026-10-11,京都,6R,3歳以上1勝クラス,ダート,1800,良,14,レザーアンドレース,☆田山,平田,True,streamlit_course_batch,feature_missing,10,0.0807157222001159,0.0807157222001159,54.823856360738766,0.0807157222001159,0.0807157222001159,54.823856360738766,3,▲,,,,,,,7,3,53.0,,,11.333333333333334,0.0,7.0,5.333333333333333,9.333333333333334,0.2150045666821761,0.2150045666821761,0.0,0.2150045666821761,0.2150045666821761,0.2169154228855721,13.0,,3.0,400.0,287.0,0.0,1.0,3,4.0,,,,,0.0,0.2150045666821761,0.2150045666821761,0.2150045666821761,0.2150045666821761,0.2150045666821761,0.2150045666821761,0.2150045666821761,0.2150045666821761,16.0,,,,0.90625,0.53125,0.53125,0.53125,0.625,0.9375,牝,追込,1勝クラス
2026-10-11|京都|6R|cad3816555cffee6,2026-10-11T07:40:27+09:00,base-1.12-calibrated,course_batch,2026-10-11,京都,6R,3歳以上1勝クラス,ダート,1800,良,5,ブルーストレイル,城戸,荒川,True,streamlit_course_batch,feature_missing,10,0.0795370112122157,0.1213318063960831,55.068120359225325,0.0795370112122157,0.1213318063960831,55.068120359225325,4,△,,,,,,,3,5,58.0,,,9.0,0.0,4.5,7.0,12.6,0.0,0.2150045666821761,0.0,0.2150045666821761,0.2150045666821761,0.2226391494684177,10.0,,6.0,0.0,284.0,0.0,0.0,3,3.0,,,,,0.0,0.2150045666821761,0.2150045666821761,0.2150045666821761,0.2150045666821761,0.2150045666821761,0.2150045666821761,0.2150045666821761,0.2150045666821761,16.0,,,,0.90625,0.53125,0.53125,0.9375,0.625,0.9375,牡,差し,1勝クラス
2026-10-11|京都|6R|cad3816555cffee6,2026-10-11T07:40:27+09:00,base-1.12-calibrated,course_batch,2026-10-11,京都,6R,3歳以上1勝クラス,ダート,1800,良,16,ハイロード,斎藤,浜田,True,streamlit_course_batch,feature_missing,15,0.0770764666157717,0.1422455281885755,56.13126781933695,0.0770764666157717,0.1422455281885755,56.13126781933695,5,△,,,,,,,8,3,56.0,,,8.025185683020558,0.2150045666821761,3.4394014331558185,7.494719668074899,7.75818987058195,0.2150045666821761,0.2150045666821761,0.2150045666821761,0.2150045666821761,0.2150045666821761,0.2247081712062257,,,,0.0,,0.0,0.0,3,,,,,,0.2092924241400283,0.2150045666821761,0.2150045666821761,0.2150045666821761,0.2150045666821761,0.2150045666821761,0.2150045666821761,0.2150045666821761,0.2150045666821761,16.0,,,,0.53125,0.53125,0.53125,0.53125,0.625,0.65625,牡,,1勝クラス
2026-10-11|京都|6R|cad3816555cffee6,2026-10-11T07:40:27+09:00,base-1.12-calibrated,course_batch,2026-10-11,京都,6R,3歳以上1勝クラス,ダート,1800,良,9,クリュギスト,松山,松下,True,streamlit_course_batch,feature_missing,15,0.0696122788958352,0.1482537201119102,51.39824030403187,0.0696122788958352,0.1482537201119102,51.39824030403187,6,☆,,,,,,,5,3,56.0,,,8.025185683020558,0.2150045666821761,3.4394014331558185,7.494719668074899,7.75818987058195,0.2150045666821761,0.2150045666821761,0.2150045666821761,0.2150045666821761,0.2150045666821761,0.223986856516977,,,,0.0,,0.0,0.0,3,,,,,,0.2092924241400283,0.2150045666821761,0.2150045666821761,0.2150045666821761,0.2150045666821761,0.2150045666821761,0.2150045666821761,0.2150045666821761,0.2150045666821761,16.0,,,,0.53125,0.53125,0.53125,0.53125,0.625,0.65625,牡,,1勝クラス
2026-10-11|京都|6R|cad3816555cffee6,2026-10-11T07:40:27+09:00,base-1.12-calibrated,course_batch,2026-10-11,京都,6R,3歳以上1勝クラス,ダート,1800,良,8,コルヴァス,坂井,矢作,True,streamlit_course_batch,feature_missing,15,0.0675983473932825,0.1489088494891651,50.09706118872664,0.0675983473932825,0.1489088494891651,50.09706118872664,7,☆,,,,,,,4,3,56.0,,,8.025185683020558,0.2150045666821761,3.4394014331558185,7.494719668074899,7.75818987058195,0.2150045666821761,0.2150045666821761,0.2150045666821761,0.2150045666821761,0.2150045666821761,0.2333333333333333,,,,0.0,,0.0,0.0,3,,,,,,0.2092924241400283,0.2150045666821761,0.2150045666821761,0.2150045666821761,0.2150045666821761,0.2150045666821761,0.2150045666821761,0.2150045666821761,0.2150045666821761,16.0,,,,0.53125,0.53125,0.53125,0.53125,0.625,0.65625,牡,,1勝クラス
2026-10-11|京都|6R|cad3816555cffee6,2026-10-11T07:40:27+09:00,base-1.12-calibrated,course_batch,2026-10-11,京都,6R,3歳以上1勝クラス,ダート,1800,良,2,ココロヅヨサ,北村友,田中克,True,streamlit_course_batch,feature_missing,15,0.0675983473932825,0.1465857006685447,50.03898246821112,0.0675983473932825,0.1465857006685447,50.03898246821112,8,注,,,,,,,1,3,56.0,,,8.025185683020558,0.2150045666821761,3.4394014331558185,7.494719668074899,7.75818987058195,0.2150045666821761,0.2150045666821761,0.2150045666821761,0.2150045666821761,0.2150045666821761,0.2377224199288256,,,,0.0,,0.0,0.0,3,,,,,,0.2092924241400283,0.2150045666821761,0.2150045666821761,0.2150045666821761,0.2150045666821761,0.2150045666821761,0.2150045666821761,0.2150045666821761,0.2150045666821761,16.0,,,,0.53125,0.53125,0.53125,0.53125,0.625,0.65625,牡,,1勝クラス
2026-10-11|京都|6R|cad3816555cffee6,2026-10-11T07:40:27+09:00,base-1.12-calibrated,course_batch,2026-10-11,京都,6R,3歳以上1勝クラス,ダート,1800,良,4,ミヤジオズ,田口,鈴木孝,True,streamlit_course_batch,feature_missing,10,0.0581998835707103,0.1032134271997193,40.655952579182575,0.0581998835707103,0.1032134271997193,40.655952579182575,9,注,,,,,,,2,3,56.0,,,4.0,0.0,3.4394014331558185,11.0,9.0,0.2150045666821761,0.2150045666821761,0.2150045666821761,0.2150045666821761,0.2150045666821761,0.2320478723404255,4.0,,11.0,200.0,298.0,0.0,2.0,3,2.0,,,,,0.2092924241400283,0.2150045666821761,0.2150045666821761,0.2150045666821761,0.2150045666821761,0.2150045666821761,0.2150045666821761,0.2150045666821761,0.2150045666821761,16.0,,,,0.90625,0.53125,0.53125,0.53125,0.625,0.65625,牡,先行,1勝クラス
2026-10-11|京都|6R|cad3816555cffee6,2026-10-11T07:40:27+09:00,base-1.12-calibrated,course_batch,2026-10-11,京都,6R,3歳以上1勝クラス,ダート,1800,良,12,メイショウオグマ,国分恭,安達,True,streamlit_course_batch,feature_missing,10,0.0493761130265079,0.1037883410615752,38.89762475633306,0.0493761130265079,0.1037883410615752,38.89762475633306,10,注,,,,,,,6,7,58.0,,,4.6,0.4,2.0,3.4,8.4,0.2,0.0,0.25,0.2150045666821761,0.2150045666821761,0.2278679937139864,5.0,,3.0,0.0,287.0,0.0,0.0,3,4.0,,,,,0.4285714285714285,0.2150045666821761,0.2150045666821761,0.2150045666821761,0.2150045666821761,0.2150045666821761,0.2150045666821761,0.2150045666821761,0.2150045666821761,16.0,,,,0.3125,0.53125,0.53125,0.8125,0.9375,0.40625,せん,追込,1勝クラス
2026-10-11|京都|6R|cad3816555cffee6,2026-10-11T07:40:27+09:00,base-1.12-calibrated,course_batch,2026-10-11,京都,6R,3歳以上1勝クラス,ダート,1800,良,7,アルビオン,西塚,笹田,True,streamlit_course_batch,feature_missing,10,0.0486346860818098,0.0789403360005339,35.79136715936105,0.0486346860818098,0.0789403360005339,35.79136715936105,11,×,,,,,,,4,3,54.0,,,7.0,0.2,2.0,7.6,5.2,0.0,0.25,0.2150045666821761,0.2150045666821761,0.2150045666821761,0.2333333333333333,10.0,,8.0,600.0,284.0,0.0,2.0,3,3.0,,,,,0.2092924241400283,0.2150045666821761,0.2150045666821761,0.2150045666821761,0.2150045666821761,0.2150045666821761,0.2150045666821761,0.2150045666821761,0.2150045666821761,16.0,,,,0.71875,0.53125,0.53125,0.9375,0.375,0.65625,牝,差し,1勝クラス
2026-10-11|京都|6R|cad3816555cffee6,2026-10-11T07:40:27+09:00,base-1.12-calibrated,course_batch,2026-10-11,京都,6R,3歳以上1勝クラス,ダート,1800,良,1,ブラックレジェンド,◇今村,寺島,True,streamlit_course_batch,feature_missing,10,0.0482907678909176,0.1101862972890881,39.347517506394304,0.0482907678909176,0.1101862972890881,39.347517506394304,12,×,,,,,,,1,3,54.0,,,5.5,0.5,4.0,7.5,3.0,0.2150045666821761,0.0,0.5,0.2150045666821761,0.2150045666821761,0.2377224199288256,8.0,,10.0,400.0,339.0,0.0,1.0,3,2.0,,,,,0.5,0.2150045666821761,0.2150045666821761,0.2150045666821761,0.2150045666821761,0.2150045666821761,0.2150045666821761,0.2150045666821761,0.2150045666821761,16.0,,,,0.21875,0.53125,0.53125,0.53125,0.9375,0.21875,牡,先行,1勝クラス
2026-10-11|京都|6R|cad3816555cffee6,2026-10-11T07:40:27+09:00,base-1.12-calibrated,course_batch,2026-10-11,京都,6R,3歳以上1勝クラス,ダート,1800,良,13,ダイメイクマモト,太宰,秋山,True,streamlit_course_batch,feature_missing,10,0.0425587519391695,0.0826531886920747,29.909181543194,0.0425587519391695,0.0826531886920747,29.909181543194,13,×,,,,,,,7,3,56.0,,,9.0,0.0,3.4394014331558185,11.0,5.0,0.2150045666821761,0.0,0.0,0.2150045666821761,0.2150045666821761,0.2169154228855721,9.0,,11.0,400.0,360.0,0.0,2.0,3,3.0,,,,,0.2092924241400283,0.2150045666821761,0.2150045666821761,0.2150045666821761,0.2150045666821761,0.2150045666821761,0.2150045666821761,0.2150045666821761,0.2150045666821761,16.0,,,,0.90625,0.53125,0.53125,0.53125,0.9375,0.9375,牡,差し,1勝クラス
2026-10-11|京都|6R|cad3816555cffee6,2026-10-11T07:40:27+09:00,base-1.12-calibrated,course_batch,2026-10-11,京都,6R,3歳以上1勝クラス,ダート,1800,良,6,ルファーダ,幸,大根田,True,streamlit_course_batch,feature_missing,10,0.040483124413054,0.1042370239619654,31.590857208249343,0.040483124413054,0.1042370239619654,31.590857208249343,14,×,,,,,,,3,3,56.0,,,5.0,0.25,6.0,5.0,5.0,1.0,0.3333333333333333,0.25,0.2150045666821761,0.2150045666821761,0.2226391494684177,5.0,,3.0,600.0,311.0,0.0,2.0,3,3.0,,,,,0.5,0.2150045666821761,0.2150045666821761,0.2150045666821761,0.2150045666821761,0.2150045666821761,0.2150045666821761,0.2150045666821761,0.2150045666821761,16.0,,,,0.375,0.53125,0.53125,0.15625,0.3125,0.40625,牡,差し,1勝クラス
2026-10-11|京都|6R|cad3816555cffee6,2026-10-11T07:40:27+09:00,base-1.12-calibrated,course_batch,2026-10-11,京都,6R,3歳以上1勝クラス,ダート,1800,良,10,ジャスティンダラス,高杉,杉山晴,True,streamlit_course_batch,feature_missing,10,0.0377525923573648,0.1147061127431315,37.56621156747774,0.0377525923573648,0.1147061127431315,37.56621156747774,15,×,,,,,,,5,3,56.0,,,1.5,1.0,2.0,1.5,1.0,1.0,1.0,1.0,0.2150045666821761,0.2150045666821761,0.223986856516977,1.0,,2.0,0.0,349.0,0.0,1.0,3,3.0,,,,,1.0,0.2150045666821761,0.2150045666821761,0.2150045666821761,0.2150045666821761,0.2150045666821761,0.2150045666821761,0.2150045666821761,0.2150045666821761,16.0,,,,0.09375,0.53125,0.53125,0.15625,0.15625,0.09375,牡,差し,1勝クラス
2026-10-11|京都|6R|cad3816555cffee6,2026-10-11T07:40:27+09:00,base-1.12-calibrated,course_batch,2026-10-11,京都,6R,3歳以上1勝クラス,ダート,1800,良,3,キタノシャカール,松若,吉田,True,streamlit_course_batch,feature_missing,10,0.0377252028488435,0.1184903217199412,37.64289798571608,0.0377252028488435,0.1184903217199412,37.64289798571608,16,×,,,,,,,2,3,56.0,,,2.333333333333333,1.0,2.0,2.333333333333333,7.666666666666667,1.0,1.0,1.0,0.2150045666821761,0.2150045666821761,0.2320478723404255,2.0,,2.0,0.0,294.0,0.0,1.0,3,3.0,,,,,1.0,0.2150045666821761,0.2150045666821761,0.2150045666821761,0.2150045666821761,0.2150045666821761,0.2150045666821761,0.2150045666821761,0.2150045666821761,16.0,,,,0.09375,0.53125,0.53125,0.15625,0.15625,0.09375,牡,差し,1勝クラス
2026-10-11|京都|7R|5aff4691746b35e8,2026-10-11T07:40:27+09:00,base-1.12-calibrated,course_batch,2026-10-11,京都,7R,3歳以上1勝クラス,芝,1800,良,9,サラコスティ,松山,池添,True,streamlit_course_batch,feature_missing,10,0.1570910066286659,0.1655629641047501,69.13907410261876,0.1570910066286659,0.1655629641047501,69.13907410261876,1,◎,,,,,,,7,4,58.0,,,6.8,0.0,1.6666666666666667,6.2,3.8,0.5,0.3333333333333333,0.2857142857142857,0.2150045666821761,0.2150045666821761,0.2301639344262295,6.0,,6.0,0.0,408.0,0.0,0.0,3,2.0,,,,,0.1666666666666666,0.2150045666821761,0.2150045666821761,0.2150045666821761,0.2150045666821761,0.2150045666821761,0.2150045666821761,0.2150045666821761,0.2150045666821761,11.0,,,,0.9090909090909092,0.5909090909090909,0.5454545454545454,0.4545454545454545,0.4090909090909091,0.6363636363636364,牡,先行,1勝クラス
2026-10-11|京都|7R|5aff4691746b35e8,2026-10-11T07:40:27+09:00,base-1.12-calibrated,course_batch,2026-10-11,京都,7R,3歳以上1勝クラス,芝,1800,良,11,カーメルタザイト,斎藤,安田,True,streamlit_course_batch,feature_missing,10,0.1198704791564584,0.1451462750347852,57.22781161034566,0.1198704791564584,0.1451462750347852,57.22781161034566,2,○,,,,,,,8,5,58.0,,,5.6,0.4,3.4394014331558185,5.0,3.2,1.0,0.5,0.4,0.2150045666821761,0.2150045666821761,0.2471839799749687,10.0,,11.0,-800.0,813.0,0.0,0.0,3,2.0,,,,,0.4,0.2150045666821761,0.2150045666821761,0.2150045666821761,0.2150045666821761,0.2150045666821761,0.2150045666821761,0.2150045666821761,0.2150045666821761,11.0,,,,0.4545454545454545,0.5909090909090909,0.5454545454545454,0.2272727272727272,0.2727272727272727,0.5,牡,先行,1勝クラス
2026-10-11|京都|7R|5aff4691746b35e8,2026-10-11T07:40:27+09:00,base-1.12-calibrated,course_batch,2026-10-11,京都,7R,3歳以上1勝クラス,芝,1800,良,8,ブルーミングローズ,北村友,高野,True,streamlit_course_batch,feature_missing,10,0.1173967600528212,0.1297928746632795,51.82041869543902,0.1173967600528212,0.1297928746632795,51.82041869543902,3,▲,,,,,,,7,4,56.0,,,7.6,0.0,1.0,8.2,7.8,0.0,0.3333333333333333,0.1428571428571428,0.2150045666821761,0.2150045666821761,0.2301639344262295,13.0,,15.0,0.0,339.0,0.0,0.0,3,2.0,,,,,0.1428571428571428,0.2150045666821761,0.2150045666821761,0.2150045666821761,0.2150045666821761,0.2150045666821761,0.2150045666821761,0.2150045666821761,0.2150045666821761,11.0,,,,0.9090909090909092,0.5909090909090909,0.5454545454545454,0.9545454545454546,0.4090909090909091,0.9090909090909092,牝,先行,1勝クラス
2026-10-11|京都|7R|5aff4691746b35e8,2026-10-11T07:40:27+09:00,base-1.12-calibrated,course_batch,2026-10-11,京都,7R,3歳以上1勝クラス,芝,1800,良,2,ダイチノナポリ,高倉,畑端,True,streamlit_course_batch,feature_missing,10,0.1054792744106021,0.1226496683131088,53.37737271290057,0.1054792744106021,0.1226496683131088,53.37737271290057,4,△,,,,,,,2,3,54.0,,,3.0,0.6666666666666666,1.0,2.6666666666666665,3.6666666666666665,0.2150045666821761,0.2150045666821761,0.6666666666666666,0.2150045666821761,0.2150045666821761,0.2092592592592592,3.0,,4.0,600.0,308.0,0.0,2.0,3,2.0,,,,,0.6666666666666666,0.2150045666821761,0.2150045666821761,0.2150045666821761,0.2150045666821761,0.2150045666821761,0.2150045666821761,0.2150045666821761,0.2150045666821761,11.0,,,,0.2272727272727272,0.5909090909090909,0.5454545454545454,0.6818181818181818,0.6818181818181818,0.3181818181818182,牝,先行,1勝クラス
2026-10-11|京都|7R|5aff4691746b35e8,2026-10-11T07:40:27+09:00,base-1.12-calibrated,course_batch,2026-10-11,京都,7R,3歳以上1勝クラス,芝,1800,良,6,ラヴェニュー,坂井,友道,True,streamlit_course_batch,feature_missing,10,0.1027107063115996,0.1409919628051878,56.0237049816264,0.1027107063115996,0.1409919628051878,56.0237049816264,5,△,,,,,,,6,3,56.0,,,1.0,1.0,3.4394014331558185,2.0,2.0,1.0,0.2150045666821761,1.0,0.2150045666821761,0.2150045666821761,0.2178729689807976,1.0,,2.0,0.0,363.0,0.0,2.0,3,2.0,,,,,1.0,0.2150045666821761,0.2150045666821761,0.2150045666821761,0.2150045666821761,0.2150045666821761,0.2150045666821761,0.2150045666821761,0.2150045666821761,11.0,,,,0.0909090909090909,0.5909090909090909,0.5454545454545454,0.2272727272727272,0.6818181818181818,0.0909090909090909,牡,先行,1勝クラス
2026-10-11|京都|7R|5aff4691746b35e8,2026-10-11T07:40:27+09:00,base-1.12-calibrated,course_batch,2026-10-11,京都,7R,3歳以上1勝クラス,芝,1800,良,10,マイリトルヒーロー,幸,高橋康,True,streamlit_course_batch,feature_missing,11,0.089629898384233,0.1364197733260427,47.16358319549821,0.089629898384233,0.1364197733260427,47.16358319549821,6,☆,,,,,,,8,3,56.0,,,34.333333333333336,0.6666666666666666,3.4394014331558185,1.5,4.0,0.2150045666821761,1.0,0.6666666666666666,0.2150045666821761,0.2150045666821761,0.2471839799749687,99.0,,,200.0,336.0,0.0,0.0,3,3.0,,,,,0.5,0.2150045666821761,0.2150045666821761,0.2150045666821761,0.2150045666821761,0.2150045666821761,0.2150045666821761,0.2150045666821761,0.2150045666821761,11.0,,,,0.2272727272727272,0.5909090909090909,0.5454545454545454,0.6818181818181818,0.1363636363636363,0.3181818181818182,牡,差し,1勝クラス
2026-10-11|京都|7R|5aff4691746b35e8,2026-10-11T07:40:27+09:00,base-1.12-calibrated,course_batch,2026-10-11,京都,7R,3歳以上1勝クラス,芝,1800,良,7,メイショウハンター,☆田山,長谷川,True,streamlit_course_batch,feature_missing,15,0.0894292593466003,0.1677886138708632,43.34816421457765,0.0894292593466003,0.1677886138708632,43.34816421457765,7,☆,,,,,,,6,3,55.0,,,8.025185683020558,0.2150045666821761,3.4394014331558185,7.494719668074899,7.75818987058195,0.2150045666821761,0.2150045666821761,0.2150045666821761,0.2150045666821761,0.2150045666821761,0.2178729689807976,,,,0.0,,0.0,0.0,3,,,,,,0.2213334724419945,0.2150045666821761,0.2150045666821761,0.2150045666821761,0.2150045666821761,0.2150045666821761,0.2150045666821761,0.2150045666821761,0.2150045666821761,11.0,,,,0.6363636363636364,0.5909090909090909,0.5454545454545454,0.6818181818181818,0.6818181818181818,0.7272727272727273,牡,,1勝クラス
2026-10-11|京都|7R|5aff4691746b35e8,2026-10-11T07:40:27+09:00,base-1.12-calibrated,course_batch,2026-10-11,京都,7R,3歳以上1勝クラス,芝,1800,良,4,カフジキアッキエレ,田口,森田,True,streamlit_course_batch,feature_missing,10,0.087243986704045,0.1190150882928435,41.07457382885518,0.087243986704045,0.1190150882928435,41.07457382885518,8,注,,,,,,,4,6,56.0,,,8.6,0.2,3.4394014331558185,5.0,9.0,0.2150045666821761,0.0,0.1764705882352941,0.2150045666821761,0.2150045666821761,0.2506203473945409,9.0,,7.0,600.0,284.0,0.0,0.0,3,3.0,,,,,0.1538461538461538,0.2150045666821761,0.2150045666821761,0.2150045666821761,0.2150045666821761,0.2150045666821761,0.2150045666821761,0.2150045666821761,0.2150045666821761,11.0,,,,0.7272727272727273,0.5909090909090909,0.5454545454545454,0.6818181818181818,0.9545454545454546,0.8181818181818182,牝,差し,1勝クラス
2026-10-11|京都|7R|5aff4691746b35e8,2026-10-11T07:40:27+09:00,base-1.12-calibrated,course_batch,2026-10-11,京都,7R,3歳以上1勝クラス,芝,1800,良,5,ラパンドール,武豊,藤原,True,streamlit_course_batch,feature_missing,10,0.060614321383688,0.1163418481955634,27.98910921415789,0.060614321383688,0.1163418481955634,27.98910921415789,9,注,,,,,,,5,3,56.0,,,4.0,0.0,3.4394014331558185,1.0,2.0,0.0,0.2150045666821761,0.0,0.3831775700934579,0.2150045666821761,0.238095238095238,4.0,,1.0,0.0,284.0,0.0,2.0,3,4.0,,,,,0.2213334724419945,0.4127465857359635,0.3637160385626643,0.3882121807465619,0.356851095432603,0.3831775700934579,0.2150045666821761,0.2150045666821761,0.2150045666821761,11.0,,,,0.9090909090909092,0.0909090909090909,0.5454545454545454,0.9545454545454546,0.6818181818181818,1.0,牡,追込,1勝クラス
2026-10-11|京都|7R|5aff4691746b35e8,2026-10-11T07:40:27+09:00,base-1.12-calibrated,course_batch,2026-10-11,京都,7R,3歳以上1勝クラス,芝,1800,良,3,オーシンエス,★河原田,宮,True,streamlit_course_batch,feature_missing,9,0.0409380757038279,0.1062223948100694,23.594625815884577,0.0409380757038279,0.1062223948100694,23.594625815884577,10,注,,,,,,,3,4,54.0,,,4.8,0.4,3.0,6.2,6.4,1.0,0.0,0.4,0.2150045666821761,0.2150045666821761,0.2409850483729111,2.0,6.0,6.0,-200.0,318.0,0.0,0.0,3,3.0,,,,,0.375,0.2150045666821761,0.2150045666821761,0.2150045666821761,0.2150045666821761,0.2150045666821761,0.2150045666821761,0.2150045666821761,0.2150045666821761,11.0,,,,0.4545454545454545,0.5909090909090909,0.5454545454545454,0.2272727272727272,0.9545454545454546,0.5,牡,差し,1勝クラス
2026-10-11|京都|7R|5aff4691746b35e8,2026-10-11T07:40:27+09:00,base-1.12-calibrated,course_batch,2026-10-11,京都,7R,3歳以上1勝クラス,芝,1800,良,1,グリュイエール,▲森田,前川,True,streamlit_course_batch,feature_missing,10,0.029596231917458,0.0824050973353984,18.30624588357845,0.029596231917458,0.0824050973353984,18.30624588357845,11,×,,,,,,,1,3,53.0,,,5.4,0.4,2.0,6.4,3.4,1.0,1.0,0.7142857142857143,0.2150045666821761,0.2150045666821761,0.2230843840931134,6.0,,10.0,600.0,291.0,0.0,2.0,3,3.0,,,,,0.6666666666666666,0.2150045666821761,0.2150045666821761,0.2150045666821761,0.2150045666821761,0.2150045666821761,0.2150045666821761,0.2150045666821761,0.2150045666821761,11.0,,,,0.4545454545454545,0.5909090909090909,0.5454545454545454,0.2272727272727272,0.1363636363636363,0.1818181818181818,牡,差し,1勝クラス
2026-10-11|京都|8R|4208298086b65500,2026-10-11T07:40:27+09:00,base-1.12-calibrated,course_batch,2026-10-11,京都,8R,3歳以上2勝クラス,ダート,1800,良,2,ヴンダーバール,斎藤,斎藤誠,True,streamlit_course_batch,feature_missing,10,0.172695302851763,0.1778138657992962,77.44534664498242,0.172695302851763,0.1778138657992962,77.44534664498242,1,◎,,,,,,,1,3,54.0,,,2.2,0.8,7.0,3.2,1.6,1.0,0.2150045666821761,0.75,0.2150045666821761,0.257360959651036,0.2377224199288256,1.0,,1.0,200.0,336.0,0.0,2.0,4,1.0,,,,,1.0,0.2150045666821761,0.2150045666821761,0.2150045666821761,0.2150045666821761,0.2150045666821761,0.2214285714285714,0.2702857142857143,0.2589662447257383,16.0,,,,0.15625,0.53125,0.0625,0.09375,0.53125,0.1875,牝,逃げ,2勝クラス
2026-10-11|京都|8R|4208298086b65500,2026-10-11T07:40:27+09:00,base-1.12-calibrated,course_batch,2026-10-11,京都,8R,3歳以上2勝クラス,ダート,1800,良,8,オデット,★河原田,緒方,True,streamlit_course_batch,feature_missing,10,0.0981759308637446,0.0983788500100441,43.41146357873414,0.0981759308637446,0.0983788500100441,43.41146357873414,2,○,,,,,,,4,4,52.0,,,5.4,0.4,2.0,6.0,6.6,0.0,0.2,0.0,0.2150045666821761,0.2150045666821761,0.2333333333333333,1.0,,3.0,-200.0,311.0,0.0,1.0,4,2.0,,,,,0.0,0.2150045666821761,0.2150045666821761,0.2150045666821761,0.2150045666821761,0.2150045666821761,0.2150045666821761,0.2150045666821761,0.2150045666821761,16.0,,,,0.53125,0.53125,0.5625,0.9375,0.75,0.9375,牝,先行,2勝クラス
2026-10-11|京都|8R|4208298086b65500,2026-10-11T07:40:27+09:00,base-1.12-calibrated,course_batch,2026-10-11,京都,8R,3歳以上2勝クラス,ダート,1800,良,12,エアニゲラ,松山,池添,True,streamlit_course_batch,feature_missing,10,0.0822839760004203,0.1283661111881327,38.17964445901839,0.0822839760004203,0.1283661111881327,38.17964445901839,3,▲,,,,,,,6,4,56.0,,,5.2,0.4,4.0,6.6,6.6,0.5,0.0,0.5,0.2150045666821761,0.2150045666821761,0.2278679937139864,5.0,,9.0,0.0,301.0,0.0,1.0,4,2.0,,,,,0.5,0.2150045666821761,0.2150045666821761,0.2150045666821761,0.2150045666821761,0.2150045666821761,0.2150045666821761,0.2150045666821761,0.2150045666821761,16.0,,,,0.53125,0.53125,0.5625,0.40625,0.90625,0.40625,牝,先行,2勝クラス
2026-10-11|京都|8R|4208298086b65500,2026-10-11T07:40:27+09:00,base-1.12-calibrated,course_batch,2026-10-11,京都,8R,3歳以上2勝クラス,ダート,1800,良,1,コスモマルーン,川須,秋本,True,streamlit_course_batch,feature_missing,10,0.0803311584633466,0.1220447972474522,33.28659949486356,0.0803311584633466,0.1220447972474522,33.28659949486356,4,△,,,,,,,1,6,56.0,,,10.5,0.0,3.4394014331558185,5.0,12.75,0.2150045666821761,0.2150045666821761,0.0,0.2150045666821761,0.2150045666821761,0.2377224199288256,12.0,,6.0,200.0,346.0,0.0,0.0,4,3.0,,,,,0.0,0.2150045666821761,0.2150045666821761,0.2150045666821761,0.2150045666821761,0.2150045666821761,0.2150045666821761,0.2150045666821761,0.2150045666821761,16.0,,,,0.90625,0.53125,0.5625,0.75,0.53125,0.9375,牝,差し,2勝クラス
2026-10-11|京都|8R|4208298086b65500,2026-10-11T07:40:27+09:00,base-1.12-calibrated,course_batch,2026-10-11,京都,8R,3歳以上2勝クラス,ダート,1800,良,13,ロイスター,西塚,笹田,True,streamlit_course_batch,feature_missing,15,0.0716032345062245,0.1444717602733492,32.712255614612765,0.0716032345062245,0.1444717602733492,32.712255614612765,5,△,,,,,,,7,3,54.0,,,8.025185683020558,0.2150045666821761,3.4394014331558185,7.494719668074899,7.75818987058195,0.2150045666821761,0.2150045666821761,0.2150045666821761,0.2150045666821761,0.2150045666821761,0.2169154228855721,,,,0.0,,0.0,0.0,4,,,,,,0.2092924241400283,0.2150045666821761,0.2150045666821761,0.2150045666821761,0.2150045666821761,0.2150045666821761,0.2150045666821761,0.2150045666821761,0.2150045666821761,16.0,,,,0.6875,0.53125,0.5625,0.75,0.53125,0.75,牝,,2勝クラス
2026-10-11|京都|8R|4208298086b65500,2026-10-11T07:40:27+09:00,base-1.12-calibrated,course_batch,2026-10-11,京都,8R,3歳以上2勝クラス,ダート,1800,良,11,ステアハート,☆田山,新谷,True,streamlit_course_batch,feature_missing,10,0.0695299517316279,0.1044030140020454,36.78013781223164,0.0695299517316279,0.1044030140020454,36.78013781223164,6,☆,,,,,,,6,4,55.0,,,2.8,0.8,6.0,4.8,2.2,1.0,0.75,0.8,0.2150045666821761,0.2150045666821761,0.2278679937139864,1.0,,1.0,400.0,394.0,0.0,2.0,4,2.0,,,,,0.6666666666666666,0.2150045666821761,0.2150045666821761,0.2150045666821761,0.2150045666821761,0.2150045666821761,0.2150045666821761,0.2150045666821761,0.2150045666821761,16.0,,,,0.15625,0.53125,0.5625,0.09375,0.1875,0.0625,牝,先行,2勝クラス
2026-10-11|京都|8R|4208298086b65500,2026-10-11T07:40:27+09:00,base-1.12-calibrated,course_batch,2026-10-11,京都,8R,3歳以上2勝クラス,ダート,1800,良,6,プウスカンドゥール,中井,坂口,True,streamlit_course_batch,feature_missing,9,0.0683969035839771,0.1054932753876905,28.3809315052023,0.0683969035839771,0.1054932753876905,28.3809315052023,7,☆,,,,,,,3,6,56.0,,,10.6,0.0,1.0,8.4,12.4,0.0,0.5,0.1818181818181818,0.2150045666821761,0.2150045666821761,0.2226391494684177,10.0,1.0,8.0,0.0,298.0,0.0,0.0,4,3.0,,,,,0.2222222222222222,0.2150045666821761,0.2150045666821761,0.2150045666821761,0.2150045666821761,0.2150045666821761,0.2150045666821761,0.2150045666821761,0.2150045666821761,16.0,,,,0.90625,0.53125,0.5625,0.9375,0.25,0.8125,牝,差し,2勝クラス
2026-10-11|京都|8R|4208298086b65500,2026-10-11T07:40:27+09:00,base-1.12-calibrated,course_batch,2026-10-11,京都,8R,3歳以上2勝クラス,ダート,1800,良,10,オーケアニス,北村友,松永幹,True,streamlit_course_batch,feature_missing,10,0.0530966585755511,0.1015599687226837,30.52380917189259,0.0530966585755511,0.1015599687226837,30.52380917189259,8,注,,,,,,,5,4,56.0,,,2.8,0.8,1.0,5.2,1.2,0.8,0.0,0.75,0.2150045666821761,0.2150045666821761,0.223986856516977,1.0,,2.0,0.0,315.0,0.0,2.0,4,2.0,,,,,0.75,0.2150045666821761,0.2150045666821761,0.2150045666821761,0.2150045666821761,0.2150045666821761,0.2150045666821761,0.2150045666821761,0.2150045666821761,16.0,,,,0.15625,0.53125,0.5625,0.1875,0.90625,0.1875,牝,先行,2勝クラス
2026-10-11|京都|8R|4208298086b65500,2026-10-11T07:40:27+09:00,base-1.12-calibrated,course_batch,2026-10-11,京都,8R,3歳以上2勝クラス,ダート,1800,良,16,カスバートテソーロ,吉田隼,畠山,True,streamlit_course_batch,feature_missing,9,0.0483755324357407,0.1006633418107013,26.72443029268155,0.0483755324357407,0.1006633418107013,26.72443029268155,9,注,,,,,,,8,4,56.0,,,3.0,0.6,5.0,4.4,5.2,0.5,0.2150045666821761,0.75,0.2150045666821761,0.2150045666821761,0.2247081712062257,2.0,5.0,5.0,0.0,287.0,0.0,1.0,4,3.0,,,,,0.75,0.2150045666821761,0.2150045666821761,0.2150045666821761,0.2150045666821761,0.2150045666821761,0.2150045666821761,0.2150045666821761,0.2150045666821761,16.0,,,,0.34375,0.53125,0.5625,0.40625,0.53125,0.1875,牝,差し,2勝クラス
2026-10-11|京都|8R|4208298086b65500,2026-10-11T07:40:27+09:00,base-1.12-calibrated,course_batch,2026-10-11,京都,8R,3歳以上2勝クラス,ダート,1800,良,14,ゼットレジーナ,国分恭,吉田,True,streamlit_course_batch,feature_missing,9,0.0417846137748201,0.0858187880004709,17.872590533718803,0.0417846137748201,0.0858187880004709,17.872590533718803,10,注,,,,,,,7,5,56.0,,,10.4,0.0,5.0,10.2,9.8,0.4444444444444444,0.25,0.4,0.2150045666821761,0.2150045666821761,0.2169154228855721,13.0,5.0,13.0,0.0,311.0,0.0,0.0,4,3.0,,,,,0.3333333333333333,0.2150045666821761,0.2150045666821761,0.2150045666821761,0.2150045666821761,0.2150045666821761,0.2150045666821761,0.2150045666821761,0.2150045666821761,16.0,,,,0.90625,0.53125,0.5625,0.5,0.3125,0.59375,牝,差し,2勝クラス
2026-10-11|京都|8R|4208298086b65500,2026-10-11T07:40:27+09:00,base-1.12-calibrated,course_batch,2026-10-11,京都,8R,3歳以上2勝クラス,ダート,1800,良,7,ハギノコラソン,◇今村,寺島,True,streamlit_course_batch,feature_missing,10,0.0411638459866417,0.1141024718043526,24.34603466291704,0.0411638459866417,0.1141024718043526,24.34603466291704,11,×,,,,,,,4,4,54.0,,,3.4,0.6,3.4394014331558185,3.8,3.0,0.5454545454545454,0.8,0.5,0.2150045666821761,0.2150045666821761,0.2333333333333333,4.0,,5.0,0.0,301.0,0.0,1.0,4,3.0,,,,,0.3333333333333333,0.2150045666821761,0.2150045666821761,0.2150045666821761,0.2150045666821761,0.2150045666821761,0.2150045666821761,0.2150045666821761,0.2150045666821761,16.0,,,,0.34375,0.53125,0.5625,0.3125,0.125,0.40625,牝,差し,2勝クラス
2026-10-11|京都|8R|4208298086b65500,2026-10-11T07:40:27+09:00,base-1.12-calibrated,course_batch,2026-10-11,京都,8R,3歳以上2勝クラス,ダート,1800,良,9,マクノス,田口,鈴木孝,True,streamlit_course_batch,feature_missing,9,0.0369109917680913,0.0607248087737402,15.410880620507143,0.0369109917680913,0.0607248087737402,15.410880620507143,12,×,,,,,,,5,3,54.0,,,11.0,0.0,4.0,12.0,12.0,0.2150045666821761,0.0,0.0,0.2150045666821761,0.2150045666821761,0.223986856516977,11.0,4.0,12.0,400.0,349.0,0.0,3.0,4,4.0,,,,,0.0,0.2150045666821761,0.2150045666821761,0.2150045666821761,0.2150045666821761,0.2150045666821761,0.2150045666821761,0.2150045666821761,0.2150045666821761,16.0,,,,0.90625,0.53125,0.5625,0.75,0.90625,0.9375,牝,追込,2勝クラス
2026-10-11|京都|8R|4208298086b65500,2026-10-11T07:40:27+09:00,base-1.12-calibrated,course_batch,2026-10-11,京都,8R,3歳以上2勝クラス,ダート,1800,良,3,ヴァンアグレアブル,幸,橋口,True,streamlit_course_batch,feature_missing,10,0.0366450803071878,0.1063877927239323,24.45237001327599,0.0366450803071878,0.1063877927239323,24.45237001327599,13,×,,,,,,,2,4,56.0,,,2.6,0.8,3.4394014331558185,2.6,2.0,0.6363636363636364,0.8333333333333334,0.6363636363636364,0.2150045666821761,0.2150045666821761,0.2320478723404255,4.0,,5.0,0.0,284.0,0.0,0.0,4,3.0,,,,,0.8333333333333334,0.2150045666821761,0.2150045666821761,0.2150045666821761,0.2150045666821761,0.2150045666821761,0.2150045666821761,0.2150045666821761,0.2150045666821761,16.0,,,,0.15625,0.53125,0.5625,0.25,0.0625,0.3125,牝,差し,2勝クラス
2026-10-11|京都|8R|4208298086b65500,2026-10-11T07:40:27+09:00,base-1.12-calibrated,course_batch,2026-10-11,京都,8R,3歳以上2勝クラス,ダート,1800,良,5,ラヴァブル,◇古川奈,松下,True,streamlit_course_batch,feature_missing,10,0.0338827545652591,0.0706597452794899,16.519469598173803,0.0338827545652591,0.0706597452794899,16.519469598173803,14,×,,,,,,,3,4,54.0,,,8.0,0.2,4.5,7.4,8.4,0.4,0.2150045666821761,0.25,0.2150045666821761,0.2150045666821761,0.2226391494684177,1.0,,1.0,0.0,329.0,0.0,1.0,4,4.0,,,,,0.25,0.2150045666821761,0.2150045666821761,0.2150045666821761,0.2150045666821761,0.2150045666821761,0.2150045666821761,0.2150045666821761,0.2150045666821761,16.0,,,,0.75,0.53125,0.5625,0.59375,0.53125,0.6875,牝,追込,2勝クラス
2026-10-11|京都|8R|4208298086b65500,2026-10-11T07:40:27+09:00,base-1.12-calibrated,course_batch,2026-10-11,京都,8R,3歳以上2勝クラス,ダート,1800,良,15,カルミアクラウン,小沢,吉岡,True,streamlit_course_batch,feature_missing,10,0.0327846757686678,0.0877842310363599,18.53428085550632,0.0327846757686678,0.0877842310363599,18.53428085550632,15,×,,,,,,,8,4,56.0,,,4.2,0.4,3.4394014331558185,6.0,7.0,0.0,0.0,0.4285714285714285,0.2150045666821761,0.2150045666821761,0.2247081712062257,2.0,,4.0,100.0,308.0,0.0,2.0,4,3.0,,,,,0.6666666666666666,0.2150045666821761,0.2150045666821761,0.2150045666821761,0.2150045666821761,0.2150045666821761,0.2150045666821761,0.2150045666821761,0.2150045666821761,16.0,,,,0.53125,0.53125,0.5625,0.9375,0.90625,0.5,牝,差し,2勝クラス
2026-10-11|京都|8R|4208298086b65500,2026-10-11T07:40:27+09:00,base-1.12-calibrated,course_batch,2026-10-11,京都,8R,3歳以上2勝クラス,ダート,1800,良,4,エターナルプロミス,亀田,茶木,True,streamlit_course_batch,feature_missing,10,0.0323393888169357,0.0812396325634007,18.203066362110658,0.0323393888169357,0.0812396325634007,18.203066362110658,16,×,,,,,,,2,4,56.0,,,8.0,0.4,6.5,7.6,2.4,0.4,0.2150045666821761,0.4,0.2150045666821761,0.2150045666821761,0.2320478723404255,14.0,,12.0,0.0,298.0,0.0,0.0,4,3.0,,,,,0.4,0.2150045666821761,0.2150045666821761,0.2150045666821761,0.2150045666821761,0.2150045666821761,0.2150045666821761,0.2150045666821761,0.2150045666821761,16.0,,,,0.53125,0.53125,0.5625,0.59375,0.53125,0.59375,牝,差し,2勝クラス
2026-10-11|京都|9R|dfc3aee68c1227bb,2026-10-11T07:40:27+09:00,base-1.12-calibrated,course_batch,2026-10-11,京都,9R,円山特別,ダート,1200,良,7,タカスタカスタカス,松山,藤原,True,streamlit_course_batch,feature_missing,10,0.2540017304815534,0.2726830690162422,81.81707672540605,0.2540017304815534,0.2726830690162422,81.81707672540605,1,◎,,,,,,,4,3,57.0,,,1.0,1.0,3.4394014331558185,2.0,1.0,1.0,0.2150045666821761,1.0,0.2150045666821761,0.2150045666821761,0.1890648952478283,1.0,,2.0,0.0,473.0,0.0,3.0,4,1.0,,,,,1.0,0.2150045666821761,0.2150045666821761,0.2150045666821761,0.2150045666821761,0.2150045666821761,0.2150045666821761,0.2150045666821761,0.2150045666821761,16.0,,,,0.125,0.5625,0.53125,0.15625,0.53125,0.1875,牡,逃げ,2勝クラス
2026-10-11|京都|9R|dfc3aee68c1227bb,2026-10-11T07:40:27+09:00,base-1.12-calibrated,course_batch,2026-10-11,京都,9R,円山特別,ダート,1200,良,6,セルヴァンス,長岡,小椋,True,streamlit_course_batch,feature_missing,10,0.078407745108444,0.137055818620282,25.4912329073094,0.078407745108444,0.137055818620282,25.4912329073094,2,○,,,,,,,3,4,58.0,,,9.8,0.2,3.4394014331558185,9.2,9.2,0.375,0.0,0.5,0.2150045666821761,0.2150045666821761,0.1947089947089947,1.0,,3.0,0.0,301.0,0.0,1.0,4,2.0,,,,,0.5,0.2150045666821761,0.2150045666821761,0.2150045666821761,0.2150045666821761,0.2150045666821761,0.2150045666821761,0.2150045666821761,0.2150045666821761,16.0,,,,0.84375,0.5625,0.53125,0.6875,0.875,0.46875,せん,先行,2勝クラス
2026-10-11|京都|9R|dfc3aee68c1227bb,2026-10-11T07:40:27+09:00,base-1.12-calibrated,course_batch,2026-10-11,京都,9R,円山特別,ダート,1200,良,1,メイショウバルク,田山,安達,True,streamlit_course_batch,feature_missing,10,0.0749978536162913,0.1439388685021029,32.79070507181691,0.0749978536162913,0.1439388685021029,32.79070507181691,3,▲,,,,,,,1,3,57.0,,,3.0,1.0,3.4394014331558185,2.0,3.0,1.0,0.2150045666821761,1.0,0.2150045666821761,0.2150045666821761,0.1965558194774346,3.0,,2.0,0.0,284.0,0.0,2.0,4,2.0,,,,,1.0,0.2150045666821761,0.2150045666821761,0.2150045666821761,0.2150045666821761,0.2150045666821761,0.2150045666821761,0.2150045666821761,0.2150045666821761,16.0,,,,0.125,0.5625,0.53125,0.15625,0.53125,0.1875,牡,先行,2勝クラス
2026-10-11|京都|9R|dfc3aee68c1227bb,2026-10-11T07:40:27+09:00,base-1.12-calibrated,course_batch,2026-10-11,京都,9R,円山特別,ダート,1200,良,12,アオイレーギーナ,幸,宮地,True,streamlit_course_batch,feature_missing,10,0.0745640860454013,0.1169782376985546,26.005686545745405,0.0745640860454013,0.1169782376985546,26.005686545745405,4,△,,,,,,,6,4,56.0,,,7.0,0.4,1.0,8.2,7.4,0.6,1.0,1.0,0.2150045666821761,0.2150045666821761,0.2037037037037037,1.0,,1.0,0.0,377.0,0.0,1.0,4,2.0,,,,,1.0,0.2150045666821761,0.2150045666821761,0.2150045666821761,0.2150045666821761,0.2150045666821761,0.2150045666821761,0.2150045666821761,0.2150045666821761,16.0,,,,0.5625,0.5625,0.53125,0.375,0.125,0.1875,牝,先行,2勝クラス
2026-10-11|京都|9R|dfc3aee68c1227bb,2026-10-11T07:40:27+09:00,base-1.12-calibrated,course_batch,2026-10-11,京都,9R,円山特別,ダート,1200,良,3,ストラテージュ,菅原明,荒川,True,streamlit_course_batch,feature_missing,10,0.0745325521996807,0.1395874321992959,24.56284677831318,0.0745325521996807,0.1395874321992959,24.56284677831318,5,△,,,,,,,2,4,58.0,,,7.0,0.2,3.4394014331558185,8.2,8.2,0.0,0.0,0.2857142857142857,0.2150045666821761,0.2150045666821761,0.1943207126948775,1.0,,1.0,200.0,305.0,0.0,2.0,4,2.0,,,,,0.1666666666666666,0.2150045666821761,0.2150045666821761,0.2150045666821761,0.2150045666821761,0.2150045666821761,0.2150045666821761,0.2150045666821761,0.2150045666821761,16.0,,,,0.84375,0.5625,0.53125,0.9375,0.875,0.78125,牡,先行,2勝クラス
2026-10-11|京都|9R|dfc3aee68c1227bb,2026-10-11T07:40:27+09:00,base-1.12-calibrated,course_batch,2026-10-11,京都,9R,円山特別,ダート,1200,良,4,ルクスレイモンド,坂井,上原佑,True,streamlit_course_batch,feature_missing,10,0.0735463194749618,0.1392577899136861,32.30222505043816,0.0735463194749618,0.1392577899136861,32.30222505043816,6,☆,,,,,,,2,3,57.0,,,1.3333333333333333,1.0,3.4394014331558185,2.333333333333333,2.0,1.0,0.2150045666821761,1.0,0.2150045666821761,0.2150045666821761,0.1943207126948775,1.0,,1.0,0.0,298.0,0.0,1.0,4,2.0,,,,,1.0,0.2150045666821761,0.2150045666821761,0.2150045666821761,0.2150045666821761,0.2150045666821761,0.2150045666821761,0.2150045666821761,0.2150045666821761,16.0,,,,0.125,0.5625,0.53125,0.15625,0.53125,0.1875,牡,先行,2勝クラス
2026-10-11|京都|9R|dfc3aee68c1227bb,2026-10-11T07:40:27+09:00,base-1.12-calibrated,course_batch,2026-10-11,京都,9R,円山特別,ダート,1200,良,16,セールヴォラン,松若,北出,True,streamlit_course_batch,feature_missing,10,0.0669773437898054,0.1189134668736055,26.11259134234433,0.0669773437898054,0.1189134668736055,26.11259134234433,7,☆,,,,,,,8,5,58.0,,,3.2,0.6,3.4394014331558185,6.4,2.8,0.4166666666666667,0.5,0.4166666666666667,0.2150045666821761,0.2150045666821761,0.2203552568410945,1.0,,3.0,0.0,418.0,0.0,1.0,4,2.0,,,,,0.4166666666666667,0.2150045666821761,0.2150045666821761,0.2150045666821761,0.2150045666821761,0.2150045666821761,0.2150045666821761,0.2150045666821761,0.2150045666821761,16.0,,,,0.34375,0.5625,0.53125,0.5625,0.25,0.5625,牡,先行,2勝クラス
2026-10-11|京都|9R|dfc3aee68c1227bb,2026-10-11T07:40:27+09:00,base-1.12-calibrated,course_batch,2026-10-11,京都,9R,円山特別,ダート,1200,良,10,ダノンプリマ,角田和,千田,True,streamlit_course_batch,feature_missing,10,0.0597371610177461,0.1232531407512694,24.368293134306256,0.0597371610177461,0.1232531407512694,24.368293134306256,8,注,,,,,,,5,4,56.0,,,3.4,0.6,3.4394014331558185,6.0,4.0,0.6666666666666666,1.0,1.0,0.2150045666821761,0.2150045666821761,0.2134328358208955,3.0,,9.0,-400.0,322.0,0.0,2.0,4,2.0,,,,,1.0,0.2150045666821761,0.2150045666821761,0.2150045666821761,0.2150045666821761,0.2150045666821761,0.2150045666821761,0.2150045666821761,0.2150045666821761,16.0,,,,0.34375,0.5625,0.53125,0.3125,0.125,0.1875,牝,先行,2勝クラス
2026-10-11|京都|9R|dfc3aee68c1227bb,2026-10-11T07:40:27+09:00,base-1.12-calibrated,course_batch,2026-10-11,京都,9R,円山特別,ダート,1200,良,9,フェアリーライズ,川須,秋山,True,streamlit_course_batch,feature_missing,15,0.0453622373999904,0.1420440324060974,17.309513968838637,0.0453622373999904,0.1420440324060974,17.309513968838637,9,注,,,,,,,5,3,55.0,,,8.025185683020558,0.2150045666821761,3.4394014331558185,7.494719668074899,7.75818987058195,0.2150045666821761,0.2150045666821761,0.2150045666821761,0.2150045666821761,0.2150045666821761,0.2134328358208955,,,,0.0,,0.0,0.0,4,,,,,,0.2092924241400283,0.2150045666821761,0.2150045666821761,0.2150045666821761,0.2150045666821761,0.2150045666821761,0.2150045666821761,0.2150045666821761,0.2150045666821761,16.0,,,,0.75,0.5625,0.53125,0.8125,0.53125,0.90625,牝,,2勝クラス
2026-10-11|京都|9R|dfc3aee68c1227bb,2026-10-11T07:40:27+09:00,base-1.12-calibrated,course_batch,2026-10-11,京都,9R,円山特別,ダート,1200,良,8,タイセイディアマン,田口,大橋,True,streamlit_course_batch,feature_missing,10,0.0424732431508051,0.1248294691412538,13.989799705261069,0.0424732431508051,0.1248294691412538,13.989799705261069,10,注,,,,,,,4,4,58.0,,,6.4,0.0,1.0,5.4,6.8,0.5,0.0,0.2857142857142857,0.2150045666821761,0.2150045666821761,0.1890648952478283,7.0,,11.0,-200.0,370.0,0.0,1.0,4,3.0,,,,,0.3333333333333333,0.2150045666821761,0.2150045666821761,0.2150045666821761,0.2150045666821761,0.2150045666821761,0.2150045666821761,0.2150045666821761,0.2150045666821761,16.0,,,,0.96875,0.5625,0.53125,0.46875,0.875,0.78125,牡,差し,2勝クラス
2026-10-11|京都|9R|dfc3aee68c1227bb,2026-10-11T07:40:27+09:00,base-1.12-calibrated,course_batch,2026-10-11,京都,9R,円山特別,ダート,1200,良,15,パールフロント,北村友,寺島,True,streamlit_course_batch,feature_missing,9,0.0319170399015309,0.1087350318777138,14.886066582617142,0.0319170399015309,0.1087350318777138,14.886066582617142,11,×,,,,,,,8,4,56.0,,,4.8,0.4,3.0,5.2,4.0,0.0,0.25,0.5,0.2150045666821761,0.2150045666821761,0.2203552568410945,3.0,3.0,5.0,-200.0,325.0,0.0,2.0,4,3.0,,,,,0.4285714285714285,0.2150045666821761,0.2150045666821761,0.2150045666821761,0.2150045666821761,0.2150045666821761,0.2150045666821761,0.2150045666821761,0.2150045666821761,16.0,,,,0.5625,0.5625,0.53125,0.9375,0.3125,0.46875,牝,差し,2勝クラス
2026-10-11|京都|9R|dfc3aee68c1227bb,2026-10-11T07:40:27+09:00,base-1.12-calibrated,course_batch,2026-10-11,京都,9R,円山特別,ダート,1200,良,2,レッドレベンディス,武豊,庄野,True,streamlit_course_batch,feature_missing,10,0.0304475652563983,0.0941684624584925,15.145858247938826,0.0304475652563983,0.0941684624584925,15.145858247938826,12,×,,,,,,,1,3,57.0,,,3.75,0.5,7.0,5.25,4.75,0.0,0.2150045666821761,0.0,0.3831775700934579,0.2150045666821761,0.1965558194774346,5.0,,4.0,0.0,284.0,0.0,2.0,4,3.0,,,,,0.0,0.4127465857359635,0.4104234527687296,0.3780198957839886,0.4171392564587272,0.3831775700934579,0.2150045666821761,0.2150045666821761,0.2150045666821761,16.0,,,,0.4375,0.0625,0.53125,0.9375,0.53125,1.0,牡,差し,2勝クラス
2026-10-11|京都|9R|dfc3aee68c1227bb,2026-10-11T07:40:27+09:00,base-1.12-calibrated,course_batch,2026-10-11,京都,9R,円山特別,ダート,1200,良,13,バッハアルプゼー,鮫島駿,橋口,True,streamlit_course_batch,feature_missing,9,0.0298901907753237,0.1236126344448555,18.739328317503613,0.0298901907753237,0.1236126344448555,18.739328317503613,13,×,,,,,,,7,4,58.0,,,3.6,0.8,1.0,4.4,2.6,1.0,1.0,0.8,0.2150045666821761,0.2150045666821761,0.2092574734811957,3.0,1.0,2.0,0.0,322.0,0.0,1.0,4,3.0,,,,,0.75,0.2150045666821761,0.2150045666821761,0.2150045666821761,0.2150045666821761,0.2150045666821761,0.2150045666821761,0.2150045666821761,0.2150045666821761,16.0,,,,0.25,0.5625,0.53125,0.15625,0.125,0.375,牡,差し,2勝クラス
2026-10-11|京都|9R|dfc3aee68c1227bb,2026-10-11T07:40:27+09:00,base-1.12-calibrated,course_batch,2026-10-11,京都,9R,円山特別,ダート,1200,良,14,カワキタマナレア,斎藤,杉山佳,True,streamlit_course_batch,feature_missing,10,0.0295457204594973,0.0782093198615841,9.516094201013964,0.0295457204594973,0.0782093198615841,9.516094201013964,14,×,,,,,,,7,4,56.0,,,10.0,0.0,1.5,4.2,6.8,0.2857142857142857,0.0,0.2150045666821761,0.2150045666821761,0.2150045666821761,0.2092574734811957,12.0,,4.0,-200.0,346.0,0.0,0.0,4,4.0,,,,,0.2092924241400283,0.2150045666821761,0.2150045666821761,0.2150045666821761,0.2150045666821761,0.2150045666821761,0.2150045666821761,0.2150045666821761,0.2150045666821761,16.0,,,,0.96875,0.5625,0.53125,0.75,0.875,0.90625,牝,追込,2勝クラス
2026-10-11|京都|9R|dfc3aee68c1227bb,2026-10-11T07:40:27+09:00,base-1.12-calibrated,course_batch,2026-10-11,京都,9R,円山特別,ダート,1200,良,11,フレンズプラス,荻野琢,宮本,True,streamlit_course_batch,feature_missing,10,0.0194953994117137,0.0915627267930612,10.611347678286108,0.0194953994117137,0.0915627267930612,10.611347678286108,15,×,,,,,,,6,3,55.0,,,5.0,0.3333333333333333,2.0,5.666666666666667,4.333333333333333,0.5,0.0,0.3333333333333333,0.2150045666821761,0.2150045666821761,0.2037037037037037,7.0,,9.0,0.0,425.0,0.0,2.0,4,3.0,,,,,0.5,0.2150045666821761,0.2150045666821761,0.2150045666821761,0.2150045666821761,0.2150045666821761,0.2150045666821761,0.2150045666821761,0.2150045666821761,16.0,,,,0.6875,0.5625,0.53125,0.46875,0.875,0.65625,牝,差し,2勝クラス
2026-10-11|京都|9R|dfc3aee68c1227bb,2026-10-11T07:40:27+09:00,base-1.12-calibrated,course_batch,2026-10-11,京都,9R,円山特別,ダート,1200,良,5,クインズシフォン,吉田隼,和田郎,True,streamlit_course_batch,feature_missing,10,0.014103811910856,0.0708035688646078,9.379307837833336,0.014103811910856,0.0708035688646078,9.379307837833336,16,×,,,,,,,3,4,56.0,,,4.8,0.4,4.0,3.2,5.6,0.4,0.2150045666821761,0.3333333333333333,0.2150045666821761,0.2150045666821761,0.1947089947089947,5.0,,2.0,-200.0,377.0,0.0,1.0,4,4.0,,,,,0.0,0.2150045666821761,0.2150045666821761,0.2150045666821761,0.2150045666821761,0.2150045666821761,0.2150045666821761,0.2150045666821761,0.2150045666821761,16.0,,,,0.5625,0.5625,0.53125,0.625,0.53125,0.65625,牝,追込,2勝クラス
2026-10-11|京都|10R|870db227fee3d7f5,2026-10-11T07:40:27+09:00,base-1.12-calibrated,course_batch,2026-10-11,京都,10R,三年坂S,芝,1600,良,8,ミッキージュエリー,中井,中内田,True,streamlit_course_batch,feature_missing,10,0.1500224182269569,0.1955231279436666,77.88807819859167,0.1500224182269569,0.1955231279436666,77.88807819859167,1,◎,,,,,,,4,4,54.0,,,4.2,0.8,3.0,6.4,2.4,0.75,0.75,0.6666666666666666,0.2150045666821761,0.2150045666821761,0.2506203473945409,2.0,,4.0,0.0,363.0,0.0,0.0,5,1.0,,,,,0.75,0.2150045666821761,0.2150045666821761,0.2150045666821761,0.2150045666821761,0.2150045666821761,0.2150045666821761,0.2150045666821761,0.2150045666821761,17.0,,,,0.1470588235294117,0.5588235294117647,0.5294117647058824,0.2941176470588235,0.1764705882352941,0.1764705882352941,牝,逃げ,3勝クラス
2026-10-11|京都|10R|870db227fee3d7f5,2026-10-11T07:40:27+09:00,base-1.12-calibrated,course_batch,2026-10-11,京都,10R,三年坂S,芝,1600,良,6,モズカトレア,松若,井上,True,streamlit_course_batch,feature_missing,10,0.0909378403140446,0.0909378403140446,49.67395488026969,0.0909378403140446,0.0909378403140446,49.67395488026969,2,○,,,,,,,3,4,51.0,,,2.0,0.8,3.4394014331558185,3.6,3.4,0.2150045666821761,0.5,0.2150045666821761,0.2150045666821761,0.2150045666821761,0.2409850483729111,1.0,,2.0,-200.0,325.0,0.0,3.0,5,2.0,,,,,0.2213334724419945,0.2150045666821761,0.2150045666821761,0.2150045666821761,0.2150045666821761,0.2150045666821761,0.2150045666821761,0.2150045666821761,0.2150045666821761,17.0,,,,0.1470588235294117,0.5588235294117647,0.5294117647058824,0.9117647058823528,0.6176470588235294,0.9117647058823528,牝,先行,3勝クラス
2026-10-11|京都|10R|870db227fee3d7f5,2026-10-11T07:40:27+09:00,base-1.12-calibrated,course_batch,2026-10-11,京都,10R,三年坂S,芝,1600,良,15,ウォータークラーク,幸,石橋,True,streamlit_course_batch,feature_missing,10,0.078294907434521,0.1331412098120988,41.25125355152775,0.078294907434521,0.1331412098120988,41.25125355152775,3,▲,,,,,,,8,4,55.0,,,4.2,0.4,3.4394014331558185,5.0,3.8,1.0,0.3333333333333333,0.4444444444444444,0.2150045666821761,0.2150045666821761,0.2471839799749687,2.0,,1.0,0.0,291.0,0.0,1.0,5,2.0,,,,,0.1666666666666666,0.2150045666821761,0.2150045666821761,0.2150045666821761,0.2150045666821761,0.2150045666821761,0.2150045666821761,0.2150045666821761,0.2150045666821761,17.0,,,,0.5294117647058824,0.5588235294117647,0.5294117647058824,0.1470588235294117,0.7647058823529411,0.5294117647058824,牡,先行,3勝クラス
2026-10-11|京都|10R|870db227fee3d7f5,2026-10-11T07:40:27+09:00,base-1.12-calibrated,course_batch,2026-10-11,京都,10R,三年坂S,芝,1600,良,10,モアリジット,古川奈,西村,True,streamlit_course_batch,feature_missing,10,0.0630478420093533,0.0971684867142406,31.745861099672783,0.0630478420093533,0.0971684867142406,31.745861099672783,4,△,,,,,,,5,5,54.0,,,8.2,0.2,2.0,10.6,8.2,0.25,0.0,0.2,0.2150045666821761,0.2150045666821761,0.238095238095238,1.0,,12.0,-400.0,287.0,0.0,2.0,5,2.0,,,,,0.1818181818181818,0.2150045666821761,0.2150045666821761,0.2150045666821761,0.2150045666821761,0.2150045666821761,0.2150045666821761,0.2150045666821761,0.2150045666821761,17.0,,,,0.7941176470588235,0.5588235294117647,0.5294117647058824,0.7647058823529411,0.9705882352941176,1.0,牡,先行,3勝クラス
2026-10-11|京都|10R|870db227fee3d7f5,2026-10-11T07:40:27+09:00,base-1.12-calibrated,course_batch,2026-10-11,京都,10R,三年坂S,芝,1600,良,1,アルトゥーム,角田和,藤岡健,True,streamlit_course_batch,feature_missing,10,0.059877992729504,0.1311920681627752,33.223054541987,0.059877992729504,0.1311920681627752,33.223054541987,5,△,,,,,,,1,5,54.0,,,6.0,0.4,3.4394014331558185,3.8,4.6,0.5,0.6,0.45,0.2150045666821761,0.2150045666821761,0.2230843840931134,11.0,,5.0,0.0,346.0,0.0,0.0,5,3.0,,,,,0.4,0.2150045666821761,0.2150045666821761,0.2150045666821761,0.2150045666821761,0.2150045666821761,0.2150045666821761,0.2150045666821761,0.2150045666821761,17.0,,,,0.5294117647058824,0.5588235294117647,0.5294117647058824,0.5882352941176471,0.4411764705882353,0.4705882352941176,牡,差し,3勝クラス
2026-10-11|京都|10R|870db227fee3d7f5,2026-10-11T07:40:27+09:00,base-1.12-calibrated,course_batch,2026-10-11,京都,10R,三年坂S,芝,1600,良,13,クスクス,酒井,松下,True,streamlit_course_batch,feature_missing,10,0.0595528385487382,0.0967796475877529,34.22186493767565,0.0595528385487382,0.0967796475877529,34.22186493767565,6,☆,,,,,,,7,5,52.0,,,6.2,0.6,3.4394014331558185,8.8,6.0,0.5,0.4,0.375,0.2150045666821761,0.2150045666821761,0.2301639344262295,12.0,,13.0,0.0,298.0,0.0,1.0,5,2.0,,,,,0.3571428571428571,0.2150045666821761,0.2150045666821761,0.2150045666821761,0.2150045666821761,0.2150045666821761,0.2150045666821761,0.2150045666821761,0.2150045666821761,17.0,,,,0.3529411764705882,0.5588235294117647,0.5294117647058824,0.5882352941176471,0.7058823529411765,0.7352941176470589,牝,先行,3勝クラス
2026-10-11|京都|10R|870db227fee3d7f5,2026-10-11T07:40:27+09:00,base-1.12-calibrated,course_batch,2026-10-11,京都,10R,三年坂S,芝,1600,良,7,アヴィオン,菱田,岡田,True,streamlit_course_batch,feature_missing,15,0.0586442772581289,0.1388661267672539,31.03042152444622,0.0586442772581289,0.1388661267672539,31.03042152444622,7,☆,,,,,,,4,3,53.0,,,8.025185683020558,0.2150045666821761,3.4394014331558185,7.494719668074899,7.75818987058195,0.2150045666821761,0.2150045666821761,0.2150045666821761,0.2150045666821761,0.2150045666821761,0.2506203473945409,,,,0.0,,0.0,0.0,5,,,,,,0.2213334724419945,0.2150045666821761,0.2150045666821761,0.2150045666821761,0.2150045666821761,0.2150045666821761,0.2150045666821761,0.2150045666821761,0.2150045666821761,17.0,,,,0.6470588235294118,0.5588235294117647,0.5294117647058824,0.9117647058823528,0.8529411764705882,0.9117647058823528,牝,,3勝クラス
2026-10-11|京都|10R|870db227fee3d7f5,2026-10-11T07:40:27+09:00,base-1.12-calibrated,course_batch,2026-10-11,京都,10R,三年坂S,芝,1600,良,3,リゾートアイランド,北村友,上原佑,True,streamlit_course_batch,feature_missing,10,0.0577938965433888,0.1248642659793885,34.82855276050222,0.0577938965433888,0.1248642659793885,34.82855276050222,8,注,,,,,,,2,3,54.0,,,2.6666666666666665,0.6666666666666666,3.4394014331558185,3.6666666666666665,2.0,1.0,0.2150045666821761,0.6666666666666666,0.2150045666821761,0.2150045666821761,0.2092592592592592,2.0,,4.0,0.0,287.0,0.0,2.0,5,2.0,,,,,0.5,0.2150045666821761,0.2150045666821761,0.2150045666821761,0.2150045666821761,0.2150045666821761,0.2150045666821761,0.2150045666821761,0.2150045666821761,17.0,,,,0.2352941176470588,0.5588235294117647,0.5294117647058824,0.1470588235294117,0.8529411764705882,0.1764705882352941,牡,先行,3勝クラス
2026-10-11|京都|10R|870db227fee3d7f5,2026-10-11T07:40:27+09:00,base-1.12-calibrated,course_batch,2026-10-11,京都,10R,三年坂S,芝,1600,良,5,ハギノアルデバラン,鮫島駿,佐藤悠,True,streamlit_course_batch,feature_missing,10,0.0575208382674952,0.1406813992391699,28.43900685408275,0.0575208382674952,0.1406813992391699,28.43900685408275,9,注,,,,,,,3,6,56.0,,,8.2,0.0,3.0,5.6,10.0,0.2150045666821761,0.6,0.4736842105263157,0.2150045666821761,0.2150045666821761,0.2409850483729111,4.0,,5.0,-600.0,291.0,0.0,0.0,5,3.0,,,,,0.4705882352941176,0.2150045666821761,0.2150045666821761,0.2150045666821761,0.2150045666821761,0.2150045666821761,0.2150045666821761,0.2150045666821761,0.2150045666821761,17.0,,,,0.9705882352941176,0.5588235294117647,0.5294117647058824,0.9117647058823528,0.4411764705882353,0.4117647058823529,牡,差し,3勝クラス
2026-10-11|京都|10R|870db227fee3d7f5,2026-10-11T07:40:27+09:00,base-1.12-calibrated,course_batch,2026-10-11,京都,10R,三年坂S,芝,1600,良,4,トミーバローズ,坂井,清水久,True,streamlit_course_batch,feature_missing,10,0.0573083520306306,0.1313688848808381,38.114130385169176,0.0573083520306306,0.1313688848808381,38.114130385169176,10,注,,,,,,,2,3,55.0,,,2.0,1.0,3.4394014331558185,1.6666666666666667,2.0,1.0,1.0,1.0,0.2150045666821761,0.2150045666821761,0.2092592592592592,1.0,,2.0,0.0,339.0,0.0,3.0,5,2.0,,,,,1.0,0.2150045666821761,0.2150045666821761,0.2150045666821761,0.2150045666821761,0.2150045666821761,0.2150045666821761,0.2150045666821761,0.2150045666821761,17.0,,,,0.0588235294117647,0.5588235294117647,0.5294117647058824,0.1470588235294117,0.088235294117647,0.0588235294117647,牡,先行,3勝クラス
2026-10-11|京都|10R|870db227fee3d7f5,2026-10-11T07:40:27+09:00,base-1.12-calibrated,course_batch,2026-10-11,京都,10R,三年坂S,芝,1600,良,17,マトラコーニッシュ,西塚,池添,True,streamlit_course_batch,feature_missing,10,0.0541043871404189,0.1188146533871659,28.412097281896465,0.0541043871404189,0.1188146533871659,28.412097281896465,11,×,,,,,,,8,4,53.0,,,4.8,0.2,3.4394014331558185,4.0,4.4,0.2150045666821761,0.6666666666666666,0.4285714285714285,0.2150045666821761,0.2150045666821761,0.2471839799749687,4.0,,2.0,-400.0,311.0,0.0,2.0,5,3.0,,,,,0.3333333333333333,0.2150045666821761,0.2150045666821761,0.2150045666821761,0.2150045666821761,0.2150045666821761,0.2150045666821761,0.2150045666821761,0.2150045666821761,17.0,,,,0.7941176470588235,0.5588235294117647,0.5294117647058824,0.9117647058823528,0.2941176470588235,0.5882352941176471,牝,差し,3勝クラス
2026-10-11|京都|10R|870db227fee3d7f5,2026-10-11T07:40:27+09:00,base-1.12-calibrated,course_batch,2026-10-11,京都,10R,三年坂S,芝,1600,良,16,エポックヴィーナス,田山,新谷,True,streamlit_course_batch,feature_missing,10,0.0511531231016596,0.1116110643847125,26.953317579786827,0.0511531231016596,0.1116110643847125,26.953317579786827,12,×,,,,,,,8,5,54.0,,,5.4,0.2,3.4394014331558185,5.4,9.6,0.4375,0.5555555555555556,0.3888888888888889,0.2150045666821761,0.2150045666821761,0.2471839799749687,6.0,,6.0,0.0,318.0,0.0,0.0,5,3.0,,,,,0.4666666666666667,0.2150045666821761,0.2150045666821761,0.2150045666821761,0.2150045666821761,0.2150045666821761,0.2150045666821761,0.2150045666821761,0.2150045666821761,17.0,,,,0.7941176470588235,0.5588235294117647,0.5294117647058824,0.7058823529411765,0.5294117647058824,0.6470588235294118,牝,差し,3勝クラス
2026-10-11|京都|10R|870db227fee3d7f5,2026-10-11T07:40:27+09:00,base-1.12-calibrated,course_batch,2026-10-11,京都,10R,三年坂S,芝,1600,良,11,フェアリーライク,富田,笹田,True,streamlit_course_batch,feature_missing,10,0.0483530602251542,0.1106185771027763,29.71532613343999,0.0483530602251542,0.1106185771027763,29.71532613343999,13,×,,,,,,,6,4,53.0,,,5.2,0.6,3.4394014331558185,4.0,3.6,0.6666666666666666,1.0,0.625,0.2150045666821761,0.2150045666821761,0.2178729689807976,2.0,,1.0,0.0,360.0,0.0,1.0,5,3.0,,,,,0.5714285714285714,0.2150045666821761,0.2150045666821761,0.2150045666821761,0.2150045666821761,0.2150045666821761,0.2150045666821761,0.2150045666821761,0.2150045666821761,17.0,,,,0.3529411764705882,0.5588235294117647,0.5294117647058824,0.4117647058823529,0.088235294117647,0.2941176470588235,牝,差し,3勝クラス
2026-10-11|京都|10R|870db227fee3d7f5,2026-10-11T07:40:27+09:00,base-1.12-calibrated,course_batch,2026-10-11,京都,10R,三年坂S,芝,1600,良,2,スーサンアッシャー,城戸,鈴木孝,True,streamlit_course_batch,feature_missing,10,0.0338724694036923,0.0785677906347252,16.64007145990468,0.0338724694036923,0.0785677906347252,16.64007145990468,14,×,,,,,,,1,7,54.0,,,8.2,0.0,1.0,6.2,11.6,0.5,0.0,0.3333333333333333,0.2150045666821761,0.2150045666821761,0.2230843840931134,8.0,,12.0,200.0,284.0,0.0,0.0,5,4.0,,,,,0.3157894736842105,0.2150045666821761,0.2150045666821761,0.2150045666821761,0.2150045666821761,0.2150045666821761,0.2150045666821761,0.2150045666821761,0.2150045666821761,17.0,,,,0.9705882352941176,0.5588235294117647,0.5294117647058824,0.5882352941176471,0.9705882352941176,0.8235294117647058,牡,追込,3勝クラス
2026-10-11|京都|10R|870db227fee3d7f5,2026-10-11T07:40:27+09:00,base-1.12-calibrated,course_batch,2026-10-11,京都,10R,三年坂S,芝,1600,良,14,ノクナレア,松山,今野,True,streamlit_course_batch,feature_missing,10,0.0331960406384372,0.1081494859178682,23.086538511901185,0.0331960406384372,0.1081494859178682,23.086538511901185,15,×,,,,,,,7,4,54.0,,,3.4,0.6,3.4394014331558185,4.0,3.6,0.6666666666666666,0.5,0.6666666666666666,0.2150045666821761,0.2150045666821761,0.2301639344262295,1.0,,4.0,0.0,284.0,0.0,2.0,5,3.0,,,,,0.5,0.2150045666821761,0.2150045666821761,0.2150045666821761,0.2150045666821761,0.2150045666821761,0.2150045666821761,0.2150045666821761,0.2150045666821761,17.0,,,,0.3529411764705882,0.5588235294117647,0.5294117647058824,0.4117647058823529,0.6176470588235294,0.1764705882352941,牝,差し,3勝クラス
2026-10-11|京都|10R|870db227fee3d7f5,2026-10-11T07:40:27+09:00,base-1.12-calibrated,course_batch,2026-10-11,京都,10R,三年坂S,芝,1600,良,12,キングメーカー,武豊,須貝,True,streamlit_course_batch,feature_missing,10,0.0244951396950819,0.077758667299355,16.556941056564664,0.0244951396950819,0.077758667299355,16.556941056564664,16,×,,,,,,,6,4,55.0,,,5.4,0.4,3.4394014331558185,5.0,3.6,1.0,0.6666666666666666,0.375,0.3831775700934579,0.2150045666821761,0.2178729689807976,1.0,,2.0,0.0,298.0,0.0,1.0,5,4.0,,,,,0.375,0.4127465857359635,0.3637160385626643,0.3882121807465619,0.356851095432603,0.3831775700934579,0.2150045666821761,0.2150045666821761,0.2150045666821761,17.0,,,,0.5294117647058824,0.0588235294117647,0.5294117647058824,0.1470588235294117,0.2941176470588235,0.7352941176470589,牡,追込,3勝クラス
2026-10-11|京都|10R|870db227fee3d7f5,2026-10-11T07:40:27+09:00,base-1.12-calibrated,course_batch,2026-10-11,京都,10R,三年坂S,芝,1600,良,9,サクセスアイ,藤懸,北出,True,streamlit_course_batch,feature_missing,10,0.0218245764327938,0.077746741030139,13.399571749400463,0.0218245764327938,0.077746741030139,13.399571749400463,17,×,,,,,,,5,6,53.0,,,7.0,0.2,1.0,8.8,5.4,0.6666666666666666,0.6666666666666666,0.5263157894736842,0.2150045666821761,0.2150045666821761,0.238095238095238,10.0,,11.0,200.0,311.0,0.0,0.0,5,3.0,,,,,0.5,0.2150045666821761,0.2150045666821761,0.2150045666821761,0.2150045666821761,0.2150045666821761,0.2150045666821761,0.2150045666821761,0.2150045666821761,17.0,,,,0.7941176470588235,0.5588235294117647,0.5294117647058824,0.4117647058823529,0.2941176470588235,0.3529411764705882,牝,差し,3勝クラス
2026-10-11|京都|11R|cb0bfd4e87805de9,2026-10-11T07:40:27+09:00,base-1.12-calibrated,course_batch,2026-10-11,京都,11R,太秦S,ダート,1800,良,10,レアンダー,菱田,大根田,True,streamlit_course_batch,feature_missing,10,0.1780005477358419,0.2042979612578732,70.10744903144683,0.1780005477358419,0.2042979612578732,70.10744903144683,1,◎,,,,,,,6,5,57.0,,,9.8,0.0,1.5,13.0,10.6,0.2,0.125,0.25,0.2150045666821761,0.2150045666821761,0.2278679937139864,4.0,,10.0,0.0,322.0,0.0,0.0,6,1.0,,,,,0.25,0.2150045666821761,0.2150045666821761,0.2150045666821761,0.2150045666821761,0.2150045666821761,0.2150045666821761,0.2150045666821761,0.2150045666821761,14.0,,,,0.8928571428571429,0.5714285714285714,0.5357142857142857,0.8571428571428571,0.9285714285714286,0.7857142857142857,牡,逃げ,オープン
2026-10-11|京都|11R|cb0bfd4e87805de9,2026-10-11T07:40:27+09:00,base-1.12-calibrated,course_batch,2026-10-11,京都,11R,太秦S,ダート,1800,良,6,ブルーサン,富田,宮地,True,streamlit_course_batch,feature_missing,10,0.1751675597941807,0.2504130275162781,74.22581080269855,0.1751675597941807,0.2504130275162781,74.22581080269855,2,○,,,,,,,4,5,57.0,,,6.2,0.4,4.0,7.4,5.4,0.5555555555555556,0.8,0.5555555555555556,0.2150045666821761,0.2150045666821761,0.2333333333333333,6.0,,5.0,100.0,688.0,0.0,0.0,6,1.0,,,,,0.5,0.2150045666821761,0.2150045666821761,0.2150045666821761,0.2150045666821761,0.2150045666821761,0.2150045666821761,0.2150045666821761,0.2150045666821761,14.0,,,,0.6071428571428571,0.5714285714285714,0.5357142857142857,0.5,0.3928571428571428,0.5,牡,逃げ,オープン
2026-10-11|京都|11R|cb0bfd4e87805de9,2026-10-11T07:40:27+09:00,base-1.12-calibrated,course_batch,2026-10-11,京都,11R,太秦S,ダート,1800,良,12,ペイシャモノノフ,池添,畑端,True,streamlit_course_batch,feature_missing,10,0.1106644137091207,0.1484546262545516,46.12240361433543,0.1106644137091207,0.1484546262545516,46.12240361433543,3,▲,,,,,,,7,6,57.0,,,6.8,0.2,3.4394014331558185,8.6,7.4,0.0,0.3333333333333333,0.1666666666666666,0.2150045666821761,0.2150045666821761,0.2169154228855721,10.0,,12.0,-300.0,719.0,0.0,1.0,6,2.0,,,,,0.2,0.2150045666821761,0.2150045666821761,0.2150045666821761,0.2150045666821761,0.2150045666821761,0.2150045666821761,0.2150045666821761,0.2150045666821761,14.0,,,,0.7142857142857143,0.5714285714285714,0.5357142857142857,0.9642857142857144,0.7857142857142857,0.9285714285714286,牡,先行,オープン
2026-10-11|京都|11R|cb0bfd4e87805de9,2026-10-11T07:40:27+09:00,base-1.12-calibrated,course_batch,2026-10-11,京都,11R,太秦S,ダート,1800,良,2,パシアンジャン,田口,鈴木孝,True,streamlit_course_batch,feature_missing,9,0.0990059434560693,0.1739886004268878,40.50345951596894,0.0990059434560693,0.1739886004268878,40.50345951596894,4,△,,,,,,,2,5,57.0,,,5.4,0.0,1.0,4.0,3.6,0.5,0.625,0.4166666666666667,0.2150045666821761,0.2150045666821761,0.2320478723404255,4.0,1.0,4.0,0.0,311.0,0.0,1.0,6,2.0,,,,,0.375,0.2150045666821761,0.2150045666821761,0.2150045666821761,0.2150045666821761,0.2150045666821761,0.2150045666821761,0.2150045666821761,0.2150045666821761,14.0,,,,0.8928571428571429,0.5714285714285714,0.5357142857142857,0.6071428571428571,0.6071428571428571,0.6428571428571429,牡,先行,オープン
2026-10-11|京都|11R|cb0bfd4e87805de9,2026-10-11T07:40:27+09:00,base-1.12-calibrated,course_batch,2026-10-11,京都,11R,太秦S,ダート,1800,良,4,ハナウマビーチ,横山琉,西園翔,True,streamlit_course_batch,feature_missing,10,0.0656309532556751,0.1534804636715873,33.8032971784485,0.0656309532556751,0.1534804636715873,33.8032971784485,5,△,,,,,,,3,4,58.0,,,2.2,0.6,3.4394014331558185,2.6,2.6,0.8,1.0,0.625,0.2150045666821761,0.2150045666821761,0.2226391494684177,1.0,,1.0,0.0,329.0,0.0,4.0,6,2.0,,,,,0.6666666666666666,0.2150045666821761,0.2150045666821761,0.2150045666821761,0.2150045666821761,0.2150045666821761,0.2150045666821761,0.2150045666821761,0.2150045666821761,14.0,,,,0.3571428571428571,0.5714285714285714,0.5357142857142857,0.2857142857142857,0.1785714285714285,0.2857142857142857,牡,先行,オープン
2026-10-11|京都|11R|cb0bfd4e87805de9,2026-10-11T07:40:27+09:00,base-1.12-calibrated,course_batch,2026-10-11,京都,11R,太秦S,ダート,1800,良,7,ヴィンセンシオ,吉田隼,森一,True,streamlit_course_batch,feature_missing,10,0.065401893190516,0.1207409450237814,30.90116394023184,0.065401893190516,0.1207409450237814,30.90116394023184,6,☆,,,,,,,5,4,57.0,,,5.6,0.4,3.4394014331558185,7.0,3.6,0.0,0.2150045666821761,0.0,0.2150045666821761,0.2150045666821761,0.223986856516977,9.0,,13.0,-200.0,294.0,0.0,0.0,6,2.0,,,,,0.2092924241400283,0.2150045666821761,0.2150045666821761,0.2150045666821761,0.2150045666821761,0.2150045666821761,0.2150045666821761,0.2150045666821761,0.2150045666821761,14.0,,,,0.6071428571428571,0.5714285714285714,0.5357142857142857,0.9642857142857144,0.8571428571428571,1.0,せん,先行,オープン
2026-10-11|京都|11R|cb0bfd4e87805de9,2026-10-11T07:40:27+09:00,base-1.12-calibrated,course_batch,2026-10-11,京都,11R,太秦S,ダート,1800,良,9,ベルウェザー,田山,茶木,True,streamlit_course_batch,feature_missing,10,0.0637352397775756,0.1609988264493417,27.299003456292365,0.0637352397775756,0.1609988264493417,27.299003456292365,7,☆,,,,,,,6,5,57.0,,,8.0,0.0,3.4394014331558185,2.4,6.0,0.3333333333333333,0.5,0.3333333333333333,0.2150045666821761,0.2150045666821761,0.2278679937139864,6.0,,2.0,0.0,336.0,0.0,1.0,6,3.0,,,,,0.4285714285714285,0.2150045666821761,0.2150045666821761,0.2150045666821761,0.2150045666821761,0.2150045666821761,0.2150045666821761,0.2150045666821761,0.2150045666821761,14.0,,,,0.8928571428571429,0.5714285714285714,0.5357142857142857,0.7142857142857143,0.7142857142857143,0.7142857142857143,牡,差し,オープン
2026-10-11|京都|11R|cb0bfd4e87805de9,2026-10-11T07:40:27+09:00,base-1.12-calibrated,course_batch,2026-10-11,京都,11R,太秦S,ダート,1800,良,3,バスタードサフラン,酒井,渡辺,True,streamlit_course_batch,feature_missing,10,0.0585816778103099,0.1016938033547625,29.93446497397777,0.0585816778103099,0.1016938033547625,29.93446497397777,8,注,,,,,,,3,5,55.0,,,3.4,0.6,3.4394014331558185,5.4,3.4,0.6363636363636364,0.625,0.5833333333333334,0.2150045666821761,0.2150045666821761,0.2226391494684177,1.0,,3.0,0.0,476.0,0.0,1.0,6,2.0,,,,,0.5555555555555556,0.2150045666821761,0.2150045666821761,0.2150045666821761,0.2150045666821761,0.2150045666821761,0.2150045666821761,0.2150045666821761,0.2150045666821761,14.0,,,,0.3571428571428571,0.5714285714285714,0.5357142857142857,0.4285714285714285,0.6071428571428571,0.4285714285714285,牝,先行,オープン
2026-10-11|京都|11R|cb0bfd4e87805de9,2026-10-11T07:40:27+09:00,base-1.12-calibrated,course_batch,2026-10-11,京都,11R,太秦S,ダート,1800,良,8,シュラザック,古川吉,大根田,True,streamlit_course_batch,feature_missing,10,0.0449128258480437,0.1247718387858789,25.519996513867888,0.0449128258480437,0.1247718387858789,25.519996513867888,9,注,,,,,,,5,4,57.0,,,2.8,0.6,3.4394014331558185,2.8,5.0,0.5,1.0,0.5,0.2150045666821761,0.2150045666821761,0.223986856516977,6.0,,6.0,200.0,394.0,0.0,0.0,6,3.0,,,,,0.5,0.2150045666821761,0.2150045666821761,0.2150045666821761,0.2150045666821761,0.2150045666821761,0.2150045666821761,0.2150045666821761,0.2150045666821761,14.0,,,,0.3571428571428571,0.5714285714285714,0.5357142857142857,0.6071428571428571,0.1785714285714285,0.5714285714285714,牡,差し,オープン
2026-10-11|京都|11R|cb0bfd4e87805de9,2026-10-11T07:40:27+09:00,base-1.12-calibrated,course_batch,2026-10-11,京都,11R,太秦S,ダート,1800,良,11,マリオロード,国分優,安達,True,streamlit_course_batch,feature_missing,9,0.0378609787063734,0.1101605289349278,16.57960897135044,0.0378609787063734,0.1101605289349278,16.57960897135044,10,注,,,,,,,7,7,58.0,,,7.4,0.0,5.0,6.4,12.2,0.2272727272727272,0.0,0.2258064516129032,0.2150045666821761,0.2150045666821761,0.2169154228855721,8.0,5.0,10.0,0.0,284.0,0.0,0.0,6,3.0,,,,,0.2,0.2150045666821761,0.2150045666821761,0.2150045666821761,0.2150045666821761,0.2150045666821761,0.2150045666821761,0.2150045666821761,0.2150045666821761,14.0,,,,0.8928571428571429,0.5714285714285714,0.5357142857142857,0.7857142857142857,1.0,0.8571428571428571,牡,差し,オープン
2026-10-11|京都|11R|cb0bfd4e87805de9,2026-10-11T07:40:27+09:00,base-1.12-calibrated,course_batch,2026-10-11,京都,11R,太秦S,ダート,1800,良,14,ミッキークレスト,幸,大久保,True,streamlit_course_batch,feature_missing,10,0.0282443184088631,0.0987514912610337,20.78269204153033,0.0282443184088631,0.0987514912610337,20.78269204153033,11,×,,,,,,,8,5,57.0,,,4.0,0.8,3.5,4.8,2.8,1.0,0.8,0.875,0.2150045666821761,0.2150045666821761,0.2247081712062257,13.0,,12.0,-100.0,349.0,0.0,0.0,6,3.0,,,,,0.8571428571428571,0.2150045666821761,0.2150045666821761,0.2150045666821761,0.2150045666821761,0.2150045666821761,0.2150045666821761,0.2150045666821761,0.2150045666821761,14.0,,,,0.1428571428571428,0.5714285714285714,0.5357142857142857,0.1428571428571428,0.3928571428571428,0.1428571428571428,牡,差し,オープン
2026-10-11|京都|11R|cb0bfd4e87805de9,2026-10-11T07:40:27+09:00,base-1.12-calibrated,course_batch,2026-10-11,京都,11R,太秦S,ダート,1800,良,5,タガノバビロン,松山,西園翔,True,streamlit_course_batch,feature_missing,10,0.0250442877879869,0.1173829671734274,18.0799320275316,0.0250442877879869,0.1173829671734274,18.0799320275316,12,×,,,,,,,4,4,57.0,,,3.2,0.6,3.4394014331558185,2.2,1.4,0.6666666666666666,1.0,0.6666666666666666,0.2150045666821761,0.2150045666821761,0.2333333333333333,4.0,,4.0,0.0,284.0,0.0,0.0,6,4.0,,,,,1.0,0.2150045666821761,0.2150045666821761,0.2150045666821761,0.2150045666821761,0.2150045666821761,0.2150045666821761,0.2150045666821761,0.2150045666821761,14.0,,,,0.3571428571428571,0.5714285714285714,0.5357142857142857,0.3571428571428571,0.1785714285714285,0.2142857142857142,牡,追込,オープン
2026-10-11|京都|11R|cb0bfd4e87805de9,2026-10-11T07:40:27+09:00,base-1.12-calibrated,course_batch,2026-10-11,京都,11R,太秦S,ダート,1800,良,1,モックモック,武豊,寺島,True,streamlit_course_batch,feature_missing,10,0.0245864742012118,0.0964958361807067,17.390575148383984,0.0245864742012118,0.0964958361807067,17.390575148383984,13,×,,,,,,,1,6,58.0,,,4.0,0.6,3.4394014331558185,5.2,2.8,1.0,0.6666666666666666,0.6,0.3831775700934579,0.2150045666821761,0.2377224199288256,1.0,,3.0,0.0,346.0,0.0,2.0,6,3.0,,,,,0.5,0.4127465857359635,0.4104234527687296,0.3882121807465619,0.4171392564587272,0.3831775700934579,0.2150045666821761,0.2150045666821761,0.2150045666821761,14.0,,,,0.3571428571428571,0.0714285714285714,0.5357142857142857,0.1428571428571428,0.5,0.3571428571428571,牡,差し,オープン
2026-10-11|京都|11R|cb0bfd4e87805de9,2026-10-11T07:40:27+09:00,base-1.12-calibrated,course_batch,2026-10-11,京都,11R,太秦S,ダート,1800,良,13,メルカントゥール,坂井,杉山晴,True,streamlit_course_batch,feature_missing,10,0.023162886318231,0.1125064122982652,21.27099164315204,0.023162886318231,0.1125064122982652,21.27099164315204,14,×,,,,,,,8,3,55.0,,,1.0,1.0,3.4394014331558185,1.0,2.0,1.0,1.0,1.0,0.2150045666821761,0.2150045666821761,0.2247081712062257,1.0,,1.0,0.0,353.0,0.0,5.0,6,3.0,,,,,1.0,0.2150045666821761,0.2150045666821761,0.2150045666821761,0.2150045666821761,0.2150045666821761,0.2150045666821761,0.2150045666821761,0.2150045666821761,14.0,,,,0.0714285714285714,0.5714285714285714,0.5357142857142857,0.1428571428571428,0.1785714285714285,0.0714285714285714,牡,差し,オープン
2026-10-11|京都|12R|97d1f08498ae3594,2026-10-11T07:40:28+09:00,base-1.12-calibrated,course_batch,2026-10-11,京都,12R,3歳以上1勝クラス,芝,1600,良,3,ダークマルス,松山,杉山晴,True,streamlit_course_batch,feature_missing,10,0.1617048309847682,0.2367732811922661,80.91933202980665,0.1617048309847682,0.2367732811922661,80.91933202980665,1,◎,,,,,,,2,3,56.0,,,2.0,1.0,3.4394014331558185,3.5,3.5,0.2150045666821761,1.0,1.0,0.2150045666821761,0.2150045666821761,0.2092592592592592,3.0,,4.0,-400.0,353.0,0.0,0.0,3,1.0,,,,,1.0,0.2150045666821761,0.2150045666821761,0.2150045666821761,0.2150045666821761,0.2150045666821761,0.2150045666821761,0.2150045666821761,0.2150045666821761,16.0,,,,0.1875,0.5625,0.5625,0.71875,0.125,0.1875,せん,逃げ,1勝クラス
2026-10-11|京都|12R|97d1f08498ae3594,2026-10-11T07:40:28+09:00,base-1.12-calibrated,course_batch,2026-10-11,京都,12R,3歳以上1勝クラス,芝,1600,良,11,マゲバスピード,坂井,藤原,True,streamlit_course_batch,feature_missing,10,0.1179756989622755,0.2483792036280034,63.63181364652461,0.1179756989622755,0.2483792036280034,63.63181364652461,2,○,,,,,,,6,3,56.0,,,2.0,1.0,3.4394014331558185,3.0,4.0,1.0,0.2150045666821761,1.0,0.2150045666821761,0.2150045666821761,0.2178729689807976,2.0,,3.0,0.0,311.0,0.0,2.0,3,1.0,,,,,1.0,0.2150045666821761,0.2150045666821761,0.2150045666821761,0.2150045666821761,0.2150045666821761,0.2150045666821761,0.2150045666821761,0.2150045666821761,16.0,,,,0.1875,0.5625,0.5625,0.15625,0.53125,0.1875,牡,逃げ,1勝クラス
2026-10-11|京都|12R|97d1f08498ae3594,2026-10-11T07:40:28+09:00,base-1.12-calibrated,course_batch,2026-10-11,京都,12R,3歳以上1勝クラス,芝,1600,良,7,ウォーターデライト,鮫島駿,高柳大,True,streamlit_course_batch,feature_missing,9,0.0976936666533631,0.1703143926993721,53.52748641921985,0.0976936666533631,0.1703143926993721,53.52748641921985,3,▲,,,,,,,4,3,56.0,,,2.0,1.0,2.0,10.0,2.0,0.2150045666821761,0.2150045666821761,1.0,0.2150045666821761,0.2150045666821761,0.2506203473945409,2.0,2.0,10.0,200.0,411.0,0.0,2.0,3,1.0,,,,,0.2213334724419945,0.2150045666821761,0.2150045666821761,0.2150045666821761,0.2150045666821761,0.2150045666821761,0.2150045666821761,0.2150045666821761,0.2150045666821761,16.0,,,,0.1875,0.5625,0.5625,0.71875,0.53125,0.1875,牡,逃げ,1勝クラス
2026-10-11|京都|12R|97d1f08498ae3594,2026-10-11T07:40:28+09:00,base-1.12-calibrated,course_batch,2026-10-11,京都,12R,3歳以上1勝クラス,芝,1600,良,10,ルディシャ,松若,森田,True,streamlit_course_batch,feature_missing,9,0.0889776182706288,0.1357295862870733,39.15930275108437,0.0889776182706288,0.1357295862870733,39.15930275108437,4,△,,,,,,,5,4,58.0,,,10.8,0.0,3.333333333333333,11.6,10.0,0.2150045666821761,0.2150045666821761,0.0,0.2150045666821761,0.2150045666821761,0.238095238095238,15.0,5.0,15.0,-1000.0,305.0,0.0,1.0,3,2.0,,,,,0.0,0.2150045666821761,0.2150045666821761,0.2150045666821761,0.2150045666821761,0.2150045666821761,0.2150045666821761,0.2150045666821761,0.2150045666821761,16.0,,,,0.90625,0.5625,0.5625,0.71875,0.53125,0.875,牡,先行,1勝クラス
2026-10-11|京都|12R|97d1f08498ae3594,2026-10-11T07:40:28+09:00,base-1.12-calibrated,course_batch,2026-10-11,京都,12R,3歳以上1勝クラス,芝,1600,良,6,ルートサーティーン,角田和,辻野,True,streamlit_course_batch,feature_missing,10,0.077676894974861,0.1391524838284949,42.20235775367457,0.077676894974861,0.1391524838284949,42.20235775367457,5,△,,,,,,,3,3,56.0,,,3.0,0.75,3.4394014331558185,4.5,3.5,1.0,1.0,0.75,0.2150045666821761,0.2150045666821761,0.2409850483729111,5.0,,11.0,200.0,363.0,0.0,-3.0,3,2.0,,,,,0.75,0.2150045666821761,0.2150045666821761,0.2150045666821761,0.2150045666821761,0.2150045666821761,0.2150045666821761,0.2150045666821761,0.2150045666821761,16.0,,,,0.375,0.5625,0.5625,0.15625,0.125,0.375,牡,先行,1勝クラス
2026-10-11|京都|12R|97d1f08498ae3594,2026-10-11T07:40:28+09:00,base-1.12-calibrated,course_batch,2026-10-11,京都,12R,3歳以上1勝クラス,芝,1600,良,15,ニシノイツキムスメ,◇今村,北出,True,streamlit_course_batch,feature_missing,10,0.0685031091811253,0.1200184319119817,34.53644763045373,0.0685031091811253,0.1200184319119817,34.53644763045373,6,☆,,,,,,,8,4,54.0,,,4.4,0.4,1.0,7.2,9.8,0.2857142857142857,0.0,0.2727272727272727,0.2150045666821761,0.2150045666821761,0.2471839799749687,7.0,,8.0,0.0,370.0,0.0,0.0,3,2.0,,,,,0.2727272727272727,0.2150045666821761,0.2150045666821761,0.2150045666821761,0.2150045666821761,0.2150045666821761,0.2150045666821761,0.2150045666821761,0.2150045666821761,16.0,,,,0.6875,0.5625,0.5625,0.4375,0.875,0.625,牝,先行,1勝クラス
2026-10-11|京都|12R|97d1f08498ae3594,2026-10-11T07:40:28+09:00,base-1.12-calibrated,course_batch,2026-10-11,京都,12R,3歳以上1勝クラス,芝,1600,良,1,メイショウトウコウ,幸,石橋,True,streamlit_course_batch,feature_missing,10,0.0518192901048087,0.1362289628406517,29.23536679906713,0.0518192901048087,0.1362289628406517,29.23536679906713,7,☆,,,,,,,1,3,56.0,,,4.5,0.5,3.4394014331558185,2.5,6.0,0.2150045666821761,0.5,0.5,0.2150045666821761,0.2150045666821761,0.2230843840931134,6.0,,3.0,200.0,363.0,0.0,1.0,3,3.0,,,,,0.5,0.2150045666821761,0.2150045666821761,0.2150045666821761,0.2150045666821761,0.2150045666821761,0.2150045666821761,0.2150045666821761,0.2150045666821761,16.0,,,,0.5625,0.5625,0.5625,0.71875,0.34375,0.5,牡,差し,1勝クラス
2026-10-11|京都|12R|97d1f08498ae3594,2026-10-11T07:40:28+09:00,base-1.12-calibrated,course_batch,2026-10-11,京都,12R,3歳以上1勝クラス,芝,1600,良,2,タイムレスキス,菅原明,吉村,True,streamlit_course_batch,feature_missing,10,0.0491429105657187,0.1223452585692709,32.812458034030435,0.0491429105657187,0.1223452585692709,32.812458034030435,8,注,,,,,,,1,3,54.0,,,1.5,1.0,3.4394014331558185,1.5,1.0,1.0,1.0,1.0,0.2150045666821761,0.2150045666821761,0.2230843840931134,1.0,,1.0,0.0,360.0,0.0,1.0,3,2.0,,,,,1.0,0.2150045666821761,0.2150045666821761,0.2150045666821761,0.2150045666821761,0.2150045666821761,0.2150045666821761,0.2150045666821761,0.2150045666821761,16.0,,,,0.1875,0.5625,0.5625,0.15625,0.125,0.1875,牝,先行,1勝クラス
2026-10-11|京都|12R|97d1f08498ae3594,2026-10-11T07:40:28+09:00,base-1.12-calibrated,course_batch,2026-10-11,京都,12R,3歳以上1勝クラス,芝,1600,良,9,ミッキーコンドル,荻野琢,大久保,True,streamlit_course_batch,feature_missing,10,0.0482598403998503,0.1094343856288056,28.13472117680962,0.0482598403998503,0.1094343856288056,28.13472117680962,9,注,,,,,,,5,4,58.0,,,4.0,0.6,3.4394014331558185,4.4,4.0,0.2150045666821761,0.6666666666666666,0.0,0.2150045666821761,0.2150045666821761,0.238095238095238,1.0,,2.0,-100.0,305.0,0.0,1.0,3,3.0,,,,,0.0,0.2150045666821761,0.2150045666821761,0.2150045666821761,0.2150045666821761,0.2150045666821761,0.2150045666821761,0.2150045666821761,0.2150045666821761,16.0,,,,0.4375,0.5625,0.5625,0.71875,0.25,0.875,牡,差し,1勝クラス
2026-10-11|京都|12R|97d1f08498ae3594,2026-10-11T07:40:28+09:00,base-1.12-calibrated,course_batch,2026-10-11,京都,12R,3歳以上1勝クラス,芝,1600,良,12,レインボーステート,小沢,茶木,True,streamlit_course_batch,feature_missing,10,0.0472583181244812,0.1076107226187982,25.01988406632997,0.0472583181244812,0.1076107226187982,25.01988406632997,10,注,,,,,,,6,3,56.0,,,7.666666666666667,0.3333333333333333,3.4394014331558185,5.666666666666667,7.0,0.2150045666821761,0.5,0.0,0.2150045666821761,0.2150045666821761,0.2178729689807976,7.0,,8.0,200.0,287.0,0.0,1.0,3,3.0,,,,,0.0,0.2150045666821761,0.2150045666821761,0.2150045666821761,0.2150045666821761,0.2150045666821761,0.2150045666821761,0.2150045666821761,0.2150045666821761,16.0,,,,0.75,0.5625,0.5625,0.71875,0.34375,0.875,牡,差し,1勝クラス
2026-10-11|京都|12R|97d1f08498ae3594,2026-10-11T07:40:28+09:00,base-1.12-calibrated,course_batch,2026-10-11,京都,12R,3歳以上1勝クラス,芝,1600,良,13,ドーギッド,◇古川奈,矢作,True,streamlit_course_batch,feature_missing,9,0.0419817204032136,0.0940010721741348,19.22529150479964,0.0419817204032136,0.0940010721741348,19.22529150479964,11,×,,,,,,,7,4,54.0,,,8.2,0.0,2.5,8.2,9.2,0.2150045666821761,0.0,0.1428571428571428,0.2150045666821761,0.2150045666821761,0.2301639344262295,12.0,3.0,12.0,-200.0,301.0,0.0,0.0,3,3.0,,,,,0.1666666666666666,0.2150045666821761,0.2150045666821761,0.2150045666821761,0.2150045666821761,0.2150045666821761,0.2150045666821761,0.2150045666821761,0.2150045666821761,16.0,,,,0.90625,0.5625,0.5625,0.71875,0.875,0.6875,牝,差し,1勝クラス
2026-10-11|京都|12R|97d1f08498ae3594,2026-10-11T07:40:28+09:00,base-1.12-calibrated,course_batch,2026-10-11,京都,12R,3歳以上1勝クラス,芝,1600,良,5,サトノセプター,北村友,上村,True,streamlit_course_batch,feature_missing,10,0.035856735543179,0.1274912807004506,22.600505148279566,0.035856735543179,0.1274912807004506,22.600505148279566,12,×,,,,,,,3,3,56.0,,,3.0,0.5,3.4394014331558185,3.0,1.5,0.5,0.0,0.5,0.2150045666821761,0.2150045666821761,0.2409850483729111,1.0,,2.0,0.0,287.0,0.0,1.0,3,3.0,,,,,0.5,0.2150045666821761,0.2150045666821761,0.2150045666821761,0.2150045666821761,0.2150045666821761,0.2150045666821761,0.2150045666821761,0.2150045666821761,16.0,,,,0.5625,0.5625,0.5625,0.375,0.875,0.5,牡,差し,1勝クラス
2026-10-11|京都|12R|97d1f08498ae3594,2026-10-11T07:40:28+09:00,base-1.12-calibrated,course_batch,2026-10-11,京都,12R,3歳以上1勝クラス,芝,1600,良,16,ウインラウダ,☆田山,梅田,True,streamlit_course_batch,feature_missing,10,0.0337167184167977,0.0829487707909865,15.626726213013656,0.0337167184167977,0.0829487707909865,15.626726213013656,13,×,,,,,,,8,5,57.0,,,9.4,0.0,3.4394014331558185,8.2,10.4,0.0,0.1666666666666666,0.0,0.2150045666821761,0.2150045666821761,0.2471839799749687,11.0,,8.0,0.0,301.0,0.0,0.0,3,4.0,,,,,0.0,0.2150045666821761,0.2150045666821761,0.2150045666821761,0.2150045666821761,0.2150045666821761,0.2150045666821761,0.2150045666821761,0.2150045666821761,16.0,,,,0.90625,0.5625,0.5625,1.0,0.6875,0.875,牡,追込,1勝クラス
2026-10-11|京都|12R|97d1f08498ae3594,2026-10-11T07:40:28+09:00,base-1.12-calibrated,course_batch,2026-10-11,京都,12R,3歳以上1勝クラス,芝,1600,良,8,エグジスタンス,田口,奥村豊,True,streamlit_course_batch,feature_missing,9,0.0332982087378459,0.0985802847575386,15.8492869970601,0.0332982087378459,0.0985802847575386,15.8492869970601,14,×,,,,,,,4,3,56.0,,,7.5,0.0,2.0,8.75,8.75,0.2150045666821761,0.0,0.0,0.2150045666821761,0.2396813902968863,0.2506203473945409,8.0,2.0,10.0,-200.0,339.0,0.0,1.0,3,3.0,,,,,0.0,0.2150045666821761,0.2150045666821761,0.2150045666821761,0.2150045666821761,0.2150045666821761,0.254054054054054,0.2302463891248937,0.2314516129032258,16.0,,,,0.90625,0.5625,0.0625,0.71875,0.875,0.875,牡,差し,1勝クラス
2026-10-11|京都|12R|97d1f08498ae3594,2026-10-11T07:40:28+09:00,base-1.12-calibrated,course_batch,2026-10-11,京都,12R,3歳以上1勝クラス,芝,1600,良,4,ペイシャシス,武豊,加藤公,True,streamlit_course_batch,feature_missing,10,0.0244477379207434,0.0912458990016342,22.108330467477305,0.0244477379207434,0.0912458990016342,22.108330467477305,15,×,,,,,,,2,3,54.0,,,3.0,1.0,3.4394014331558185,9.0,4.0,1.0,0.2150045666821761,1.0,0.3831775700934579,0.2150045666821761,0.2092592592592592,3.0,,9.0,0.0,287.0,0.0,2.0,3,2.0,,,,,1.0,0.4127465857359635,0.3637160385626643,0.3882121807465619,0.356851095432603,0.3831775700934579,0.2150045666821761,0.2150045666821761,0.2150045666821761,16.0,,,,0.1875,0.0625,0.5625,0.15625,0.53125,0.1875,牝,先行,1勝クラス
2026-10-11|京都|12R|97d1f08498ae3594,2026-10-11T07:40:28+09:00,base-1.12-calibrated,course_batch,2026-10-11,京都,12R,3歳以上1勝クラス,芝,1600,良,14,エスティヴァリス,酒井,高橋康,True,streamlit_course_batch,feature_missing,9,0.0216867007563389,0.0776391115970401,15.65831505547013,0.0216867007563389,0.0776391115970401,15.65831505547013,16,×,,,,,,,7,3,54.0,,,6.0,0.5,5.333333333333333,6.5,5.5,0.6666666666666666,0.0,0.5,0.2150045666821761,0.2150045666821761,0.2301639344262295,11.0,5.0,11.0,200.0,294.0,0.0,0.0,3,3.0,,,,,0.5,0.2150045666821761,0.2150045666821761,0.2150045666821761,0.2150045666821761,0.2150045666821761,0.2150045666821761,0.2150045666821761,0.2150045666821761,16.0,,,,0.5625,0.5625,0.5625,0.3125,0.875,0.5,牝,差し,1勝クラス
2026-10-11|東京|1R|7caca03d23443a93,2026-10-11T07:40:36+09:00,base-1.12-calibrated,course_batch,2026-10-11,東京,1R,2歳未勝利,ダート,1600,良,2,ベルグラース,三浦,浅利,True,streamlit_course_batch,feature_missing,8,0.2874596426589977,0.535866907279744,80.54671834881536,0.2874596426589977,0.535866907279744,80.54671834881536,1,◎,,,,,,,2,2,55.0,,,8.025185683020558,0.2150045666821761,3.4394014331558185,7.494719668074899,7.75818987058195,0.2150045666821761,0.2150045666821761,0.2150045666821761,0.2150045666821761,0.2150045666821761,0.1863706763035622,,,,0.0,,0.0,0.0,2,,2.7,1.0,0.3703703703703703,0.9932517730102834,0.2092924241400283,0.2150045666821761,0.2150045666821761,0.2150045666821761,0.2150045666821761,0.2150045666821761,0.2150045666821761,0.2150045666821761,0.2150045666821761,15.0,0.2929020259767828,0.0666666666666666,0.0666666666666666,0.5333333333333333,0.5666666666666667,0.5333333333333333,0.5333333333333333,0.5333333333333333,0.5333333333333333,牝,,未勝利
2026-10-11|東京|1R|7caca03d23443a93,2026-10-11T07:40:36+09:00,base-1.12-calibrated,course_batch,2026-10-11,東京,1R,2歳未勝利,ダート,1600,良,14,テンユメノオーロラ,ルメール,平岩,True,streamlit_course_batch,feature_missing,8,0.2534578652700979,0.5443927291938376,73.07142627866001,0.2534578652700979,0.5443927291938376,73.07142627866001,2,○,,,,,,,8,2,55.0,,,8.025185683020558,0.2150045666821761,3.4394014331558185,7.494719668074899,7.75818987058195,0.2150045666821761,0.2150045666821761,0.2150045666821761,0.5467532467532468,0.2150045666821761,0.2494341330918968,,,,0.0,,0.0,0.0,2,,3.1,2.0,0.3225806451612903,1.1314021114911006,0.2092924241400283,0.597892176732874,0.5087145969498911,0.553587786259542,0.500590318772137,0.5467532467532468,0.2150045666821761,0.2150045666821761,0.2150045666821761,15.0,0.2551082161733269,0.1333333333333333,0.1333333333333333,0.5333333333333333,0.0666666666666666,0.5333333333333333,0.5333333333333333,0.5333333333333333,0.5333333333333333,牝,,未勝利
2026-10-11|東京|1R|7caca03d23443a93,2026-10-11T07:40:36+09:00,base-1.12-calibrated,course_batch,2026-10-11,東京,1R,2歳未勝利,ダート,1600,良,9,サンクサンス,吉村,小栗,True,streamlit_course_batch,feature_missing,8,0.1369746500432823,0.3111504131493176,40.90133546249992,0.1369746500432823,0.3111504131493176,40.90133546249992,3,▲,,,,,,,5,2,55.0,,,8.025185683020558,0.2150045666821761,3.4394014331558185,7.494719668074899,7.75818987058195,0.2150045666821761,0.2150045666821761,0.2150045666821761,0.2150045666821761,0.2150045666821761,0.2029934518241347,,,,0.0,,0.0,0.0,2,,6.9,3.0,0.144927536231884,1.9315214116032136,0.2092924241400283,0.2150045666821761,0.2150045666821761,0.2150045666821761,0.2150045666821761,0.2150045666821761,0.2150045666821761,0.2150045666821761,0.2150045666821761,15.0,0.1146138362517845,0.2,0.2,0.5333333333333333,0.5666666666666667,0.5333333333333333,0.5333333333333333,0.5333333333333333,0.5333333333333333,牝,,未勝利
2026-10-11|東京|1R|7caca03d23443a93,2026-10-11T07:40:36+09:00,base-1.12-calibrated,course_batch,2026-10-11,東京,1R,2歳未勝利,ダート,1600,良,6,フィールザウィル,西村淳,伊藤大,True,streamlit_course_batch,feature_missing,8,0.1067093451181127,0.2795264912439314,33.26718608383654,0.1067093451181127,0.2795264912439314,33.26718608383654,4,△,,,,,,,4,2,55.0,,,8.025185683020558,0.2150045666821761,3.4394014331558185,7.494719668074899,7.75818987058195,0.2150045666821761,0.2150045666821761,0.2150045666821761,0.2150045666821761,0.2150045666821761,0.1916110581506196,,,,0.0,,0.0,0.0,2,,9.1,4.0,0.1098901098901098,2.2082744135228043,0.2092924241400283,0.2150045666821761,0.2150045666821761,0.2150045666821761,0.2150045666821761,0.2150045666821761,0.2150045666821761,0.2150045666821761,0.2150045666821761,15.0,0.0869049967183861,0.2666666666666666,0.2666666666666666,0.5333333333333333,0.5666666666666667,0.5333333333333333,0.5333333333333333,0.5333333333333333,0.5333333333333333,牝,,未勝利
2026-10-11|東京|1R|7caca03d23443a93,2026-10-11T07:40:36+09:00,base-1.12-calibrated,course_batch,2026-10-11,東京,1R,2歳未勝利,ダート,1600,良,7,ヴァルブロッサ,横山武,久保田,True,streamlit_course_batch,feature_missing,8,0.097984796610701,0.2551728925575653,30.685562571355582,0.097984796610701,0.2551728925575653,30.685562571355582,5,△,,,,,,,4,2,55.0,,,8.025185683020558,0.2150045666821761,3.4394014331558185,7.494719668074899,7.75818987058195,0.2150045666821761,0.2150045666821761,0.2150045666821761,0.2150045666821761,0.2150045666821761,0.1916110581506196,,,,0.0,,0.0,0.0,2,,10.3,5.0,0.0970873786407767,2.33214389523559,0.2092924241400283,0.2150045666821761,0.2150045666821761,0.2150045666821761,0.2150045666821761,0.2150045666821761,0.2150045666821761,0.2150045666821761,0.2150045666821761,15.0,0.076780142731778,0.3333333333333333,0.3333333333333333,0.5333333333333333,0.5666666666666667,0.5333333333333333,0.5333333333333333,0.5333333333333333,0.5333333333333333,牝,,未勝利
2026-10-11|東京|1R|7caca03d23443a93,2026-10-11T07:40:36+09:00,base-1.12-calibrated,course_batch,2026-10-11,東京,1R,2歳未勝利,ダート,1600,良,1,ステラガーネット,横山和,栗田,True,streamlit_course_batch,feature_missing,8,0.0521699681486187,0.1924922381484738,18.75895687020647,0.0521699681486187,0.1924922381484738,18.75895687020647,6,☆,,,,,,,1,2,55.0,,,8.025185683020558,0.2150045666821761,3.4394014331558185,7.494719668074899,7.75818987058195,0.2150045666821761,0.2150045666821761,0.2150045666821761,0.2150045666821761,0.2150045666821761,0.1548140043763676,,,,0.0,,0.0,0.0,2,,16.6,6.0,0.0602409638554216,2.8094026953624978,0.2092924241400283,0.2150045666821761,0.2150045666821761,0.2150045666821761,0.2150045666821761,0.2150045666821761,0.2150045666821761,0.2150045666821761,0.2150045666821761,15.0,0.0476406909721273,0.4,0.4,0.5333333333333333,0.5666666666666667,0.5333333333333333,0.5333333333333333,0.5333333333333333,0.5333333333333333,牝,,未勝利
2026-10-11|東京|1R|7caca03d23443a93,2026-10-11T07:40:36+09:00,base-1.12-calibrated,course_batch,2026-10-11,東京,1R,2歳未勝利,ダート,1600,良,8,アイビーナツユメ,木幡巧,牧,True,streamlit_course_batch,feature_missing,8,0.03274942470495,0.1501924432453633,13.310114008179186,0.03274942470495,0.1501924432453633,13.310114008179186,7,☆,,,,,,,5,2,55.0,,,8.025185683020558,0.2150045666821761,3.4394014331558185,7.494719668074899,7.75818987058195,0.2150045666821761,0.2150045666821761,0.2150045666821761,0.2150045666821761,0.2150045666821761,0.2029934518241347,,,,0.0,,0.0,0.0,2,,22.4,7.0,0.0446428571428571,3.109060958860994,0.2092924241400283,0.2150045666821761,0.2150045666821761,0.2150045666821761,0.2150045666821761,0.2150045666821761,0.2150045666821761,0.2150045666821761,0.2150045666821761,15.0,0.0353051549168443,0.4666666666666667,0.4666666666666667,0.5333333333333333,0.5666666666666667,0.5333333333333333,0.5333333333333333,0.5333333333333333,0.5333333333333333,牝,,未勝利
2026-10-11|東京|1R|7caca03d23443a93,2026-10-11T07:40:36+09:00,base-1.12-calibrated,course_batch,2026-10-11,東京,1R,2歳未勝利,ダート,1600,良,10,キャミソール,◇小林美,深山,True,streamlit_course_batch,feature_missing,8,0.0139119134547403,0.1046649025302457,7.912411981074037,0.0139119134547403,0.1046649025302457,7.912411981074037,8,注,,,,,,,6,2,53.0,,,8.025185683020558,0.2150045666821761,3.4394014331558185,7.494719668074899,7.75818987058195,0.2150045666821761,0.2150045666821761,0.2150045666821761,0.2150045666821761,0.2150045666821761,0.2260430994956442,,,,0.0,,0.0,0.0,2,,35.0,8.0,0.0285714285714285,3.555348061489413,0.2092924241400283,0.2150045666821761,0.2150045666821761,0.2150045666821761,0.2150045666821761,0.2150045666821761,0.2150045666821761,0.2150045666821761,0.2150045666821761,15.0,0.0225952991467803,0.5333333333333333,0.5333333333333333,0.5333333333333333,0.5666666666666667,0.5333333333333333,0.5333333333333333,0.5333333333333333,0.5333333333333333,牝,,未勝利
2026-10-11|東京|1R|7caca03d23443a93,2026-10-11T07:40:36+09:00,base-1.12-calibrated,course_batch,2026-10-11,東京,1R,2歳未勝利,ダート,1600,良,13,サンクレセント,佐々木,伊藤圭,True,streamlit_course_batch,feature_missing,8,0.0057163584197705,0.07397842798672,5.292081887172014,0.0057163584197705,0.07397842798672,5.292081887172014,9,注,,,,,,,7,2,55.0,,,8.025185683020558,0.2150045666821761,3.4394014331558185,7.494719668074899,7.75818987058195,0.2150045666821761,0.2150045666821761,0.2150045666821761,0.2150045666821761,0.2150045666821761,0.206693803708729,,,,0.0,,0.0,0.0,2,,57.4,9.0,0.0174216027874564,4.050044303325521,0.2092924241400283,0.2150045666821761,0.2150045666821761,0.2150045666821761,0.2150045666821761,0.2150045666821761,0.2150045666821761,0.2150045666821761,0.2150045666821761,15.0,0.0137776214309636,0.6,0.6,0.5333333333333333,0.5666666666666667,0.5333333333333333,0.5333333333333333,0.5333333333333333,0.5333333333333333,牝,,未勝利
2026-10-11|東京|1R|7caca03d23443a93,2026-10-11T07:40:36+09:00,base-1.12-calibrated,course_batch,2026-10-11,東京,1R,2歳未勝利,ダート,1600,良,12,スードランダム,原田和,伊坂,True,streamlit_course_batch,feature_missing,8,0.0031113757513624,0.0583113205998416,4.31136891434522,0.0031113757513624,0.0583113205998416,4.31136891434522,10,注,,,,,,,7,2,55.0,,,8.025185683020558,0.2150045666821761,3.4394014331558185,7.494719668074899,7.75818987058195,0.2150045666821761,0.2150045666821761,0.2150045666821761,0.2150045666821761,0.2150045666821761,0.206693803708729,,,,0.0,,0.0,0.0,2,,72.0,10.0,0.0138888888888888,4.276666119016055,0.2092924241400283,0.2150045666821761,0.2150045666821761,0.2150045666821761,0.2150045666821761,0.2150045666821761,0.2150045666821761,0.2150045666821761,0.2150045666821761,15.0,0.0109838259741293,0.6666666666666666,0.6666666666666666,0.5333333333333333,0.5666666666666667,0.5333333333333333,0.5333333333333333,0.5333333333333333,0.5333333333333333,牝,,未勝利
2026-10-11|東京|1R|7caca03d23443a93,2026-10-11T07:40:36+09:00,base-1.12-calibrated,course_batch,2026-10-11,東京,1R,2歳未勝利,ダート,1600,良,5,カンタベリートップ,木幡初,石栗,True,streamlit_course_batch,feature_missing,8,0.0026816366169863,0.0558030330201073,4.151489671494862,0.0026816366169863,0.0558030330201073,4.151489671494862,11,×,,,,,,,3,2,55.0,,,8.025185683020558,0.2150045666821761,3.4394014331558185,7.494719668074899,7.75818987058195,0.2150045666821761,0.2150045666821761,0.2150045666821761,0.2150045666821761,0.2150045666821761,0.1814137419673752,,,,0.0,,0.0,0.0,2,,73.0,11.0,0.0136986301369863,4.290459441148391,0.2092924241400283,0.2150045666821761,0.2150045666821761,0.2150045666821761,0.2150045666821761,0.2150045666821761,0.2150045666821761,0.2150045666821761,0.2150045666821761,15.0,0.0108333626046207,0.7333333333333333,0.7333333333333333,0.5333333333333333,0.5666666666666667,0.5333333333333333,0.5333333333333333,0.5333333333333333,0.5333333333333333,牝,,未勝利
2026-10-11|東京|1R|7caca03d23443a93,2026-10-11T07:40:36+09:00,base-1.12-calibrated,course_batch,2026-10-11,東京,1R,2歳未勝利,ダート,1600,良,11,アイファーエリース,松岡,蛯名利,True,streamlit_course_batch,feature_missing,8,0.0022406987630731,0.0534687118826776,3.9934273498260064,0.0022406987630731,0.0534687118826776,3.9934273498260064,12,×,,,,,,,6,2,55.0,,,8.025185683020558,0.2150045666821761,3.4394014331558185,7.494719668074899,7.75818987058195,0.2150045666821761,0.2150045666821761,0.2150045666821761,0.2150045666821761,0.2150045666821761,0.2260430994956442,,,,0.0,,0.0,0.0,2,,87.2,13.0,0.0114678899082568,4.468204330914934,0.2092924241400283,0.2150045666821761,0.2150045666821761,0.2150045666821761,0.2150045666821761,0.2150045666821761,0.2150045666821761,0.2150045666821761,0.2150045666821761,15.0,0.0090692141070792,0.8666666666666667,0.8666666666666667,0.5333333333333333,0.5666666666666667,0.5333333333333333,0.5333333333333333,0.5333333333333333,0.5333333333333333,牝,,未勝利
2026-10-11|東京|1R|7caca03d23443a93,2026-10-11T07:40:36+09:00,base-1.12-calibrated,course_batch,2026-10-11,東京,1R,2歳未勝利,ダート,1600,良,3,ローブリッター,江田照,尾関,True,streamlit_course_batch,feature_missing,8,0.0021365984024168,0.0518229595419615,3.928744503340646,0.0021365984024168,0.0518229595419615,3.928744503340646,13,×,,,,,,,2,2,55.0,,,8.025185683020558,0.2150045666821761,3.4394014331558185,7.494719668074899,7.75818987058195,0.2150045666821761,0.2150045666821761,0.2150045666821761,0.2150045666821761,0.2150045666821761,0.1863706763035622,,,,0.0,,0.0,0.0,2,,87.0,12.0,0.0114942528735632,4.465908118654584,0.2092924241400283,0.2150045666821761,0.2150045666821761,0.2150045666821761,0.2150045666821761,0.2150045666821761,0.2150045666821761,0.2150045666821761,0.2150045666821761,15.0,0.0090900628751415,0.8,0.8,0.5333333333333333,0.5666666666666667,0.5333333333333333,0.5333333333333333,0.5333333333333333,0.5333333333333333,牝,,未勝利
2026-10-11|東京|1R|7caca03d23443a93,2026-10-11T07:40:36+09:00,base-1.12-calibrated,course_batch,2026-10-11,東京,1R,2歳未勝利,ダート,1600,良,4,アテナプロマコス,菊沢,和田勇,True,streamlit_course_batch,feature_missing,8,0.0020113037480267,0.0503647276836435,3.86395724282039,0.0020113037480267,0.0503647276836435,3.86395724282039,14,×,,,,,,,3,2,55.0,,,8.025185683020558,0.2150045666821761,3.4394014331558185,7.494719668074899,7.75818987058195,0.2150045666821761,0.2150045666821761,0.2150045666821761,0.2150045666821761,0.2150045666821761,0.1814137419673752,,,,0.0,,0.0,0.0,2,,94.2,14.0,0.0106157112526539,4.545420181582317,0.2092924241400283,0.2150045666821761,0.2150045666821761,0.2150045666821761,0.2150045666821761,0.2150045666821761,0.2150045666821761,0.2150045666821761,0.2150045666821761,15.0,0.0083952809993345,0.9333333333333332,0.9333333333333332,0.5333333333333333,0.5666666666666667,0.5333333333333333,0.5333333333333333,0.5333333333333333,0.5333333333333333,牝,,未勝利
2026-10-11|東京|1R|7caca03d23443a93,2026-10-11T07:40:36+09:00,base-1.12-calibrated,course_batch,2026-10-11,東京,1R,2歳未勝利,ダート,1600,良,15,ラヴァブルロマン,▲佐藤,伊藤圭,True,streamlit_course_batch,feature_missing,8,0.000684422288863,0.0295361261717075,3.043209497655293,0.000684422288863,0.0295361261717075,3.043209497655293,15,×,,,,,,,8,2,52.0,,,8.025185683020558,0.2150045666821761,3.4394014331558185,7.494719668074899,7.75818987058195,0.2150045666821761,0.2150045666821761,0.2150045666821761,0.2150045666821761,0.2150045666821761,0.2494341330918968,,,,0.0,,0.0,0.0,2,,131.8,15.0,0.007587253414264,4.881285622068407,0.2092924241400283,0.2150045666821761,0.2150045666821761,0.2150045666821761,0.2150045666821761,0.2150045666821761,0.2150045666821761,0.2150045666821761,0.2150045666821761,15.0,0.0060002691209204,1.0,1.0,0.5333333333333333,0.5666666666666667,0.5333333333333333,0.5333333333333333,0.5333333333333333,0.5333333333333333,牝,,未勝利
2026-10-11|東京|2R|a74c2e1699b771a1,2026-10-11T07:40:36+09:00,base-1.12-calibrated,course_batch,2026-10-11,東京,2R,2歳未勝利,芝,1600,良,9,ニースケンス,原,小島,True,streamlit_course_batch,feature_missing,8,0.2988948474554661,0.6518548564414068,83.44641707785694,0.2988948474554661,0.6518548564414068,83.44641707785694,1,◎,,,,,,,7,2,56.0,,,8.025185683020558,0.2150045666821761,3.4394014331558185,7.494719668074899,7.75818987058195,0.2150045666821761,0.2150045666821761,0.2150045666821761,0.2150045666821761,0.2150045666821761,0.2209752321981424,,,,0.0,,0.0,0.0,2,,2.4,1.0,0.4166666666666667,0.8754687373538999,0.2213334724419945,0.2150045666821761,0.2150045666821761,0.2150045666821761,0.2150045666821761,0.2150045666821761,0.2150045666821761,0.2150045666821761,0.2150045666821761,12.0,0.3312035970669124,0.0833333333333333,0.0833333333333333,0.5416666666666666,0.5416666666666666,0.5416666666666666,0.5416666666666666,0.5416666666666666,0.5416666666666666,牡,,未勝利
2026-10-11|東京|2R|a74c2e1699b771a1,2026-10-11T07:40:36+09:00,base-1.12-calibrated,course_batch,2026-10-11,東京,2R,2歳未勝利,芝,1600,良,1,ノーブルグランツ,荻野極,久保田,True,streamlit_course_batch,feature_missing,8,0.1340779483238173,0.402170607524384,41.361945104035065,0.1340779483238173,0.402170607524384,41.361945104035065,2,○,,,,,,,1,2,56.0,,,8.025185683020558,0.2150045666821761,3.4394014331558185,7.494719668074899,7.75818987058195,0.2150045666821761,0.2150045666821761,0.2150045666821761,0.1830559757942511,0.2150045666821761,0.2226584408300617,,,,0.0,,0.0,0.0,2,,5.6,2.0,0.1785714285714285,1.7227665977411035,0.2213334724419945,0.1945288753799392,0.1798376762067492,0.176657824933687,0.182311448724905,0.1830559757942511,0.2150045666821761,0.2150045666821761,0.2150045666821761,12.0,0.1419443987429624,0.1666666666666666,0.1666666666666666,0.5416666666666666,1.0,0.5416666666666666,0.5416666666666666,0.5416666666666666,0.5416666666666666,牡,,未勝利
2026-10-11|東京|2R|a74c2e1699b771a1,2026-10-11T07:40:36+09:00,base-1.12-calibrated,course_batch,2026-10-11,東京,2R,2歳未勝利,芝,1600,良,4,コスモシグナス,丹内,水野,True,streamlit_course_batch,feature_missing,8,0.1271093247197424,0.3794076972025949,39.277421216200096,0.1271093247197424,0.3794076972025949,39.277421216200096,3,▲,,,,,,,4,2,56.0,,,8.025185683020558,0.2150045666821761,3.4394014331558185,7.494719668074899,7.75818987058195,0.2150045666821761,0.2150045666821761,0.2150045666821761,0.2150045666821761,0.2150045666821761,0.2198067632850241,,,,0.0,,0.0,0.0,2,,7.1,3.0,0.1408450704225352,1.9600947840472696,0.2213334724419945,0.2150045666821761,0.2150045666821761,0.2150045666821761,0.2150045666821761,0.2150045666821761,0.2150045666821761,0.2150045666821761,0.2150045666821761,12.0,0.111956145487407,0.25,0.25,0.5416666666666666,0.5416666666666666,0.5416666666666666,0.5416666666666666,0.5416666666666666,0.5416666666666666,牡,,未勝利
2026-10-11|東京|2R|a74c2e1699b771a1,2026-10-11T07:40:36+09:00,base-1.12-calibrated,course_batch,2026-10-11,東京,2R,2歳未勝利,芝,1600,良,2,ニーナラルゴ,原田和,上原博,True,streamlit_course_batch,feature_missing,8,0.103855128411127,0.329058569267775,32.96165448763141,0.103855128411127,0.329058569267775,32.96165448763141,4,△,,,,,,,2,2,55.0,,,8.025185683020558,0.2150045666821761,3.4394014331558185,7.494719668074899,7.75818987058195,0.2150045666821761,0.2150045666821761,0.2150045666821761,0.2150045666821761,0.2150045666821761,0.2039614561027837,,,,0.0,,0.0,0.0,2,,8.1,4.0,0.1234567901234568,2.091864061678393,0.2213334724419945,0.2150045666821761,0.2150045666821761,0.2150045666821761,0.2150045666821761,0.2150045666821761,0.2150045666821761,0.2150045666821761,0.2150045666821761,12.0,0.098134399130937,0.3333333333333333,0.3333333333333333,0.5416666666666666,0.5416666666666666,0.5416666666666666,0.5416666666666666,0.5416666666666666,0.5416666666666666,牝,,未勝利
2026-10-11|東京|2R|a74c2e1699b771a1,2026-10-11T07:40:36+09:00,base-1.12-calibrated,course_batch,2026-10-11,東京,2R,2歳未勝利,芝,1600,良,7,ドナフェリーチェ,三浦,柄崎,True,streamlit_course_batch,feature_missing,8,0.1032752225794151,0.2915006963286434,31.89659682824488,0.1032752225794151,0.2915006963286434,31.89659682824488,5,△,,,,,,,6,2,55.0,,,8.025185683020558,0.2150045666821761,3.4394014331558185,7.494719668074899,7.75818987058195,0.2150045666821761,0.2150045666821761,0.2150045666821761,0.2150045666821761,0.2150045666821761,0.2268356643356643,,,,0.0,,0.0,0.0,2,,9.0,5.0,0.1111111111111111,2.19722457733622,0.2213334724419945,0.2150045666821761,0.2150045666821761,0.2150045666821761,0.2150045666821761,0.2150045666821761,0.2150045666821761,0.2150045666821761,0.2150045666821761,12.0,0.0883209592178433,0.4166666666666667,0.4166666666666667,0.5416666666666666,0.5416666666666666,0.5416666666666666,0.5416666666666666,0.5416666666666666,0.5416666666666666,牝,,未勝利
2026-10-11|東京|2R|a74c2e1699b771a1,2026-10-11T07:40:36+09:00,base-1.12-calibrated,course_batch,2026-10-11,東京,2R,2歳未勝利,芝,1600,良,11,ミラマルニ,黛,伊藤圭,True,streamlit_course_batch,feature_missing,8,0.0953300243885634,0.2794064586654906,29.866416245987686,0.0953300243885634,0.2794064586654906,29.866416245987686,6,☆,,,,,,,8,2,55.0,,,8.025185683020558,0.2150045666821761,3.4394014331558185,7.494719668074899,7.75818987058195,0.2150045666821761,0.2150045666821761,0.2150045666821761,0.2150045666821761,0.2150045666821761,0.2250554323725055,,,,0.0,,0.0,0.0,2,,11.6,6.0,0.0862068965517241,2.451005098112319,0.2213334724419945,0.2150045666821761,0.2150045666821761,0.2150045666821761,0.2150045666821761,0.2150045666821761,0.2150045666821761,0.2150045666821761,0.2150045666821761,12.0,0.0685248821517749,0.5,0.5,0.5416666666666666,0.5416666666666666,0.5416666666666666,0.5416666666666666,0.5416666666666666,0.5416666666666666,牝,,未勝利
2026-10-11|東京|2R|a74c2e1699b771a1,2026-10-11T07:40:36+09:00,base-1.12-calibrated,course_batch,2026-10-11,東京,2R,2歳未勝利,芝,1600,良,6,イントゥーザブルー,石橋脩,清水英,True,streamlit_course_batch,feature_missing,8,0.0567935206221438,0.2378506879943558,20.44707391815505,0.0567935206221438,0.2378506879943558,20.44707391815505,7,☆,,,,,,,5,2,56.0,,,8.025185683020558,0.2150045666821761,3.4394014331558185,7.494719668074899,7.75818987058195,0.2150045666821761,0.2150045666821761,0.2150045666821761,0.2494585548336286,0.2150045666821761,0.2224760164458657,,,,0.0,,0.0,0.0,2,,15.7,7.0,0.0636942675159235,2.7536607123542622,0.2213334724419945,0.2291545189504373,0.2415751609238924,0.2375366568914956,0.2442528735632184,0.2494585548336286,0.2150045666821761,0.2150045666821761,0.2150045666821761,12.0,0.0506298492331585,0.5833333333333334,0.5833333333333334,0.5416666666666666,0.0833333333333333,0.5416666666666666,0.5416666666666666,0.5416666666666666,0.5416666666666666,牡,,未勝利
2026-10-11|東京|2R|a74c2e1699b771a1,2026-10-11T07:40:36+09:00,base-1.12-calibrated,course_batch,2026-10-11,東京,2R,2歳未勝利,芝,1600,良,3,ウインドピット,◇小林美,尾形,True,streamlit_course_batch,feature_missing,8,0.040822925458272,0.1980679000695722,15.979414287274611,0.040822925458272,0.1980679000695722,15.979414287274611,8,注,,,,,,,3,2,54.0,,,8.025185683020558,0.2150045666821761,3.4394014331558185,7.494719668074899,7.75818987058195,0.2150045666821761,0.2150045666821761,0.2150045666821761,0.2150045666821761,0.2150045666821761,0.2200614124872057,,,,0.0,,0.0,0.0,2,,19.8,8.0,0.0505050505050505,2.9856819377004897,0.2213334724419945,0.2150045666821761,0.2150045666821761,0.2150045666821761,0.2150045666821761,0.2150045666821761,0.2150045666821761,0.2150045666821761,0.2150045666821761,12.0,0.0401458905535651,0.6666666666666666,0.6666666666666666,0.5416666666666666,0.5416666666666666,0.5416666666666666,0.5416666666666666,0.5416666666666666,0.5416666666666666,牡,,未勝利
2026-10-11|東京|2R|a74c2e1699b771a1,2026-10-11T07:40:36+09:00,base-1.12-calibrated,course_batch,2026-10-11,東京,2R,2歳未勝利,芝,1600,良,12,イツマデモマツワ,木幡初,深山,True,streamlit_course_batch,feature_missing,8,0.0213647005779416,0.1295812950982168,10.035712125839485,0.0213647005779416,0.1295812950982168,10.035712125839485,9,注,,,,,,,8,2,55.0,,,8.025185683020558,0.2150045666821761,3.4394014331558185,7.494719668074899,7.75818987058195,0.2150045666821761,0.2150045666821761,0.2150045666821761,0.2150045666821761,0.2150045666821761,0.2250554323725055,,,,0.0,,0.0,0.0,2,,30.6,9.0,0.0326797385620915,3.4210000089583352,0.2213334724419945,0.2150045666821761,0.2150045666821761,0.2150045666821761,0.2150045666821761,0.2150045666821761,0.2150045666821761,0.2150045666821761,0.2150045666821761,12.0,0.0259767527111303,0.75,0.75,0.5416666666666666,0.5416666666666666,0.5416666666666666,0.5416666666666666,0.5416666666666666,0.5416666666666666,牝,,未勝利
2026-10-11|東京|2R|a74c2e1699b771a1,2026-10-11T07:40:36+09:00,base-1.12-calibrated,course_batch,2026-10-11,東京,2R,2歳未勝利,芝,1600,良,10,ドッグズノーズ,佐々木,浅利,True,streamlit_course_batch,feature_missing,8,0.0121222274276233,0.116813428361248,7.706575306606207,0.0121222274276233,0.116813428361248,7.706575306606207,10,注,,,,,,,7,2,56.0,,,8.025185683020558,0.2150045666821761,3.4394014331558185,7.494719668074899,7.75818987058195,0.2150045666821761,0.2150045666821761,0.2150045666821761,0.2150045666821761,0.2150045666821761,0.2209752321981424,,,,0.0,,0.0,0.0,2,,38.7,10.0,0.0258397932816537,3.655839600035736,0.2213334724419945,0.2150045666821761,0.2150045666821761,0.2150045666821761,0.2150045666821761,0.2150045666821761,0.2150045666821761,0.2150045666821761,0.2150045666821761,12.0,0.0205397579576379,0.8333333333333334,0.8333333333333334,0.5416666666666666,0.5416666666666666,0.5416666666666666,0.5416666666666666,0.5416666666666666,0.5416666666666666,牡,,未勝利
2026-10-11|東京|2R|a74c2e1699b771a1,2026-10-11T07:40:36+09:00,base-1.12-calibrated,course_batch,2026-10-11,東京,2R,2歳未勝利,芝,1600,良,5,セイウンウェルス,野中,伊藤大,True,streamlit_course_batch,feature_missing,8,0.0045266779641964,0.0842670758231019,5.241129186259248,0.0045266779641964,0.0842670758231019,5.241129186259248,11,×,,,,,,,5,2,56.0,,,8.025185683020558,0.2150045666821761,3.4394014331558185,7.494719668074899,7.75818987058195,0.2150045666821761,0.2150045666821761,0.2150045666821761,0.2150045666821761,0.2150045666821761,0.2224760164458657,,,,0.0,,0.0,0.0,2,,60.4,11.0,0.0165562913907284,4.100989104940769,0.2213334724419945,0.2150045666821761,0.2150045666821761,0.2150045666821761,0.2150045666821761,0.2150045666821761,0.2150045666821761,0.2150045666821761,0.2150045666821761,12.0,0.0131604078304733,0.9166666666666666,0.9166666666666666,0.5416666666666666,0.5416666666666666,0.5416666666666666,0.5416666666666666,0.5416666666666666,0.5416666666666666,牡,,未勝利
2026-10-11|東京|2R|a74c2e1699b771a1,2026-10-11T07:40:36+09:00,base-1.12-calibrated,course_batch,2026-10-11,東京,2R,2歳未勝利,芝,1600,良,8,コスモデュアリズム,松岡,伊藤伸,True,streamlit_course_batch,feature_missing,8,0.0018274520716914,0.0622201741791072,4.102961972931168,0.0018274520716914,0.0622201741791072,4.102961972931168,12,×,,,,,,,6,2,56.0,,,8.025185683020558,0.2150045666821761,3.4394014331558185,7.494719668074899,7.75818987058195,0.2150045666821761,0.2150045666821761,0.2150045666821761,0.2150045666821761,0.2150045666821761,0.2268356643356643,,,,0.0,,0.0,0.0,2,,84.0,12.0,0.0119047619047619,4.430816798843313,0.2213334724419945,0.2150045666821761,0.2150045666821761,0.2150045666821761,0.2150045666821761,0.2150045666821761,0.2150045666821761,0.2150045666821761,0.2150045666821761,12.0,0.0094629599161974,1.0,1.0,0.5416666666666666,0.5416666666666666,0.5416666666666666,0.5416666666666666,0.5416666666666666,0.5416666666666666,牡,,未勝利
2026-10-11|東京|3R|6c400158974eed34,2026-10-11T07:40:36+09:00,base-1.12-calibrated,course_batch,2026-10-11,東京,3R,2歳未勝利,芝,2000,良,2,ヴェルバーニア,ルメール,手塚久,True,streamlit_course_batch,feature_missing,8,0.3998596779089911,0.7857610644750789,86.79407227869874,0.3998596779089911,0.7857610644750789,86.79407227869874,1,◎,,,,,,,2,2,56.0,,,8.025185683020558,0.2150045666821761,3.4394014331558185,7.494719668074899,7.75818987058195,0.2150045666821761,0.2150045666821761,0.2150045666821761,0.5467532467532468,0.2150045666821761,0.2408477842003853,,,,0.0,,0.0,0.0,2,,1.7,1.0,0.5882352941176471,0.5306282510621704,0.2213334724419945,0.597892176732874,0.57177148343735,0.5742411812961444,0.5753715498938429,0.5467532467532468,0.2150045666821761,0.2150045666821761,0.2150045666821761,14.0,0.4686992875267834,0.0714285714285714,0.0714285714285714,0.5357142857142857,0.0714285714285714,0.5357142857142857,0.5357142857142857,0.5357142857142857,0.5357142857142857,牡,,未勝利
2026-10-11|東京|3R|6c400158974eed34,2026-10-11T07:40:36+09:00,base-1.12-calibrated,course_batch,2026-10-11,東京,3R,2歳未勝利,芝,2000,良,13,ドナズエクリプス,吉村,清水久,True,streamlit_course_batch,feature_missing,8,0.1796504164429216,0.3579506812683677,40.30225008900391,0.1796504164429216,0.3579506812683677,40.30225008900391,2,○,,,,,,,8,2,56.0,,,8.025185683020558,0.2150045666821761,3.4394014331558185,7.494719668074899,7.75818987058195,0.2150045666821761,0.2150045666821761,0.2150045666821761,0.2150045666821761,0.2150045666821761,0.2456575682382134,,,,0.0,,0.0,0.0,2,,5.9,2.0,0.1694915254237288,1.7749523509116738,0.2213334724419945,0.2150045666821761,0.2150045666821761,0.2150045666821761,0.2150045666821761,0.2150045666821761,0.2150045666821761,0.2150045666821761,0.2150045666821761,14.0,0.1350489472534799,0.1428571428571428,0.1428571428571428,0.5357142857142857,0.5,0.5357142857142857,0.5357142857142857,0.5357142857142857,0.5357142857142857,牡,,未勝利
2026-10-11|東京|3R|6c400158974eed34,2026-10-11T07:40:36+09:00,base-1.12-calibrated,course_batch,2026-10-11,東京,3R,2歳未勝利,芝,2000,良,9,ハナナ,横山武,矢作,True,streamlit_course_batch,feature_missing,8,0.1522746170388651,0.3251042469774913,35.030960700220824,0.1522746170388651,0.3251042469774913,35.030960700220824,3,▲,,,,,,,6,2,55.0,,,8.025185683020558,0.2150045666821761,3.4394014331558185,7.494719668074899,7.75818987058195,0.2150045666821761,0.2150045666821761,0.2150045666821761,0.2150045666821761,0.2150045666821761,0.2442196531791907,,,,0.0,,0.0,0.0,2,,7.1,3.0,0.1408450704225352,1.9600947840472696,0.2213334724419945,0.2150045666821761,0.2150045666821761,0.2150045666821761,0.2150045666821761,0.2150045666821761,0.2150045666821761,0.2150045666821761,0.2150045666821761,14.0,0.1122237730697932,0.2142857142857142,0.2142857142857142,0.5357142857142857,0.5,0.5357142857142857,0.5357142857142857,0.5357142857142857,0.5357142857142857,牝,,未勝利
2026-10-11|東京|3R|6c400158974eed34,2026-10-11T07:40:36+09:00,base-1.12-calibrated,course_batch,2026-10-11,東京,3R,2歳未勝利,芝,2000,良,7,モナークスヴァラー,ミシェル,牧,True,streamlit_course_batch,feature_missing,8,0.1068665312249091,0.2940475257032659,26.873139288705307,0.1068665312249091,0.2940475257032659,26.873139288705307,4,△,,,,,,,5,2,56.0,,,8.025185683020558,0.2150045666821761,3.4394014331558185,7.494719668074899,7.75818987058195,0.2150045666821761,0.2150045666821761,0.2150045666821761,0.1666666666666666,0.2150045666821761,0.2859375,,,,0.0,,0.0,0.0,2,,9.0,4.0,0.1111111111111111,2.19722457733622,0.2213334724419945,0.0,0.0,0.0,0.0,0.1666666666666666,0.2150045666821761,0.2150045666821761,0.2150045666821761,14.0,0.0885320876439479,0.2857142857142857,0.2857142857142857,0.5357142857142857,1.0,0.5357142857142857,0.5357142857142857,0.5357142857142857,0.5357142857142857,牡,,未勝利
2026-10-11|東京|3R|6c400158974eed34,2026-10-11T07:40:36+09:00,base-1.12-calibrated,course_batch,2026-10-11,東京,3R,2歳未勝利,芝,2000,良,12,タイセイソアリング,荻野極,池上,True,streamlit_course_batch,feature_missing,8,0.0926609526641774,0.2643877215140428,23.822427582600582,0.0926609526641774,0.2643877215140428,23.822427582600582,5,△,,,,,,,7,2,56.0,,,8.025185683020558,0.2150045666821761,3.4394014331558185,7.494719668074899,7.75818987058195,0.2150045666821761,0.2150045666821761,0.2150045666821761,0.1830559757942511,0.2150045666821761,0.2322834645669291,,,,0.0,,0.0,0.0,2,,12.2,5.0,0.0819672131147541,2.501435951739211,0.2213334724419945,0.1945288753799392,0.1798376762067492,0.2012288786482335,0.182311448724905,0.1830559757942511,0.2150045666821761,0.2150045666821761,0.2150045666821761,14.0,0.0653105564586501,0.3571428571428571,0.3571428571428571,0.5357142857142857,0.9285714285714286,0.5357142857142857,0.5357142857142857,0.5357142857142857,0.5357142857142857,牡,,未勝利
2026-10-11|東京|3R|6c400158974eed34,2026-10-11T07:40:36+09:00,base-1.12-calibrated,course_batch,2026-10-11,東京,3R,2歳未勝利,芝,2000,良,5,ディヴァンパーレ,西村淳,小栗,True,streamlit_course_batch,feature_missing,8,0.0216820122336577,0.134760171223044,9.043613370640848,0.0216820122336577,0.134760171223044,9.043613370640848,6,☆,,,,,,,4,2,55.0,,,8.025185683020558,0.2150045666821761,3.4394014331558185,7.494719668074899,7.75818987058195,0.2150045666821761,0.2150045666821761,0.2150045666821761,0.2150045666821761,0.2150045666821761,0.25,,,,0.0,,0.0,0.0,2,,30.0,6.0,0.0333333333333333,3.4011973816621555,0.2213334724419945,0.2150045666821761,0.2150045666821761,0.2150045666821761,0.2150045666821761,0.2150045666821761,0.2150045666821761,0.2150045666821761,0.2150045666821761,14.0,0.0265596262931843,0.4285714285714285,0.4285714285714285,0.5357142857142857,0.5,0.5357142857142857,0.5357142857142857,0.5357142857142857,0.5357142857142857,牝,,未勝利
2026-10-11|東京|3R|6c400158974eed34,2026-10-11T07:40:36+09:00,base-1.12-calibrated,course_batch,2026-10-11,東京,3R,2歳未勝利,芝,2000,良,6,パッションノーヴァ,武藤,武藤,True,streamlit_course_batch,feature_missing,8,0.0150053852040391,0.1209417929761382,7.612821281794041,0.0150053852040391,0.1209417929761382,7.612821281794041,7,☆,,,,,,,4,2,56.0,,,8.025185683020558,0.2150045666821761,3.4394014331558185,7.494719668074899,7.75818987058195,0.2150045666821761,0.2150045666821761,0.2150045666821761,0.2150045666821761,0.2150045666821761,0.25,,,,0.0,,0.0,0.0,2,,34.4,7.0,0.0290697674418604,3.5380565643793527,0.2213334724419945,0.2150045666821761,0.2150045666821761,0.2150045666821761,0.2150045666821761,0.2150045666821761,0.2150045666821761,0.2150045666821761,0.2150045666821761,14.0,0.0231624647905677,0.5,0.5,0.5357142857142857,0.5,0.5357142857142857,0.5357142857142857,0.5357142857142857,0.5357142857142857,牡,,未勝利
2026-10-11|東京|3R|6c400158974eed34,2026-10-11T07:40:36+09:00,base-1.12-calibrated,course_batch,2026-10-11,東京,3R,2歳未勝利,芝,2000,良,10,ビップルーチェ,Ｍデムーロ,田島,True,streamlit_course_batch,feature_missing,8,0.0130472647361192,0.1093633915521471,7.005055006664507,0.0130472647361192,0.1093633915521471,7.005055006664507,8,注,,,,,,,6,2,55.0,,,8.025185683020558,0.2150045666821761,3.4394014331558185,7.494719668074899,7.75818987058195,0.2150045666821761,0.2150045666821761,0.2150045666821761,0.2150045666821761,0.2150045666821761,0.2442196531791907,,,,0.0,,0.0,0.0,2,,38.4,8.0,0.0260416666666666,3.648057459593681,0.2213334724419945,0.2150045666821761,0.2150045666821761,0.2150045666821761,0.2150045666821761,0.2150045666821761,0.2150045666821761,0.2150045666821761,0.2150045666821761,14.0,0.0207497080415503,0.5714285714285714,0.5714285714285714,0.5357142857142857,0.5,0.5357142857142857,0.5357142857142857,0.5357142857142857,0.5357142857142857,牝,,未勝利
2026-10-11|東京|3R|6c400158974eed34,2026-10-11T07:40:36+09:00,base-1.12-calibrated,course_batch,2026-10-11,東京,3R,2歳未勝利,芝,2000,良,8,マイネルヘルリッヒ,柴田大,清水英,True,streamlit_course_batch,feature_missing,8,0.0090708768388591,0.1076483397772259,6.315788922069274,0.0090708768388591,0.1076483397772259,6.315788922069274,9,注,,,,,,,5,2,56.0,,,8.025185683020558,0.2150045666821761,3.4394014331558185,7.494719668074899,7.75818987058195,0.2150045666821761,0.2150045666821761,0.2150045666821761,0.2150045666821761,0.2150045666821761,0.2859375,,,,0.0,,0.0,0.0,2,,42.7,9.0,0.0234192037470725,3.754198920234579,0.2213334724419945,0.2150045666821761,0.2150045666821761,0.2150045666821761,0.2150045666821761,0.2150045666821761,0.2150045666821761,0.2150045666821761,0.2150045666821761,14.0,0.0186601589881857,0.6428571428571429,0.6428571428571429,0.5357142857142857,0.5,0.5357142857142857,0.5357142857142857,0.5357142857142857,0.5357142857142857,牡,,未勝利
2026-10-11|東京|3R|6c400158974eed34,2026-10-11T07:40:36+09:00,base-1.12-calibrated,course_batch,2026-10-11,東京,3R,2歳未勝利,芝,2000,良,3,マイネルアルディ,丹内,菊川,True,streamlit_course_batch,feature_missing,8,0.004710145501431,0.0702981183601293,4.673165869879295,0.004710145501431,0.0702981183601293,4.673165869879295,10,注,,,,,,,3,2,56.0,,,8.025185683020558,0.2150045666821761,3.4394014331558185,7.494719668074899,7.75818987058195,0.2150045666821761,0.2150045666821761,0.2150045666821761,0.2150045666821761,0.2150045666821761,0.2647584973166368,,,,0.0,,0.0,0.0,2,,63.9,10.0,0.0156494522691705,4.157319361383489,0.2213334724419945,0.2150045666821761,0.2150045666821761,0.2150045666821761,0.2150045666821761,0.2150045666821761,0.2150045666821761,0.2150045666821761,0.2150045666821761,14.0,0.0124693081188659,0.7142857142857143,0.7142857142857143,0.5357142857142857,0.5,0.5357142857142857,0.5357142857142857,0.5357142857142857,0.5357142857142857,牡,,未勝利
2026-10-11|東京|3R|6c400158974eed34,2026-10-11T07:40:36+09:00,base-1.12-calibrated,course_batch,2026-10-11,東京,3R,2歳未勝利,芝,2000,良,11,テイクユアタイム,原,中川,True,streamlit_course_batch,feature_missing,8,0.0033138020971658,0.0641391072322182,4.292205160812699,0.0033138020971658,0.0641391072322182,4.292205160812699,11,×,,,,,,,7,2,56.0,,,8.025185683020558,0.2150045666821761,3.4394014331558185,7.494719668074899,7.75818987058195,0.2150045666821761,0.2150045666821761,0.2150045666821761,0.2150045666821761,0.2150045666821761,0.2322834645669291,,,,0.0,,0.0,0.0,2,,70.4,11.0,0.0142045454545454,4.254193263163997,0.2213334724419945,0.2150045666821761,0.2150045666821761,0.2150045666821761,0.2150045666821761,0.2150045666821761,0.2150045666821761,0.2150045666821761,0.2150045666821761,14.0,0.0113180225681183,0.7857142857142857,0.7857142857142857,0.5357142857142857,0.5,0.5357142857142857,0.5357142857142857,0.5357142857142857,0.5357142857142857,牡,,未勝利
2026-10-11|東京|3R|6c400158974eed34,2026-10-11T07:40:36+09:00,base-1.12-calibrated,course_batch,2026-10-11,東京,3R,2歳未勝利,芝,2000,良,4,ハイランドウインド,原田和,杉浦,True,streamlit_course_batch,feature_missing,8,0.0007575912659555,0.0366747105074141,3.190065212514145,0.0007575912659555,0.0366747105074141,3.190065212514145,12,×,,,,,,,3,2,56.0,,,8.025185683020558,0.2150045666821761,3.4394014331558185,7.494719668074899,7.75818987058195,0.2150045666821761,0.2150045666821761,0.2150045666821761,0.2150045666821761,0.2150045666821761,0.2647584973166368,,,,0.0,,0.0,0.0,2,,124.6,12.0,0.0080256821829855,4.825108606353353,0.2213334724419945,0.2150045666821761,0.2150045666821761,0.2150045666821761,0.2150045666821761,0.2150045666821761,0.2150045666821761,0.2150045666821761,0.2150045666821761,14.0,0.0063947735858389,0.8571428571428571,0.8571428571428571,0.5357142857142857,0.5,0.5357142857142857,0.5357142857142857,0.5357142857142857,0.5357142857142857,牡,,未勝利
2026-10-11|東京|3R|6c400158974eed34,2026-10-11T07:40:36+09:00,base-1.12-calibrated,course_batch,2026-10-11,東京,3R,2歳未勝利,芝,2000,良,1,カシノデスティニー,伊藤,和田雄,True,streamlit_course_batch,feature_missing,8,0.0006497486533992,0.0317063638659481,3.048325972119972,0.0006497486533992,0.0317063638659481,3.048325972119972,13,×,,,,,,,1,2,55.0,,,8.025185683020558,0.2150045666821761,3.4394014331558185,7.494719668074899,7.75818987058195,0.2150045666821761,0.2150045666821761,0.2150045666821761,0.2150045666821761,0.2150045666821761,0.3034623217922607,,,,0.0,,0.0,0.0,2,,131.3,13.0,0.0076161462300076,4.877484781308751,0.2213334724419945,0.2150045666821761,0.2150045666821761,0.2150045666821761,0.2150045666821761,0.2150045666821761,0.2150045666821761,0.2150045666821761,0.2150045666821761,14.0,0.0060684599298974,0.9285714285714286,0.9285714285714286,0.5357142857142857,0.5,0.5357142857142857,0.5357142857142857,0.5357142857142857,0.5357142857142857,牝,,未勝利
2026-10-11|東京|3R|6c400158974eed34,2026-10-11T07:40:36+09:00,base-1.12-calibrated,course_batch,2026-10-11,東京,3R,2歳未勝利,芝,2000,良,14,マイネルシードル,△石神道,和田郎,True,streamlit_course_batch,feature_missing,8,0.0004509781895085,0.0220517755305854,2.774649728298133,0.0004509781895085,0.0220517755305854,2.774649728298133,14,×,,,,,,,8,2,54.0,,,8.025185683020558,0.2150045666821761,3.4394014331558185,7.494719668074899,7.75818987058195,0.2150045666821761,0.2150045666821761,0.2150045666821761,0.2150045666821761,0.2150045666821761,0.2456575682382134,,,,0.0,,0.0,0.0,2,,165.9,14.0,0.0060277275467148,5.111385197196399,0.2213334724419945,0.2150045666821761,0.2150045666821761,0.2150045666821761,0.2150045666821761,0.2150045666821761,0.2150045666821761,0.2150045666821761,0.2150045666821761,14.0,0.0048028257311364,1.0,1.0,0.5357142857142857,0.5,0.5357142857142857,0.5357142857142857,0.5357142857142857,0.5357142857142857,牡,,未勝利
2026-10-11|東京|4R|ac44da1972e318da,2026-10-11T07:40:36+09:00,base-1.12-calibrated,course_batch,2026-10-11,東京,4R,2歳新馬,ダート,1600,良,14,ギルデッドグロス,ルメール,黒岩,True,streamlit_course_batch,feature_missing,8,0.2681654814843779,0.6060774290710368,82.30198139359769,0.2681654814843779,0.6060774290710368,82.30198139359769,1,◎,,,,,,,7,2,56.0,,,8.025185683020558,0.2150045666821761,3.4394014331558185,7.494719668074899,7.75818987058195,0.2150045666821761,0.2150045666821761,0.2150045666821761,0.5467532467532468,0.2150045666821761,0.206693803708729,,,,0.0,,0.0,0.0,1,,2.5,1.0,0.4,0.9162907318741552,0.2092924241400283,0.597892176732874,0.5087145969498911,0.553587786259542,0.500590318772137,0.5467532467532468,0.2150045666821761,0.2150045666821761,0.2150045666821761,16.0,0.3188061432571842,0.0625,0.0625,0.53125,0.0625,0.53125,0.53125,0.53125,0.53125,牡,,新馬
2026-10-11|東京|4R|ac44da1972e318da,2026-10-11T07:40:36+09:00,base-1.12-calibrated,course_batch,2026-10-11,東京,4R,2歳新馬,ダート,1600,良,16,ユイノゲリラゴウウ,内田博,深山,True,streamlit_course_batch,feature_missing,8,0.1410720610190687,0.3401187309655381,44.84713883534432,0.1410720610190687,0.3401187309655381,44.84713883534432,2,○,,,,,,,8,2,56.0,,,8.025185683020558,0.2150045666821761,3.4394014331558185,7.494719668074899,7.75818987058195,0.2150045666821761,0.2150045666821761,0.2150045666821761,0.2150045666821761,0.2150045666821761,0.2494341330918968,,,,0.0,,0.0,0.0,1,,6.4,2.0,0.15625,1.8562979903656265,0.2092924241400283,0.2150045666821761,0.2150045666821761,0.2150045666821761,0.2150045666821761,0.2150045666821761,0.2150045666821761,0.2150045666821761,0.2150045666821761,16.0,0.1245336497098375,0.125,0.125,0.53125,0.5625,0.53125,0.53125,0.53125,0.53125,牡,,新馬
2026-10-11|東京|4R|ac44da1972e318da,2026-10-11T07:40:36+09:00,base-1.12-calibrated,course_batch,2026-10-11,東京,4R,2歳新馬,ダート,1600,良,11,ヤマトリンカーン,▲佐藤,伊藤圭,True,streamlit_course_batch,feature_missing,8,0.0927301175854525,0.2703941190437985,31.386533628488305,0.0927301175854525,0.2703941190437985,31.386533628488305,3,▲,,,,,,,6,2,53.0,,,8.025185683020558,0.2150045666821761,3.4394014331558185,7.494719668074899,7.75818987058195,0.2150045666821761,0.2150045666821761,0.2150045666821761,0.2150045666821761,0.2150045666821761,0.2260430994956442,,,,0.0,,0.0,0.0,1,,11.7,4.0,0.0854700854700854,2.4595888418037104,0.2092924241400283,0.2150045666821761,0.2150045666821761,0.2150045666821761,0.2150045666821761,0.2150045666821761,0.2150045666821761,0.2150045666821761,0.2150045666821761,16.0,0.0681209707814496,0.25,0.25,0.53125,0.5625,0.53125,0.53125,0.53125,0.53125,牡,,新馬
2026-10-11|東京|4R|ac44da1972e318da,2026-10-11T07:40:36+09:00,base-1.12-calibrated,course_batch,2026-10-11,東京,4R,2歳新馬,ダート,1600,良,7,ロードアマデウス,横山和,嘉藤,True,streamlit_course_batch,feature_missing,8,0.0900419652768809,0.2956023660266783,31.365164890845747,0.0900419652768809,0.2956023660266783,31.365164890845747,4,△,,,,,,,4,2,56.0,,,8.025185683020558,0.2150045666821761,3.4394014331558185,7.494719668074899,7.75818987058195,0.2150045666821761,0.2150045666821761,0.2150045666821761,0.2150045666821761,0.2150045666821761,0.1916110581506196,,,,0.0,,0.0,0.0,1,,9.7,3.0,0.1030927835051546,2.272125885509337,0.2092924241400283,0.2150045666821761,0.2150045666821761,0.2150045666821761,0.2150045666821761,0.2150045666821761,0.2150045666821761,0.2150045666821761,0.2150045666821761,16.0,0.0821665317673155,0.1875,0.1875,0.53125,0.5625,0.53125,0.53125,0.53125,0.53125,牡,,新馬
2026-10-11|東京|4R|ac44da1972e318da,2026-10-11T07:40:36+09:00,base-1.12-calibrated,course_batch,2026-10-11,東京,4R,2歳新馬,ダート,1600,良,15,ベアフラッシュ,松岡,千葉,True,streamlit_course_batch,feature_missing,8,0.0840708603555193,0.2440636748431525,28.62937554079526,0.0840708603555193,0.2440636748431525,28.62937554079526,5,△,,,,,,,8,2,55.0,,,8.025185683020558,0.2150045666821761,3.4394014331558185,7.494719668074899,7.75818987058195,0.2150045666821761,0.2150045666821761,0.2150045666821761,0.2150045666821761,0.2150045666821761,0.2494341330918968,,,,0.0,,0.0,0.0,1,,12.2,5.0,0.0819672131147541,2.501435951739211,0.2092924241400283,0.2150045666821761,0.2150045666821761,0.2150045666821761,0.2150045666821761,0.2150045666821761,0.2150045666821761,0.2150045666821761,0.2150045666821761,16.0,0.0653291277166361,0.3125,0.3125,0.53125,0.5625,0.53125,0.53125,0.53125,0.53125,牝,,新馬
2026-10-11|東京|4R|ac44da1972e318da,2026-10-11T07:40:36+09:00,base-1.12-calibrated,course_batch,2026-10-11,東京,4R,2歳新馬,ダート,1600,良,8,レヴフィリア,◇小林美,伊藤圭,True,streamlit_course_batch,feature_missing,8,0.0761550941621786,0.2113323494366854,25.892408465705536,0.0761550941621786,0.2113323494366854,25.892408465705536,6,☆,,,,,,,4,2,53.0,,,8.025185683020558,0.2150045666821761,3.4394014331558185,7.494719668074899,7.75818987058195,0.2150045666821761,0.2150045666821761,0.2150045666821761,0.2150045666821761,0.2150045666821761,0.1916110581506196,,,,0.0,,0.0,0.0,1,,12.8,6.0,0.078125,2.5494451709255714,0.2092924241400283,0.2150045666821761,0.2150045666821761,0.2150045666821761,0.2150045666821761,0.2150045666821761,0.2150045666821761,0.2150045666821761,0.2150045666821761,16.0,0.0622668248549187,0.375,0.375,0.53125,0.5625,0.53125,0.53125,0.53125,0.53125,牝,,新馬
2026-10-11|東京|4R|ac44da1972e318da,2026-10-11T07:40:36+09:00,base-1.12-calibrated,course_batch,2026-10-11,東京,4R,2歳新馬,ダート,1600,良,13,チャームドール,三浦,小手川,True,streamlit_course_batch,feature_missing,8,0.0590567948397867,0.2009449648081958,21.4883073135935,0.0590567948397867,0.2009449648081958,21.4883073135935,7,☆,,,,,,,7,2,55.0,,,8.025185683020558,0.2150045666821761,3.4394014331558185,7.494719668074899,7.75818987058195,0.2150045666821761,0.2150045666821761,0.2150045666821761,0.2150045666821761,0.2150045666821761,0.206693803708729,,,,0.0,,0.0,0.0,1,,15.7,7.0,0.0636942675159235,2.7536607123542622,0.2092924241400283,0.2150045666821761,0.2150045666821761,0.2150045666821761,0.2150045666821761,0.2150045666821761,0.2150045666821761,0.2150045666821761,0.2150045666821761,16.0,0.0507653094358573,0.4375,0.4375,0.53125,0.5625,0.53125,0.53125,0.53125,0.53125,牝,,新馬
2026-10-11|東京|4R|ac44da1972e318da,2026-10-11T07:40:36+09:00,base-1.12-calibrated,course_batch,2026-10-11,東京,4R,2歳新馬,ダート,1600,良,1,メヌフォーコン,佐々木,千葉,True,streamlit_course_batch,feature_missing,8,0.0518852472993321,0.1841957201684824,19.33128166562264,0.0518852472993321,0.1841957201684824,19.33128166562264,8,注,,,,,,,1,2,55.0,,,8.025185683020558,0.2150045666821761,3.4394014331558185,7.494719668074899,7.75818987058195,0.2150045666821761,0.2150045666821761,0.2150045666821761,0.2150045666821761,0.2150045666821761,0.1548140043763676,,,,0.0,,0.0,0.0,1,,15.9,8.0,0.0628930817610062,2.766319109226186,0.2092924241400283,0.2150045666821761,0.2150045666821761,0.2150045666821761,0.2150045666821761,0.2150045666821761,0.2150045666821761,0.2150045666821761,0.2150045666821761,16.0,0.0501267520844629,0.5,0.5,0.53125,0.5625,0.53125,0.53125,0.53125,0.53125,牝,,新馬
2026-10-11|東京|4R|ac44da1972e318da,2026-10-11T07:40:36+09:00,base-1.12-calibrated,course_batch,2026-10-11,東京,4R,2歳新馬,ダート,1600,良,9,テールエメール,石橋脩,池上,True,streamlit_course_batch,feature_missing,8,0.0504204397019491,0.1928197843844298,19.19183200453144,0.0504204397019491,0.1928197843844298,19.19183200453144,9,注,,,,,,,5,2,56.0,,,8.025185683020558,0.2150045666821761,3.4394014331558185,7.494719668074899,7.75818987058195,0.2150045666821761,0.2150045666821761,0.2150045666821761,0.2494585548336286,0.2150045666821761,0.2029934518241347,,,,0.0,,0.0,0.0,1,,17.5,9.0,0.0571428571428571,2.862200880929469,0.2092924241400283,0.2291545189504373,0.2575757575757575,0.2375366568914956,0.2611336032388664,0.2494585548336286,0.2150045666821761,0.2150045666821761,0.2150045666821761,16.0,0.0455437347510263,0.5625,0.5625,0.53125,0.125,0.53125,0.53125,0.53125,0.53125,牡,,新馬
2026-10-11|東京|4R|ac44da1972e318da,2026-10-11T07:40:36+09:00,base-1.12-calibrated,course_batch,2026-10-11,東京,4R,2歳新馬,ダート,1600,良,6,リオフラウス,原,矢野,True,streamlit_course_batch,feature_missing,8,0.0379483787319376,0.1622163055684053,15.40367152532812,0.0379483787319376,0.1622163055684053,15.40367152532812,10,注,,,,,,,3,2,55.0,,,8.025185683020558,0.2150045666821761,3.4394014331558185,7.494719668074899,7.75818987058195,0.2150045666821761,0.2150045666821761,0.2150045666821761,0.2150045666821761,0.2150045666821761,0.1814137419673752,,,,0.0,,0.0,0.0,1,,19.8,10.0,0.0505050505050505,2.9856819377004897,0.2092924241400283,0.2150045666821761,0.2150045666821761,0.2150045666821761,0.2150045666821761,0.2150045666821761,0.2150045666821761,0.2150045666821761,0.2150045666821761,16.0,0.0402533009163111,0.625,0.625,0.53125,0.5625,0.53125,0.53125,0.53125,0.53125,牝,,新馬
2026-10-11|東京|4R|ac44da1972e318da,2026-10-11T07:40:36+09:00,base-1.12-calibrated,course_batch,2026-10-11,東京,4R,2歳新馬,ダート,1600,良,3,フェスティヴガッツ,丹内,清水英,True,streamlit_course_batch,feature_missing,8,0.019276245931791,0.1224173625976589,9.882803621590238,0.019276245931791,0.1224173625976589,9.882803621590238,11,×,,,,,,,2,2,56.0,,,8.025185683020558,0.2150045666821761,3.4394014331558185,7.494719668074899,7.75818987058195,0.2150045666821761,0.2150045666821761,0.2150045666821761,0.2150045666821761,0.2150045666821761,0.1863706763035622,,,,0.0,,0.0,0.0,1,,30.7,11.0,0.0325732899022801,3.4242626545931514,0.2092924241400283,0.2150045666821761,0.2150045666821761,0.2150045666821761,0.2150045666821761,0.2150045666821761,0.2150045666821761,0.2150045666821761,0.2150045666821761,16.0,0.0259614123173602,0.6875,0.6875,0.53125,0.5625,0.53125,0.53125,0.53125,0.53125,牡,,新馬
2026-10-11|東京|4R|ac44da1972e318da,2026-10-11T07:40:36+09:00,base-1.12-calibrated,course_batch,2026-10-11,東京,4R,2歳新馬,ダート,1600,良,10,マイオーラ,吉田豊,松尾,True,streamlit_course_batch,feature_missing,8,0.0124208588666883,0.1059679905860485,7.809908182941898,0.0124208588666883,0.1059679905860485,7.809908182941898,12,×,,,,,,,5,2,56.0,,,8.025185683020558,0.2150045666821761,3.4394014331558185,7.494719668074899,7.75818987058195,0.2150045666821761,0.2150045666821761,0.2150045666821761,0.179940325912325,0.2150045666821761,0.2029934518241347,,,,0.0,,0.0,0.0,1,,40.0,12.0,0.025,3.688879454113936,0.2092924241400283,0.1841286307053942,0.1929750317393144,0.1731978713110788,0.1874569262577533,0.179940325912325,0.2150045666821761,0.2150045666821761,0.2150045666821761,16.0,0.019925383953574,0.75,0.75,0.53125,1.0,0.53125,0.53125,0.53125,0.53125,牡,,新馬
2026-10-11|東京|4R|ac44da1972e318da,2026-10-11T07:40:36+09:00,base-1.12-calibrated,course_batch,2026-10-11,東京,4R,2歳新馬,ダート,1600,良,2,センターサンテ,☆長浜,本間,True,streamlit_course_batch,feature_missing,8,0.0080628707182506,0.0812982297859229,6.136841671018956,0.0080628707182506,0.0812982297859229,6.136841671018956,13,×,,,,,,,1,2,55.0,,,8.025185683020558,0.2150045666821761,3.4394014331558185,7.494719668074899,7.75818987058195,0.2150045666821761,0.2150045666821761,0.2150045666821761,0.2150045666821761,0.2150045666821761,0.1548140043763676,,,,0.0,,0.0,0.0,1,,47.4,13.0,0.0210970464135021,3.858622228701031,0.2092924241400283,0.2150045666821761,0.2150045666821761,0.2150045666821761,0.2150045666821761,0.2150045666821761,0.2150045666821761,0.2150045666821761,0.2150045666821761,16.0,0.016814670003016,0.8125,0.8125,0.53125,0.5625,0.53125,0.53125,0.53125,0.53125,牡,,新馬
2026-10-11|東京|4R|ac44da1972e318da,2026-10-11T07:40:36+09:00,base-1.12-calibrated,course_batch,2026-10-11,東京,4R,2歳新馬,ダート,1600,良,4,トラストフィスティ,△石神道,高木,True,streamlit_course_batch,feature_missing,8,0.0031024813791007,0.0593268444235898,4.385219938017007,0.0031024813791007,0.0593268444235898,4.385219938017007,14,×,,,,,,,2,2,53.0,,,8.025185683020558,0.2150045666821761,3.4394014331558185,7.494719668074899,7.75818987058195,0.2150045666821761,0.2150045666821761,0.2150045666821761,0.2150045666821761,0.2150045666821761,0.1863706763035622,,,,0.0,,0.0,0.0,1,,68.1,14.0,0.0146842878120411,4.220977213155467,0.2092924241400283,0.2150045666821761,0.2150045666821761,0.2150045666821761,0.2150045666821761,0.2150045666821761,0.2150045666821761,0.2150045666821761,0.2150045666821761,16.0,0.0117036029095882,0.875,0.875,0.53125,0.5625,0.53125,0.53125,0.53125,0.53125,牝,,新馬
2026-10-11|東京|4R|ac44da1972e318da,2026-10-11T07:40:36+09:00,base-1.12-calibrated,course_batch,2026-10-11,東京,4R,2歳新馬,ダート,1600,良,12,マウンテンジョオー,▲水沼,西田,True,streamlit_course_batch,feature_missing,8,0.0029440645036945,0.0510084717701004,4.138862328042557,0.0029440645036945,0.0510084717701004,4.138862328042557,15,×,,,,,,,6,2,52.0,,,8.025185683020558,0.2150045666821761,3.4394014331558185,7.494719668074899,7.75818987058195,0.2150045666821761,0.2150045666821761,0.2150045666821761,0.2150045666821761,0.2150045666821761,0.2260430994956442,,,,0.0,,0.0,0.0,1,,93.3,16.0,0.0107181136120042,4.535820107853298,0.2092924241400283,0.2150045666821761,0.2150045666821761,0.2150045666821761,0.2150045666821761,0.2150045666821761,0.2150045666821761,0.2150045666821761,0.2150045666821761,16.0,0.0085425011590885,1.0,1.0,0.53125,0.5625,0.53125,0.53125,0.53125,0.53125,牝,,新馬
2026-10-11|東京|4R|ac44da1972e318da,2026-10-11T07:40:36+09:00,base-1.12-calibrated,course_batch,2026-10-11,東京,4R,2歳新馬,ダート,1600,良,5,オーバーゼア,▲遠藤,伊藤伸,True,streamlit_course_batch,feature_missing,8,0.0026470381439907,0.0566179168588536,4.207102934906286,0.0026470381439907,0.0566179168588536,4.207102934906286,16,×,,,,,,,3,2,53.0,,,8.025185683020558,0.2150045666821761,3.4394014331558185,7.494719668074899,7.75818987058195,0.2150045666821761,0.2150045666821761,0.2150045666821761,0.2150045666821761,0.2150045666821761,0.1814137419673752,,,,0.0,,0.0,0.0,1,,87.2,15.0,0.0114678899082568,4.468204330914934,0.2092924241400283,0.2150045666821761,0.2150045666821761,0.2150045666821761,0.2150045666821761,0.2150045666821761,0.2150045666821761,0.2150045666821761,0.2150045666821761,16.0,0.0091400843823734,0.9375,0.9375,0.53125,0.5625,0.53125,0.53125,0.53125,0.53125,牡,,新馬
2026-10-11|東京|5R|24ad1eaabec7ecc8,2026-10-11T07:40:36+09:00,base-1.12-calibrated,course_batch,2026-10-11,東京,5R,2歳新馬,芝,2000,良,5,ラニアケア,西村淳,堀,True,streamlit_course_batch,feature_missing,8,0.2172309688475651,0.5306712139809452,80.4168260163454,0.2172309688475651,0.5306712139809452,80.4168260163454,1,◎,,,,,,,5,2,56.0,,,8.025185683020558,0.2150045666821761,3.4394014331558185,7.494719668074899,7.75818987058195,0.2150045666821761,0.2150045666821761,0.2150045666821761,0.2150045666821761,0.2150045666821761,0.2859375,,,,0.0,,0.0,0.0,1,,3.3,1.0,0.303030303030303,1.1939224684724346,0.2213334724419945,0.2150045666821761,0.2150045666821761,0.2150045666821761,0.2150045666821761,0.2150045666821761,0.2150045666821761,0.2150045666821761,0.2150045666821761,11.0,0.2410786527399452,0.0909090909090909,0.0909090909090909,0.5,0.5909090909090909,0.5454545454545454,0.5909090909090909,0.5454545454545454,0.5909090909090909,牡,,新馬
2026-10-11|東京|5R|24ad1eaabec7ecc8,2026-10-11T07:40:36+09:00,base-1.12-calibrated,course_batch,2026-10-11,東京,5R,2歳新馬,芝,2000,良,8,ホールノート,ルメール,尾関,True,streamlit_course_batch,feature_missing,8,0.1849588793946165,0.4880403896006237,69.69457859061671,0.1849588793946165,0.4880403896006237,69.69457859061671,2,○,,,,,,,7,2,55.0,,,8.025185683020558,0.2150045666821761,3.4394014331558185,7.494719668074899,7.75818987058195,0.2150045666821761,0.2150045666821761,0.2150045666821761,0.5467532467532468,0.2150045666821761,0.2322834645669291,,,,0.0,,0.0,0.0,1,,4.1,2.0,0.2439024390243902,1.410986973710262,0.2213334724419945,0.597892176732874,0.57177148343735,0.5742411812961444,0.5753715498938429,0.5467532467532468,0.2150045666821761,0.2150045666821761,0.2150045666821761,11.0,0.1940389156199559,0.1818181818181818,0.1818181818181818,0.5,0.0909090909090909,0.5454545454545454,0.5909090909090909,0.5454545454545454,0.5909090909090909,牝,,新馬
2026-10-11|東京|5R|24ad1eaabec7ecc8,2026-10-11T07:40:36+09:00,base-1.12-calibrated,course_batch,2026-10-11,東京,5R,2歳新馬,芝,2000,良,2,アインザッツ,川田,宮田,True,streamlit_course_batch,ok,3,0.1722137239517426,0.4674803930945155,65.21691882812893,0.1722137239517426,0.4674803930945155,65.21691882812893,3,▲,,,,,,,2,2,56.0,,,5.6,0.2,3.0,5.8,4.4,0.375,0.2150045666821761,0.3684210526315789,0.2150045666821761,0.2150045666821761,0.2408477842003853,8.0,,8.0,-600.0,2979.0,0.0,0.0,1,2.0,6.0,3.0,0.1666666666666666,1.791759469228055,0.375,0.2150045666821761,0.2150045666821761,0.2150045666821761,0.2150045666821761,0.2150045666821761,0.2150045666821761,0.2150045666821761,0.2150045666821761,11.0,0.1325932590069699,0.2727272727272727,0.2727272727272727,1.0,0.5909090909090909,0.5454545454545454,0.0909090909090909,0.5454545454545454,0.0909090909090909,牡,先行,新馬
2026-10-11|東京|5R|24ad1eaabec7ecc8,2026-10-11T07:40:36+09:00,base-1.12-calibrated,course_batch,2026-10-11,東京,5R,2歳新馬,芝,2000,良,4,ソルフィーナ,佐々木,上原佑,True,streamlit_course_batch,feature_missing,8,0.1343091552657309,0.3878223611848063,52.03368256851814,0.1343091552657309,0.3878223611848063,52.03368256851814,4,△,,,,,,,4,2,55.0,,,8.025185683020558,0.2150045666821761,3.4394014331558185,7.494719668074899,7.75818987058195,0.2150045666821761,0.2150045666821761,0.2150045666821761,0.2150045666821761,0.2150045666821761,0.25,,,,0.0,,0.0,0.0,1,,6.2,4.0,0.1612903225806451,1.824549292051046,0.2213334724419945,0.2150045666821761,0.2150045666821761,0.2150045666821761,0.2150045666821761,0.2150045666821761,0.2150045666821761,0.2150045666821761,0.2150045666821761,11.0,0.1283160571035192,0.3636363636363636,0.3636363636363636,0.5,0.5909090909090909,0.5454545454545454,0.5909090909090909,0.5454545454545454,0.5909090909090909,牝,,新馬
2026-10-11|東京|5R|24ad1eaabec7ecc8,2026-10-11T07:40:36+09:00,base-1.12-calibrated,course_batch,2026-10-11,東京,5R,2歳新馬,芝,2000,良,7,ハナコ,横山和,嘉藤,True,streamlit_course_batch,feature_missing,8,0.1000711840688431,0.3203736379641687,40.10275518341239,0.1000711840688431,0.3203736379641687,40.10275518341239,5,△,,,,,,,6,2,55.0,,,8.025185683020558,0.2150045666821761,3.4394014331558185,7.494719668074899,7.75818987058195,0.2150045666821761,0.2150045666821761,0.2150045666821761,0.2150045666821761,0.2150045666821761,0.2442196531791907,,,,0.0,,0.0,0.0,1,,7.8,5.0,0.1282051282051282,2.0541237336955462,0.2213334724419945,0.2150045666821761,0.2150045666821761,0.2150045666821761,0.2150045666821761,0.2150045666821761,0.2150045666821761,0.2150045666821761,0.2150045666821761,11.0,0.101994814620746,0.4545454545454545,0.4545454545454545,0.5,0.5909090909090909,0.5454545454545454,0.5909090909090909,0.5454545454545454,0.5909090909090909,牝,,新馬
2026-10-11|東京|5R|24ad1eaabec7ecc8,2026-10-11T07:40:36+09:00,base-1.12-calibrated,course_batch,2026-10-11,東京,5R,2歳新馬,芝,2000,良,9,グロリアススマイル,戸崎圭,小笠,True,streamlit_course_batch,feature_missing,8,0.0854132999918949,0.3003729983010597,35.216797030566646,0.0854132999918949,0.3003729983010597,35.216797030566646,6,☆,,,,,,,7,2,56.0,,,8.025185683020558,0.2150045666821761,3.4394014331558185,7.494719668074899,7.75818987058195,0.2150045666821761,0.2150045666821761,0.2150045666821761,0.2150045666821761,0.2150045666821761,0.2322834645669291,,,,0.0,,0.0,0.0,1,,11.8,6.0,0.0847457627118644,2.468099531471619,0.2213334724419945,0.2150045666821761,0.2150045666821761,0.2150045666821761,0.2150045666821761,0.2150045666821761,0.2150045666821761,0.2150045666821761,0.2150045666821761,11.0,0.0674203011899846,0.5454545454545454,0.5454545454545454,0.5,0.5909090909090909,0.5454545454545454,0.5909090909090909,0.5454545454545454,0.5909090909090909,牡,,新馬
2026-10-11|東京|5R|24ad1eaabec7ecc8,2026-10-11T07:40:36+09:00,base-1.12-calibrated,course_batch,2026-10-11,東京,5R,2歳新馬,芝,2000,良,11,ハントクス,大野,辻,True,streamlit_course_batch,feature_missing,8,0.0413806031196685,0.1864431986865748,19.193058178170894,0.0413806031196685,0.1864431986865748,19.193058178170894,7,☆,,,,,,,8,2,55.0,,,8.025185683020558,0.2150045666821761,3.4394014331558185,7.494719668074899,7.75818987058195,0.2150045666821761,0.2150045666821761,0.2150045666821761,0.2150045666821761,0.2150045666821761,0.2456575682382134,,,,0.0,,0.0,0.0,1,,21.6,8.0,0.0462962962962962,3.0726933146901194,0.2213334724419945,0.2150045666821761,0.2150045666821761,0.2150045666821761,0.2150045666821761,0.2150045666821761,0.2150045666821761,0.2150045666821761,0.2150045666821761,11.0,0.0368314608352694,0.7272727272727273,0.7272727272727273,0.5,0.5909090909090909,0.5454545454545454,0.5909090909090909,0.5454545454545454,0.5909090909090909,牝,,新馬
2026-10-11|東京|5R|24ad1eaabec7ecc8,2026-10-11T07:40:36+09:00,base-1.12-calibrated,course_batch,2026-10-11,東京,5R,2歳新馬,芝,2000,良,3,マイネルユンフェン,丹内,伊藤大,True,streamlit_course_batch,feature_missing,8,0.0372068135494911,0.1995833679113537,18.272678221140765,0.0372068135494911,0.1995833679113537,18.272678221140765,8,注,,,,,,,3,2,56.0,,,8.025185683020558,0.2150045666821761,3.4394014331558185,7.494719668074899,7.75818987058195,0.2150045666821761,0.2150045666821761,0.2150045666821761,0.2150045666821761,0.2150045666821761,0.2647584973166368,,,,0.0,,0.0,0.0,1,,21.0,7.0,0.0476190476190476,3.044522437723423,0.2213334724419945,0.2150045666821761,0.2150045666821761,0.2150045666821761,0.2150045666821761,0.2150045666821761,0.2150045666821761,0.2150045666821761,0.2150045666821761,11.0,0.0378837882877056,0.6363636363636364,0.6363636363636364,0.5,0.5909090909090909,0.5454545454545454,0.5909090909090909,0.5454545454545454,0.5909090909090909,牡,,新馬
2026-10-11|東京|5R|24ad1eaabec7ecc8,2026-10-11T07:40:36+09:00,base-1.12-calibrated,course_batch,2026-10-11,東京,5R,2歳新馬,芝,2000,良,6,カンキチ,菊沢,菊沢,True,streamlit_course_batch,feature_missing,8,0.0131387669840445,0.1260055094645544,9.2315743026871,0.0131387669840445,0.1260055094645544,9.2315743026871,9,注,,,,,,,6,2,56.0,,,8.025185683020558,0.2150045666821761,3.4394014331558185,7.494719668074899,7.75818987058195,0.2150045666821761,0.2150045666821761,0.2150045666821761,0.2150045666821761,0.2150045666821761,0.2442196531791907,,,,0.0,,0.0,0.0,1,,35.2,9.0,0.0284090909090909,3.5610460826040518,0.2213334724419945,0.2150045666821761,0.2150045666821761,0.2150045666821761,0.2150045666821761,0.2150045666821761,0.2150045666821761,0.2150045666821761,0.2150045666821761,11.0,0.0226011236943698,0.8181818181818182,0.8181818181818182,0.5,0.5909090909090909,0.5454545454545454,0.5909090909090909,0.5454545454545454,0.5909090909090909,牡,,新馬
2026-10-11|東京|5R|24ad1eaabec7ecc8,2026-10-11T07:40:36+09:00,base-1.12-calibrated,course_batch,2026-10-11,東京,5R,2歳新馬,芝,2000,良,10,ユウミンジザイ,原,小手川,True,streamlit_course_batch,feature_missing,8,0.0077246837143799,0.1158750546138757,7.35830720942224,0.0077246837143799,0.1158750546138757,7.35830720942224,10,注,,,,,,,8,2,55.0,,,8.025185683020558,0.2150045666821761,3.4394014331558185,7.494719668074899,7.75818987058195,0.2150045666821761,0.2150045666821761,0.2150045666821761,0.2150045666821761,0.2150045666821761,0.2456575682382134,,,,0.0,,0.0,0.0,1,,41.7,10.0,0.0239808153477218,3.730501128804756,0.2213334724419945,0.2150045666821761,0.2150045666821761,0.2150045666821761,0.2150045666821761,0.2150045666821761,0.2150045666821761,0.2150045666821761,0.2150045666821761,11.0,0.0190781667635927,0.9090909090909092,0.9090909090909092,0.5,0.5909090909090909,0.5454545454545454,0.5909090909090909,0.5454545454545454,0.5909090909090909,牝,,新馬
2026-10-11|東京|5R|24ad1eaabec7ecc8,2026-10-11T07:40:36+09:00,base-1.12-calibrated,course_batch,2026-10-11,東京,5R,2歳新馬,芝,2000,良,1,アースグレイジング,木幡巧,杉浦,True,streamlit_course_batch,feature_missing,8,0.0063519211120225,0.1037807136138713,6.645189713790055,0.0063519211120225,0.1037807136138713,6.645189713790055,11,×,,,,,,,1,2,56.0,,,8.025185683020558,0.2150045666821761,3.4394014331558185,7.494719668074899,7.75818987058195,0.2150045666821761,0.2150045666821761,0.2150045666821761,0.2150045666821761,0.2150045666821761,0.3034623217922607,,,,0.0,,0.0,0.0,1,,43.8,11.0,0.0228310502283105,3.779633817382401,0.2213334724419945,0.2150045666821761,0.2150045666821761,0.2150045666821761,0.2150045666821761,0.2150045666821761,0.2150045666821761,0.2150045666821761,0.2150045666821761,11.0,0.018163460137941,1.0,1.0,0.5,0.5909090909090909,0.5454545454545454,0.5909090909090909,0.5454545454545454,0.5909090909090909,牡,,新馬
2026-10-11|東京|6R|316323e248d355e6,2026-10-11T07:40:36+09:00,base-1.12-calibrated,course_batch,2026-10-11,東京,6R,3歳以上1勝クラス,ダート,1400,良,11,ティピティーナ,伊藤,林,True,streamlit_course_batch,feature_missing,10,0.1704921268460364,0.2052292186312029,76.13073046578008,0.1704921268460364,0.2052292186312029,76.13073046578008,1,◎,,,,,,,6,4,56.0,,,4.2,0.6,3.4394014331558185,5.8,2.4,0.2150045666821761,0.2150045666821761,0.2150045666821761,0.2150045666821761,0.2150045666821761,0.1971295905445335,10.0,,10.0,200.0,360.0,0.0,0.0,3,1.0,,,,,0.2092924241400283,0.2150045666821761,0.2150045666821761,0.2150045666821761,0.2150045666821761,0.2150045666821761,0.2150045666821761,0.2150045666821761,0.2150045666821761,16.0,,,,0.1875,0.46875,0.5625,0.5,0.4375,0.5625,牝,逃げ,1勝クラス
2026-10-11|東京|6R|316323e248d355e6,2026-10-11T07:40:36+09:00,base-1.12-calibrated,course_batch,2026-10-11,東京,6R,3歳以上1勝クラス,ダート,1400,良,4,ミュークチェルシー,吉田豊,稲垣,True,streamlit_course_batch,feature_missing,9,0.113072987740274,0.2044074367588516,52.21918068067678,0.113072987740274,0.2044074367588516,52.21918068067678,2,○,,,,,,,2,4,56.0,,,5.2,0.4,1.0,9.4,3.8,0.6666666666666666,0.5,0.4444444444444444,0.179940325912325,0.2150045666821761,0.1900132567388422,2.0,1.0,9.0,0.0,318.0,0.0,1.0,3,1.0,,,,,0.3333333333333333,0.1841286307053942,0.1929750317393144,0.1833910034602076,0.1874569262577533,0.179940325912325,0.2150045666821761,0.2150045666821761,0.2150045666821761,16.0,,,,0.25,0.9375,0.5625,0.09375,0.15625,0.25,牝,逃げ,1勝クラス
2026-10-11|東京|6R|316323e248d355e6,2026-10-11T07:40:36+09:00,base-1.12-calibrated,course_batch,2026-10-11,東京,6R,3歳以上1勝クラス,ダート,1400,良,5,ベルメサイア,丹内,西村,True,streamlit_course_batch,feature_missing,9,0.108771063345256,0.1548089564429885,47.33911310984895,0.108771063345256,0.1548089564429885,47.33911310984895,3,▲,,,,,,,3,5,56.0,,,8.0,0.2,1.0,7.2,8.4,0.0,1.0,0.3333333333333333,0.2150045666821761,0.2150045666821761,0.1876883340507963,7.0,1.0,4.0,-300.0,342.0,0.0,0.0,3,2.0,,,,,0.25,0.2150045666821761,0.2150045666821761,0.2150045666821761,0.2150045666821761,0.2150045666821761,0.2150045666821761,0.2150045666821761,0.2150045666821761,16.0,,,,0.6875,0.46875,0.5625,0.9375,0.0625,0.34375,牝,先行,1勝クラス
2026-10-11|東京|6R|316323e248d355e6,2026-10-11T07:40:36+09:00,base-1.12-calibrated,course_batch,2026-10-11,東京,6R,3歳以上1勝クラス,ダート,1400,良,9,スタートレイン,原,黒岩,True,streamlit_course_batch,feature_missing,10,0.1043722944874084,0.1469977576865229,45.46680569662432,0.1043722944874084,0.1469977576865229,45.46680569662432,4,△,,,,,,,5,3,54.0,,,6.2,0.2,3.4394014331558185,6.0,6.8,0.2150045666821761,0.0,0.2150045666821761,0.2150045666821761,0.2150045666821761,0.1895093062605753,4.0,,4.0,-200.0,346.0,0.0,0.0,3,2.0,,,,,0.2092924241400283,0.2150045666821761,0.2150045666821761,0.2150045666821761,0.2150045666821761,0.2150045666821761,0.2150045666821761,0.2150045666821761,0.2150045666821761,16.0,,,,0.6875,0.46875,0.5625,0.5,0.875,0.5625,牝,先行,1勝クラス
2026-10-11|東京|6R|316323e248d355e6,2026-10-11T07:40:36+09:00,base-1.12-calibrated,course_batch,2026-10-11,東京,6R,3歳以上1勝クラス,ダート,1400,良,13,テンハートビート,ミシェル,西田,True,streamlit_course_batch,feature_missing,10,0.0780115854431827,0.1098524199529085,32.48817100353706,0.0780115854431827,0.1098524199529085,32.48817100353706,5,△,,,,,,,7,3,54.0,,,9.5,0.0,3.4394014331558185,13.0,9.5,0.2150045666821761,0.0,0.2150045666821761,0.1666666666666666,0.2150045666821761,0.200337410375369,11.0,,14.0,-200.0,301.0,0.0,1.0,3,2.0,,,,,0.2092924241400283,0.0,1.0,0.0,0.1666666666666666,0.1666666666666666,0.2150045666821761,0.2150045666821761,0.2150045666821761,16.0,,,,0.90625,1.0,0.5625,0.5,0.875,0.5625,牝,先行,1勝クラス
2026-10-11|東京|6R|316323e248d355e6,2026-10-11T07:40:36+09:00,base-1.12-calibrated,course_batch,2026-10-11,東京,6R,3歳以上1勝クラス,ダート,1400,良,2,グラスハーティー,▲上里,松山,True,streamlit_course_batch,feature_missing,10,0.0562568015068562,0.0973565576986611,23.881778812190664,0.0562568015068562,0.0973565576986611,23.881778812190664,6,☆,,,,,,,1,3,51.0,,,6.666666666666667,0.0,2.0,4.0,5.666666666666667,0.2150045666821761,0.0,0.0,0.2150045666821761,0.2150045666821761,0.1756695415342714,9.0,,6.0,-400.0,287.0,0.0,1.0,3,3.0,,,,,0.0,0.2150045666821761,0.2150045666821761,0.2150045666821761,0.2150045666821761,0.2150045666821761,0.2150045666821761,0.2150045666821761,0.2150045666821761,16.0,,,,0.90625,0.46875,0.5625,0.5,0.875,0.9375,牝,差し,1勝クラス
2026-10-11|東京|6R|316323e248d355e6,2026-10-11T07:40:36+09:00,base-1.12-calibrated,course_batch,2026-10-11,東京,6R,3歳以上1勝クラス,ダート,1400,良,12,ラエトゥス,横山和,斎藤誠,True,streamlit_course_batch,feature_missing,10,0.0540311939244065,0.1097111456610771,26.67546556412001,0.0540311939244065,0.1097111456610771,26.67546556412001,7,☆,,,,,,,6,3,54.0,,,4.333333333333333,0.3333333333333333,2.0,4.333333333333333,4.333333333333333,0.2150045666821761,0.0,0.0,0.2150045666821761,0.257360959651036,0.1971295905445335,6.0,,6.0,-200.0,418.0,0.0,0.0,3,3.0,,,,,0.0,0.2150045666821761,0.2150045666821761,0.2150045666821761,0.2150045666821761,0.2150045666821761,0.2738214643931795,0.2702857142857143,0.2723367697594501,16.0,,,,0.34375,0.46875,0.0625,0.5,0.875,0.9375,牝,差し,1勝クラス
2026-10-11|東京|6R|316323e248d355e6,2026-10-11T07:40:36+09:00,base-1.12-calibrated,course_batch,2026-10-11,東京,6R,3歳以上1勝クラス,ダート,1400,良,6,ブルームコード,西村淳,小島,True,streamlit_course_batch,feature_missing,15,0.0451937006070981,0.1426128636545485,22.945432914614184,0.0451937006070981,0.1426128636545485,22.945432914614184,8,注,,,,,,,3,3,54.0,,,8.025185683020558,0.2150045666821761,3.4394014331558185,7.494719668074899,7.75818987058195,0.2150045666821761,0.2150045666821761,0.2150045666821761,0.2150045666821761,0.2150045666821761,0.1876883340507963,,,,0.0,,0.0,0.0,3,,,,,,0.2092924241400283,0.2150045666821761,0.2150045666821761,0.2150045666821761,0.2150045666821761,0.2150045666821761,0.2150045666821761,0.2150045666821761,0.2150045666821761,16.0,,,,0.53125,0.46875,0.5625,0.5,0.4375,0.5625,牝,,1勝クラス
2026-10-11|東京|6R|316323e248d355e6,2026-10-11T07:40:36+09:00,base-1.12-calibrated,course_batch,2026-10-11,東京,6R,3歳以上1勝クラス,ダート,1400,良,7,プリプリプリン,▲佐藤,伊藤圭,True,streamlit_course_batch,feature_missing,15,0.0444738047033532,0.1236396760698103,22.19664343257565,0.0444738047033532,0.1236396760698103,22.19664343257565,9,注,,,,,,,4,3,51.0,,,8.025185683020558,0.2150045666821761,3.4394014331558185,7.494719668074899,7.75818987058195,0.2150045666821761,0.2150045666821761,0.2150045666821761,0.2150045666821761,0.2150045666821761,0.199320016999575,,,,0.0,,0.0,0.0,3,,,,,,0.2092924241400283,0.2150045666821761,0.2150045666821761,0.2150045666821761,0.2150045666821761,0.2150045666821761,0.2150045666821761,0.2150045666821761,0.2150045666821761,16.0,,,,0.53125,0.46875,0.5625,0.5,0.4375,0.5625,牝,,1勝クラス
2026-10-11|東京|6R|316323e248d355e6,2026-10-11T07:40:36+09:00,base-1.12-calibrated,course_batch,2026-10-11,東京,6R,3歳以上1勝クラス,ダート,1400,良,15,カーボフリオ,◇小林美,高木,True,streamlit_course_batch,feature_missing,10,0.0425151987300032,0.0911067254428007,18.486556889893777,0.0425151987300032,0.0911067254428007,18.486556889893777,10,注,,,,,,,8,3,52.0,,,5.5,0.0,3.4394014331558185,5.5,6.0,0.0,0.2150045666821761,0.0,0.2150045666821761,0.2150045666821761,0.1975620008406893,7.0,,9.0,0.0,301.0,0.0,1.0,3,3.0,,,,,0.0,0.2150045666821761,0.2150045666821761,0.2150045666821761,0.2150045666821761,0.2150045666821761,0.2150045666821761,0.2150045666821761,0.2150045666821761,16.0,,,,0.90625,0.46875,0.5625,0.9375,0.4375,0.9375,牝,差し,1勝クラス
2026-10-11|東京|6R|316323e248d355e6,2026-10-11T07:40:36+09:00,base-1.12-calibrated,course_batch,2026-10-11,東京,6R,3歳以上1勝クラス,ダート,1400,良,16,ノアスペシャル,木幡巧,鈴木慎,True,streamlit_course_batch,feature_missing,10,0.0411318529765234,0.1003897499922303,18.191232936039004,0.0411318529765234,0.1003897499922303,18.191232936039004,11,×,,,,,,,8,5,56.0,,,7.8,0.0,2.0,7.8,11.4,0.1428571428571428,0.1111111111111111,0.0769230769230769,0.2150045666821761,0.2150045666821761,0.1975620008406893,11.0,,10.0,0.0,325.0,0.0,0.0,3,3.0,,,,,0.125,0.2150045666821761,0.2150045666821761,0.2150045666821761,0.2150045666821761,0.2150045666821761,0.2150045666821761,0.2150045666821761,0.2150045666821761,16.0,,,,0.90625,0.46875,0.5625,0.8125,0.6875,0.8125,牝,差し,1勝クラス
2026-10-11|東京|6R|316323e248d355e6,2026-10-11T07:40:36+09:00,base-1.12-calibrated,course_batch,2026-10-11,東京,6R,3歳以上1勝クラス,ダート,1400,良,8,フュルスティン,戸崎圭,加藤士,True,streamlit_course_batch,feature_missing,9,0.0358006694467824,0.0814712413735061,19.019093690583095,0.0358006694467824,0.0814712413735061,19.019093690583095,12,×,,,,,,,4,3,54.0,,,8.333333333333334,0.3333333333333333,1.0,8.0,4.0,0.2150045666821761,0.2150045666821761,0.5,0.2150045666821761,0.2150045666821761,0.199320016999575,2.0,1.0,1.0,200.0,284.0,0.0,1.0,3,3.0,,,,,0.0,0.2150045666821761,0.2150045666821761,0.2150045666821761,0.2150045666821761,0.2150045666821761,0.2150045666821761,0.2150045666821761,0.2150045666821761,16.0,,,,0.34375,0.46875,0.5625,0.5,0.4375,0.1875,牝,差し,1勝クラス
2026-10-11|東京|6R|316323e248d355e6,2026-10-11T07:40:36+09:00,base-1.12-calibrated,course_batch,2026-10-11,東京,6R,3歳以上1勝クラス,ダート,1400,良,3,パッションディーバ,武藤,武藤,True,streamlit_course_batch,feature_missing,10,0.0328236254206401,0.0888130157900727,16.734308836745655,0.0328236254206401,0.0888130157900727,16.734308836745655,13,×,,,,,,,2,4,56.0,,,6.0,0.2,2.0,8.2,7.0,0.0,0.2150045666821761,0.2,0.2150045666821761,0.2150045666821761,0.1900132567388422,5.0,,4.0,200.0,394.0,0.0,1.0,3,3.0,,,,,0.3333333333333333,0.2150045666821761,0.2150045666821761,0.2150045666821761,0.2150045666821761,0.2150045666821761,0.2150045666821761,0.2150045666821761,0.2150045666821761,16.0,,,,0.6875,0.46875,0.5625,0.9375,0.4375,0.75,牝,差し,1勝クラス
2026-10-11|東京|6R|316323e248d355e6,2026-10-11T07:40:36+09:00,base-1.12-calibrated,course_batch,2026-10-11,東京,6R,3歳以上1勝クラス,ダート,1400,良,14,エスシーレイジュ,大野,松山,True,streamlit_course_batch,feature_missing,10,0.0317226294854188,0.0919937955818605,16.89407442786589,0.0317226294854188,0.0919937955818605,16.89407442786589,14,×,,,,,,,7,3,54.0,,,6.5,0.25,3.4394014331558185,5.75,10.0,0.3333333333333333,0.5,0.3333333333333333,0.2150045666821761,0.2150045666821761,0.200337410375369,1.0,,1.0,0.0,404.0,0.0,1.0,3,3.0,,,,,0.0,0.2150045666821761,0.2150045666821761,0.2150045666821761,0.2150045666821761,0.2150045666821761,0.2150045666821761,0.2150045666821761,0.2150045666821761,16.0,,,,0.4375,0.46875,0.5625,0.1875,0.15625,0.34375,牝,差し,1勝クラス
2026-10-11|東京|6R|316323e248d355e6,2026-10-11T07:40:36+09:00,base-1.12-calibrated,course_batch,2026-10-11,東京,6R,3歳以上1勝クラス,ダート,1400,良,10,ペンテリコン,浜中,武幸,True,streamlit_course_batch,feature_missing,10,0.0280169143202225,0.1006793748258209,21.198412683514285,0.0280169143202225,0.1006793748258209,21.198412683514285,15,×,,,,,,,5,4,56.0,,,3.0,0.8,3.4394014331558185,4.0,2.2,0.6666666666666666,0.0,0.6,0.2150045666821761,0.2150045666821761,0.1895093062605753,2.0,,2.0,200.0,298.0,0.0,0.0,3,3.0,,,,,0.5555555555555556,0.2150045666821761,0.2150045666821761,0.2150045666821761,0.2150045666821761,0.2150045666821761,0.2150045666821761,0.2150045666821761,0.2150045666821761,16.0,,,,0.125,0.46875,0.5625,0.09375,0.875,0.125,牝,差し,1勝クラス
2026-10-11|東京|6R|316323e248d355e6,2026-10-11T07:40:36+09:00,base-1.12-calibrated,course_batch,2026-10-11,東京,6R,3歳以上1勝クラス,ダート,1400,良,1,ドルンレースツェン,☆長浜,矢嶋,True,streamlit_course_batch,feature_missing,10,0.0133135510165372,0.0555957101273708,16.465674445182334,0.0133135510165372,0.0555957101273708,16.465674445182334,16,×,,,,,,,1,4,55.0,,,1.0,1.0,3.4394014331558185,7.0,9.0,0.2150045666821761,0.2150045666821761,1.0,0.2150045666821761,0.2150045666821761,0.1756695415342714,1.0,,7.0,200.0,650.0,0.0,2.0,3,3.0,,,,,1.0,0.2150045666821761,0.2150045666821761,0.2150045666821761,0.2150045666821761,0.2150045666821761,0.2150045666821761,0.2150045666821761,0.2150045666821761,16.0,,,,0.0625,0.46875,0.5625,0.5,0.4375,0.0625,牝,差し,1勝クラス
2026-10-11|東京|7R|d9c30dd9ca88668f,2026-10-11T07:40:36+09:00,base-1.12-calibrated,course_batch,2026-10-11,東京,7R,3歳以上1勝クラス,ダート,1600,良,9,ブルーミーティア,◇小林美,鈴木伸,True,streamlit_course_batch,feature_missing,10,0.1660590908182737,0.2455224240589784,75.13806060147446,0.1660590908182737,0.2455224240589784,75.13806060147446,1,◎,,,,,,,5,3,54.0,,,4.6,0.4,3.0,5.8,4.4,0.2150045666821761,0.5,0.4,0.2150045666821761,0.2150045666821761,0.2029934518241347,7.0,,3.0,200.0,291.0,0.0,1.0,3,1.0,,,,,0.6666666666666666,0.2150045666821761,0.2150045666821761,0.2150045666821761,0.2150045666821761,0.2150045666821761,0.2150045666821761,0.2150045666821761,0.2150045666821761,16.0,,,,0.28125,0.5,0.5625,0.375,0.21875,0.25,牡,逃げ,1勝クラス
2026-10-11|東京|7R|d9c30dd9ca88668f,2026-10-11T07:40:36+09:00,base-1.12-calibrated,course_batch,2026-10-11,東京,7R,3歳以上1勝クラス,ダート,1600,良,11,ロジリッキー,野中,新開,True,streamlit_course_batch,feature_missing,9,0.0971735132113974,0.1727710112070452,44.35560516501834,0.0971735132113974,0.1727710112070452,44.35560516501834,2,○,,,,,,,6,4,58.0,,,8.6,0.2,8.0,7.0,6.4,0.0,0.0,0.2,0.2150045666821761,0.2150045666821761,0.2260430994956442,13.0,8.0,13.0,0.0,380.0,0.0,0.0,3,2.0,,,,,0.25,0.2150045666821761,0.2150045666821761,0.2150045666821761,0.2150045666821761,0.2150045666821761,0.2150045666821761,0.2150045666821761,0.2150045666821761,16.0,,,,0.53125,0.5,0.5625,0.8125,0.8125,0.5,牡,先行,1勝クラス
2026-10-11|東京|7R|d9c30dd9ca88668f,2026-10-11T07:40:36+09:00,base-1.12-calibrated,course_batch,2026-10-11,東京,7R,3歳以上1勝クラス,ダート,1600,良,3,ヴァンデスペランス,吉村,中舘,True,streamlit_course_batch,feature_missing,10,0.0915558448571999,0.1595187402810418,39.82539171820451,0.0915558448571999,0.1595187402810418,39.82539171820451,3,▲,,,,,,,2,3,56.0,,,4.0,0.0,3.4394014331558185,4.5,2.5,0.2150045666821761,0.0,0.0,0.2150045666821761,0.2150045666821761,0.1863706763035622,4.0,,4.0,-200.0,287.0,0.0,1.0,3,2.0,,,,,0.0,0.2150045666821761,0.2150045666821761,0.2150045666821761,0.2150045666821761,0.2150045666821761,0.2150045666821761,0.2150045666821761,0.2150045666821761,16.0,,,,0.84375,0.5,0.5625,0.375,0.8125,0.875,牡,先行,1勝クラス
2026-10-11|東京|7R|d9c30dd9ca88668f,2026-10-11T07:40:36+09:00,base-1.12-calibrated,course_batch,2026-10-11,東京,7R,3歳以上1勝クラス,ダート,1600,良,7,ブレスドナイル,佐々木,金成,True,streamlit_course_batch,feature_missing,10,0.0786205938555165,0.1363457221645499,36.18286068608345,0.0786205938555165,0.1363457221645499,36.18286068608345,4,△,,,,,,,4,4,56.0,,,6.4,0.2,2.0,7.4,5.2,0.2150045666821761,0.2150045666821761,0.125,0.2150045666821761,0.2150045666821761,0.1916110581506196,11.0,,11.0,-200.0,397.0,0.0,1.0,3,2.0,,,,,0.2,0.2150045666821761,0.2150045666821761,0.2150045666821761,0.2150045666821761,0.2150045666821761,0.2150045666821761,0.2150045666821761,0.2150045666821761,16.0,,,,0.53125,0.5,0.5625,0.375,0.5,0.625,牝,先行,1勝クラス
2026-10-11|東京|7R|d9c30dd9ca88668f,2026-10-11T07:40:36+09:00,base-1.12-calibrated,course_batch,2026-10-11,東京,7R,3歳以上1勝クラス,ダート,1600,良,10,タイキプレジール,原,矢野,True,streamlit_course_batch,feature_missing,10,0.0699511746749484,0.1284383733617544,30.59173283741956,0.0699511746749484,0.1284383733617544,30.59173283741956,5,△,,,,,,,5,3,56.0,,,7.333333333333333,0.0,3.4394014331558185,9.0,3.6666666666666665,0.0,0.0,0.0,0.2150045666821761,0.2150045666821761,0.2029934518241347,7.0,,9.0,400.0,298.0,0.0,1.0,3,2.0,,,,,0.0,0.2150045666821761,0.2150045666821761,0.2150045666821761,0.2150045666821761,0.2150045666821761,0.2150045666821761,0.2150045666821761,0.2150045666821761,16.0,,,,0.84375,0.5,0.5625,0.8125,0.8125,0.875,牡,先行,1勝クラス
2026-10-11|東京|7R|d9c30dd9ca88668f,2026-10-11T07:40:36+09:00,base-1.12-calibrated,course_batch,2026-10-11,東京,7R,3歳以上1勝クラス,ダート,1600,良,2,サマーマッドネス,川田,森秀,True,streamlit_course_batch,feature_missing,10,0.0675876692241406,0.1224126124602217,37.51594913390689,0.0675876692241406,0.1224126124602217,37.51594913390689,6,☆,,,,,,,1,3,56.0,,,2.8,0.8,5.0,4.2,1.8,0.2150045666821761,0.2150045666821761,0.8,0.2150045666821761,0.2150045666821761,0.1548140043763676,2.0,,1.0,200.0,346.0,0.0,1.0,3,2.0,,,,,1.0,0.2150045666821761,0.2150045666821761,0.2150045666821761,0.2150045666821761,0.2150045666821761,0.2150045666821761,0.2150045666821761,0.2150045666821761,16.0,,,,0.0625,0.5,0.5625,0.375,0.5,0.0625,牡,先行,1勝クラス
2026-10-11|東京|7R|d9c30dd9ca88668f,2026-10-11T07:40:36+09:00,base-1.12-calibrated,course_batch,2026-10-11,東京,7R,3歳以上1勝クラス,ダート,1600,良,13,ムーランオランジュ,小崎,小崎,True,streamlit_course_batch,feature_missing,10,0.0643332504687025,0.1354724766915659,33.56857859961944,0.0643332504687025,0.1354724766915659,33.56857859961944,7,☆,,,,,,,7,3,56.0,,,2.5,0.5,3.4394014331558185,3.5,4.5,1.0,1.0,0.5,0.2150045666821761,0.2150045666821761,0.206693803708729,1.0,,2.0,0.0,356.0,0.0,1.0,3,2.0,,,,,1.0,0.2150045666821761,0.2150045666821761,0.2150045666821761,0.2150045666821761,0.2150045666821761,0.2150045666821761,0.2150045666821761,0.2150045666821761,16.0,,,,0.1875,0.5,0.5625,0.0625,0.09375,0.15625,牡,先行,1勝クラス
2026-10-11|東京|7R|d9c30dd9ca88668f,2026-10-11T07:40:36+09:00,base-1.12-calibrated,course_batch,2026-10-11,東京,7R,3歳以上1勝クラス,ダート,1600,良,14,マリブオレンジ,浜中,戸田,True,streamlit_course_batch,feature_missing,9,0.0619124707905684,0.1334832828480955,29.57129039762845,0.0619124707905684,0.1334832828480955,29.57129039762845,8,注,,,,,,,7,4,56.0,,,9.8,0.2,1.0,9.2,5.8,0.5,0.3333333333333333,0.2,0.2150045666821761,0.2150045666821761,0.206693803708729,15.0,1.0,10.0,200.0,298.0,0.0,0.0,3,2.0,,,,,0.0,0.2150045666821761,0.2150045666821761,0.2150045666821761,0.2150045666821761,0.2150045666821761,0.2150045666821761,0.2150045666821761,0.2150045666821761,16.0,,,,0.53125,0.5,0.5625,0.15625,0.3125,0.5,牝,先行,1勝クラス
2026-10-11|東京|7R|d9c30dd9ca88668f,2026-10-11T07:40:36+09:00,base-1.12-calibrated,course_batch,2026-10-11,東京,7R,3歳以上1勝クラス,ダート,1600,良,12,タケルムサシ,岩田康,斎藤誠,True,streamlit_course_batch,feature_missing,10,0.0587722358992899,0.125717653485044,26.14797716280375,0.0587722358992899,0.125717653485044,26.14797716280375,9,注,,,,,,,6,3,56.0,,,7.666666666666667,0.0,3.0,6.666666666666667,6.666666666666667,0.0,0.0,0.0,0.2150045666821761,0.257360959651036,0.2260430994956442,6.0,,4.0,-200.0,298.0,0.0,1.0,3,3.0,,,,,0.0,0.2150045666821761,0.2150045666821761,0.2150045666821761,0.2150045666821761,0.2150045666821761,0.2738214643931795,0.2702857142857143,0.2589662447257383,16.0,,,,0.84375,0.5,0.0625,0.8125,0.8125,0.875,牡,差し,1勝クラス
2026-10-11|東京|7R|d9c30dd9ca88668f,2026-10-11T07:40:36+09:00,base-1.12-calibrated,course_batch,2026-10-11,東京,7R,3歳以上1勝クラス,ダート,1600,良,4,アンシュウマト,三浦,中川,True,streamlit_course_batch,feature_missing,10,0.0563425308255791,0.1492403830635284,25.784993406178323,0.0563425308255791,0.1492403830635284,25.784993406178323,10,注,,,,,,,2,3,56.0,,,6.0,0.0,3.4394014331558185,1.0,12.0,0.0,0.0,0.0,0.2150045666821761,0.2150045666821761,0.1863706763035622,6.0,,1.0,0.0,336.0,0.0,2.0,3,3.0,,,,,0.0,0.2150045666821761,0.2150045666821761,0.2150045666821761,0.2150045666821761,0.2150045666821761,0.2150045666821761,0.2150045666821761,0.2150045666821761,16.0,,,,0.84375,0.5,0.5625,0.8125,0.8125,0.875,牡,差し,1勝クラス
2026-10-11|東京|7R|d9c30dd9ca88668f,2026-10-11T07:40:36+09:00,base-1.12-calibrated,course_batch,2026-10-11,東京,7R,3歳以上1勝クラス,ダート,1600,良,15,アクアマーズ,荻野極,浅利,True,streamlit_course_batch,feature_missing,10,0.046053921232267,0.1065956503529324,27.358302895286855,0.046053921232267,0.1065956503529324,27.358302895286855,11,×,,,,,,,8,3,56.0,,,3.6666666666666665,0.6666666666666666,3.4394014331558185,3.333333333333333,1.3333333333333333,0.0,1.0,0.2150045666821761,0.1830559757942511,0.2150045666821761,0.2494341330918968,6.0,,6.0,0.0,301.0,0.0,1.0,3,3.0,,,,,0.2092924241400283,0.1945288753799392,0.1857142857142857,0.176657824933687,0.1955587392550143,0.1830559757942511,0.2150045666821761,0.2150045666821761,0.2150045666821761,16.0,,,,0.125,1.0,0.5625,0.8125,0.09375,0.375,牡,差し,1勝クラス
2026-10-11|東京|7R|d9c30dd9ca88668f,2026-10-11T07:40:36+09:00,base-1.12-calibrated,course_batch,2026-10-11,東京,7R,3歳以上1勝クラス,ダート,1600,良,6,ワルトシュタイン,△石田,佐藤悠,True,streamlit_course_batch,feature_missing,9,0.0311084175213493,0.1048239867789649,14.797272014985916,0.0311084175213493,0.1048239867789649,14.797272014985916,12,×,,,,,,,3,3,54.0,,,5.0,0.0,6.5,7.5,5.5,0.2150045666821761,0.2150045666821761,0.0,0.2150045666821761,0.2150045666821761,0.1814137419673752,4.0,10.0,5.0,-200.0,349.0,0.0,1.0,3,3.0,,,,,0.0,0.2150045666821761,0.2150045666821761,0.2150045666821761,0.2150045666821761,0.2150045666821761,0.2150045666821761,0.2150045666821761,0.2150045666821761,16.0,,,,0.84375,0.5,0.5625,0.375,0.5,0.875,牡,差し,1勝クラス
2026-10-11|東京|7R|d9c30dd9ca88668f,2026-10-11T07:40:36+09:00,base-1.12-calibrated,course_batch,2026-10-11,東京,7R,3歳以上1勝クラス,ダート,1600,良,8,ライカ,大野,杉浦,True,streamlit_course_batch,feature_missing,10,0.0297665188108458,0.10742255943209,17.67031437297427,0.0297665188108458,0.10742255943209,17.67031437297427,13,×,,,,,,,4,3,56.0,,,6.666666666666667,0.3333333333333333,3.4394014331558185,6.0,9.0,0.5,0.5,0.5,0.2150045666821761,0.2150045666821761,0.1916110581506196,7.0,,7.0,0.0,339.0,0.0,1.0,3,3.0,,,,,0.5,0.2150045666821761,0.2150045666821761,0.2150045666821761,0.2150045666821761,0.2150045666821761,0.2150045666821761,0.2150045666821761,0.2150045666821761,16.0,,,,0.375,0.5,0.5625,0.15625,0.21875,0.15625,牡,差し,1勝クラス
2026-10-11|東京|7R|d9c30dd9ca88668f,2026-10-11T07:40:36+09:00,base-1.12-calibrated,course_batch,2026-10-11,東京,7R,3歳以上1勝クラス,ダート,1600,良,5,カーマンライン,江田照,小島,True,streamlit_course_batch,feature_missing,9,0.0291284413784838,0.1011356143503924,15.93004672259858,0.0291284413784838,0.1011356143503924,15.93004672259858,14,×,,,,,,,3,5,58.0,,,5.2,0.2,1.5,6.8,5.8,0.0,0.0,0.2222222222222222,0.2150045666821761,0.2150045666821761,0.1814137419673752,6.0,2.0,9.0,-200.0,377.0,0.0,0.0,3,3.0,,,,,0.3333333333333333,0.2150045666821761,0.2150045666821761,0.2150045666821761,0.2150045666821761,0.2150045666821761,0.2150045666821761,0.2150045666821761,0.2150045666821761,16.0,,,,0.53125,0.5,0.5625,0.8125,0.8125,0.3125,せん,差し,1勝クラス
2026-10-11|東京|7R|d9c30dd9ca88668f,2026-10-11T07:40:36+09:00,base-1.12-calibrated,course_batch,2026-10-11,東京,7R,3歳以上1勝クラス,ダート,1600,良,16,オブシディアン,菅原隆,石栗,True,streamlit_course_batch,feature_missing,9,0.0260520727687077,0.0778232296248118,12.143063586164448,0.0260520727687077,0.0778232296248118,12.143063586164448,15,×,,,,,,,8,6,58.0,,,12.2,0.0,3.6666666666666665,8.4,14.8,0.0,0.0,0.0625,0.2150045666821761,0.2150045666821761,0.2494341330918968,14.0,7.0,14.0,-200.0,284.0,0.0,0.0,3,4.0,,,,,0.05,0.2150045666821761,0.2150045666821761,0.2150045666821761,0.2150045666821761,0.2150045666821761,0.2150045666821761,0.2150045666821761,0.2150045666821761,16.0,,,,0.84375,0.5,0.5625,0.8125,0.8125,0.6875,牡,追込,1勝クラス
2026-10-11|東京|7R|d9c30dd9ca88668f,2026-10-11T07:40:36+09:00,base-1.12-calibrated,course_batch,2026-10-11,東京,7R,3歳以上1勝クラス,ダート,1600,良,1,サムワンライクユー,内田博,佐藤吉,True,streamlit_course_batch,feature_missing,9,0.0255822536627293,0.0865257717720738,16.176727289870215,0.0255822536627293,0.0865257717720738,16.176727289870215,16,×,,,,,,,1,6,58.0,,,6.0,0.4,2.5,7.2,9.6,0.1875,0.2222222222222222,0.2,0.2150045666821761,0.2150045666821761,0.1548140043763676,6.0,1.0,10.0,0.0,315.0,0.0,0.0,3,3.0,,,,,0.0909090909090909,0.2150045666821761,0.2150045666821761,0.2150045666821761,0.2150045666821761,0.2150045666821761,0.2150045666821761,0.2150045666821761,0.2150045666821761,16.0,,,,0.28125,0.5,0.5625,0.5625,0.375,0.5,牡,差し,1勝クラス
2026-10-11|東京|8R|74da22df22642c2d,2026-10-11T07:40:36+09:00,base-1.12-calibrated,course_batch,2026-10-11,東京,8R,3歳以上1勝クラス,芝,2400,良,9,ゴンファロニエーレ,ルメール,田中博,True,streamlit_course_batch,feature_missing,15,0.0986005135331825,0.1449370995271741,70.77347315500113,0.0986005135331825,0.1449370995271741,70.77347315500113,1,◎,,,,,,,5,3,55.0,,,8.025185683020558,0.2150045666821761,3.4394014331558185,7.494719668074899,7.75818987058195,0.2150045666821761,0.2150045666821761,0.2150045666821761,0.5467532467532468,0.2150045666821761,0.2387755102040816,,,,0.0,,0.0,0.0,3,,,,,,0.2213334724419945,0.597892176732874,0.57177148343735,0.6534653465346535,0.5753715498938429,0.5467532467532468,0.2150045666821761,0.2150045666821761,0.2150045666821761,17.0,,,,0.5,0.0588235294117647,0.5588235294117647,0.5588235294117647,0.6470588235294118,0.6176470588235294,牡,,1勝クラス
2026-10-11|東京|8R|74da22df22642c2d,2026-10-11T07:40:36+09:00,base-1.12-calibrated,course_batch,2026-10-11,東京,8R,3歳以上1勝クラス,芝,2400,良,6,ピースヒロフェイス,石橋脩,牧,True,streamlit_course_batch,feature_missing,10,0.0813877047565799,0.1262860710364317,58.810024561379215,0.0813877047565799,0.1262860710364317,58.810024561379215,2,○,,,,,,,3,5,56.0,,,5.0,0.2,1.0,4.4,5.0,0.0,0.5,0.2272727272727272,0.2494585548336286,0.2150045666821761,0.2272727272727272,7.0,,6.0,0.0,421.0,0.0,0.0,3,3.0,,,,,0.2105263157894736,0.2291545189504373,0.2415751609238924,0.2761506276150627,0.2442528735632184,0.2494585548336286,0.2150045666821761,0.2150045666821761,0.2150045666821761,17.0,,,,0.6176470588235294,0.1176470588235294,0.5588235294117647,0.9411764705882352,0.3529411764705882,0.5294117647058824,牝,差し,1勝クラス
2026-10-11|東京|8R|74da22df22642c2d,2026-10-11T07:40:36+09:00,base-1.12-calibrated,course_batch,2026-10-11,東京,8R,3歳以上1勝クラス,芝,2400,良,13,ボンボンベイビー,西村淳,矢作,True,streamlit_course_batch,feature_missing,10,0.0775272744620326,0.1152647847592931,53.98959724970966,0.0775272744620326,0.1152647847592931,53.98959724970966,3,▲,,,,,,,7,3,55.0,,,6.5,0.0,3.4394014331558185,6.0,3.5,0.2150045666821761,0.2150045666821761,0.0,0.2150045666821761,0.2150045666821761,0.2288557213930348,5.0,,2.0,600.0,411.0,0.0,1.0,3,3.0,,,,,0.0,0.2150045666821761,0.2150045666821761,0.2150045666821761,0.2150045666821761,0.2150045666821761,0.2150045666821761,0.2150045666821761,0.2150045666821761,17.0,,,,0.8529411764705882,0.5588235294117647,0.5588235294117647,0.5588235294117647,0.6470588235294118,0.9117647058823528,牡,差し,1勝クラス
2026-10-11|東京|8R|74da22df22642c2d,2026-10-11T07:40:36+09:00,base-1.12-calibrated,course_batch,2026-10-11,東京,8R,3歳以上1勝クラス,芝,2400,良,15,シェンロン,黛,尾関,True,streamlit_course_batch,feature_missing,15,0.0766653965311755,0.1432511577395715,56.27113009367065,0.0766653965311755,0.1432511577395715,56.27113009367065,4,△,,,,,,,8,3,55.0,,,8.025185683020558,0.2150045666821761,3.4394014331558185,7.494719668074899,7.75818987058195,0.2150045666821761,0.2150045666821761,0.2150045666821761,0.2150045666821761,0.2150045666821761,0.2487961476725521,,,,0.0,,0.0,0.0,3,,,,,,0.2213334724419945,0.2150045666821761,0.2150045666821761,0.2150045666821761,0.2150045666821761,0.2150045666821761,0.2150045666821761,0.2150045666821761,0.2150045666821761,17.0,,,,0.5,0.5588235294117647,0.5588235294117647,0.5588235294117647,0.6470588235294118,0.6176470588235294,牡,,1勝クラス
2026-10-11|東京|8R|74da22df22642c2d,2026-10-11T07:40:36+09:00,base-1.12-calibrated,course_batch,2026-10-11,東京,8R,3歳以上1勝クラス,芝,2400,良,8,ポッドクロス,荻野極,大竹,True,streamlit_course_batch,feature_missing,10,0.0752844411599742,0.1180090261212821,62.57966976086114,0.0752844411599742,0.1180090261212821,62.57966976086114,5,△,,,,,,,4,3,55.0,,,2.5,1.0,3.4394014331558185,4.0,2.5,0.2150045666821761,1.0,1.0,0.1830559757942511,0.2150045666821761,0.2461873638344226,3.0,,7.0,400.0,370.0,0.0,1.0,3,2.0,,,,,1.0,0.1945288753799392,0.1798376762067492,0.2452830188679245,0.182311448724905,0.1830559757942511,0.2150045666821761,0.2150045666821761,0.2150045666821761,17.0,,,,0.088235294117647,1.0,0.5588235294117647,0.5588235294117647,0.088235294117647,0.088235294117647,牡,先行,1勝クラス
2026-10-11|東京|8R|74da22df22642c2d,2026-10-11T07:40:36+09:00,base-1.12-calibrated,course_batch,2026-10-11,東京,8R,3歳以上1勝クラス,芝,2400,良,4,マイネルアウルム,三浦,伊藤伸,True,streamlit_course_batch,feature_missing,9,0.0657620806216344,0.1269352696824829,48.52544033927928,0.0657620806216344,0.1269352696824829,48.52544033927928,6,☆,,,,,,,2,4,58.0,,,5.8,0.2,1.0,5.6,4.6,0.0,0.3333333333333333,0.3636363636363636,0.2150045666821761,0.2150045666821761,0.2293144208037825,7.0,1.0,5.0,0.0,339.0,0.0,0.0,3,3.0,,,,,0.3,0.2150045666821761,0.2150045666821761,0.2150045666821761,0.2150045666821761,0.2150045666821761,0.2150045666821761,0.2150045666821761,0.2150045666821761,17.0,,,,0.6176470588235294,0.5588235294117647,0.5588235294117647,0.9411764705882352,0.4411764705882353,0.4117647058823529,牡,差し,1勝クラス
2026-10-11|東京|8R|74da22df22642c2d,2026-10-11T07:40:36+09:00,base-1.12-calibrated,course_batch,2026-10-11,東京,8R,3歳以上1勝クラス,芝,2400,良,1,イブキ,原,矢野,True,streamlit_course_batch,feature_missing,10,0.0594021836344213,0.1041128214020803,45.76227110868396,0.0594021836344213,0.1041128214020803,45.76227110868396,7,☆,,,,,,,1,3,55.0,,,6.2,0.4,3.4394014331558185,5.8,6.2,0.0,0.75,0.625,0.2150045666821761,0.2150045666821761,0.2524752475247525,3.0,,4.0,400.0,370.0,0.0,1.0,3,3.0,,,,,0.5714285714285714,0.2150045666821761,0.2150045666821761,0.2150045666821761,0.2150045666821761,0.2150045666821761,0.2150045666821761,0.2150045666821761,0.2150045666821761,17.0,,,,0.3529411764705882,0.5588235294117647,0.5588235294117647,0.9411764705882352,0.2058823529411764,0.1764705882352941,牡,差し,1勝クラス
2026-10-11|東京|8R|74da22df22642c2d,2026-10-11T07:40:36+09:00,base-1.12-calibrated,course_batch,2026-10-11,東京,8R,3歳以上1勝クラス,芝,2400,良,11,アンビアンス,吉村,清水久,True,streamlit_course_batch,feature_missing,10,0.0573850484554613,0.0902412143634507,40.085733430051526,0.0573850484554613,0.0902412143634507,40.085733430051526,8,注,,,,,,,6,4,56.0,,,8.4,0.0,2.0,5.6,7.0,0.2150045666821761,0.0,0.0909090909090909,0.2150045666821761,0.2150045666821761,0.238095238095238,10.0,,3.0,400.0,287.0,0.0,0.0,3,4.0,,,,,0.1111111111111111,0.2150045666821761,0.2150045666821761,0.2150045666821761,0.2150045666821761,0.2150045666821761,0.2150045666821761,0.2150045666821761,0.2150045666821761,17.0,,,,0.8529411764705882,0.5588235294117647,0.5588235294117647,0.5588235294117647,0.9117647058823528,0.7647058823529411,牝,追込,1勝クラス
2026-10-11|東京|8R|74da22df22642c2d,2026-10-11T07:40:36+09:00,base-1.12-calibrated,course_batch,2026-10-11,東京,8R,3歳以上1勝クラス,芝,2400,良,12,オメガストリーム,△石田,田中勝,True,streamlit_course_batch,feature_missing,10,0.0549952912938369,0.0707998123695094,38.024308862040826,0.0549952912938369,0.0707998123695094,38.024308862040826,9,注,,,,,,,6,4,54.0,,,10.75,0.0,3.4394014331558185,7.5,11.75,0.2150045666821761,0.2150045666821761,0.0,0.2150045666821761,0.2150045666821761,0.238095238095238,16.0,,14.0,1200.0,301.0,0.0,0.0,3,3.0,,,,,0.0,0.2150045666821761,0.2150045666821761,0.2150045666821761,0.2150045666821761,0.2150045666821761,0.2150045666821761,0.2150045666821761,0.2150045666821761,17.0,,,,0.8529411764705882,0.5588235294117647,0.5588235294117647,0.5588235294117647,0.6470588235294118,0.9117647058823528,牝,差し,1勝クラス
2026-10-11|東京|8R|74da22df22642c2d,2026-10-11T07:40:36+09:00,base-1.12-calibrated,course_batch,2026-10-11,東京,8R,3歳以上1勝クラス,芝,2400,良,14,ウルフマン,津村,手塚久,True,streamlit_course_batch,feature_missing,10,0.0549935758108905,0.1381180626288298,39.706134227948105,0.0549935758108905,0.1381180626288298,39.706134227948105,10,注,,,,,,,7,3,55.0,,,4.0,0.0,3.4394014331558185,2.0,4.0,0.2150045666821761,0.0,0.0,0.2150045666821761,0.2150045666821761,0.2288557213930348,4.0,,2.0,600.0,336.0,0.0,2.0,3,3.0,,,,,0.0,0.2150045666821761,0.2150045666821761,0.2150045666821761,0.2150045666821761,0.2150045666821761,0.2150045666821761,0.2150045666821761,0.2150045666821761,17.0,,,,0.8529411764705882,0.5588235294117647,0.5588235294117647,0.5588235294117647,0.9117647058823528,0.9117647058823528,牡,差し,1勝クラス
2026-10-11|東京|8R|74da22df22642c2d,2026-10-11T07:40:36+09:00,base-1.12-calibrated,course_batch,2026-10-11,東京,8R,3歳以上1勝クラス,芝,2400,良,16,パーヴォ,菊沢,吉田,True,streamlit_course_batch,feature_missing,10,0.0474998229097691,0.0978840963885581,38.76021000418856,0.0474998229097691,0.0978840963885581,38.76021000418856,11,×,,,,,,,8,3,55.0,,,3.25,0.5,6.0,1.75,4.5,0.2150045666821761,0.2150045666821761,0.5,0.2150045666821761,0.2150045666821761,0.2487961476725521,5.0,,3.0,400.0,294.0,0.0,1.0,3,4.0,,,,,0.5,0.2150045666821761,0.2150045666821761,0.2150045666821761,0.2150045666821761,0.2150045666821761,0.2150045666821761,0.2150045666821761,0.2150045666821761,17.0,,,,0.2352941176470588,0.5588235294117647,0.5588235294117647,0.5588235294117647,0.6470588235294118,0.2352941176470588,牡,追込,1勝クラス
2026-10-11|東京|8R|74da22df22642c2d,2026-10-11T07:40:36+09:00,base-1.12-calibrated,course_batch,2026-10-11,東京,8R,3歳以上1勝クラス,芝,2400,良,10,ヴォートセレスト,石川,奥村武,True,streamlit_course_batch,feature_missing,10,0.0453995365976571,0.1043010735732671,42.53607156090264,0.0453995365976571,0.1043010735732671,42.53607156090264,12,×,,,,,,,5,3,55.0,,,1.0,1.0,3.4394014331558185,1.0,3.0,0.2150045666821761,1.0,1.0,0.2150045666821761,0.2337719298245614,0.2387755102040816,1.0,,1.0,400.0,360.0,0.0,2.0,3,3.0,,,,,1.0,0.2150045666821761,0.2150045666821761,0.2150045666821761,0.2150045666821761,0.2150045666821761,0.2527301092043681,0.2501845018450184,0.248,17.0,,,,0.088235294117647,0.5588235294117647,0.0588235294117647,0.5588235294117647,0.088235294117647,0.088235294117647,牡,差し,1勝クラス
2026-10-11|東京|8R|74da22df22642c2d,2026-10-11T07:40:36+09:00,base-1.12-calibrated,course_batch,2026-10-11,東京,8R,3歳以上1勝クラス,芝,2400,良,2,イフルジャンス,▲水沼,金成,True,streamlit_course_batch,feature_missing,10,0.0439642353188919,0.1011581616670088,37.51131116465579,0.0439642353188919,0.1011581616670088,37.51131116465579,13,×,,,,,,,1,4,55.0,,,4.0,0.6,3.0,3.2,4.0,1.0,0.75,0.4166666666666667,0.2150045666821761,0.2150045666821761,0.2524752475247525,9.0,,8.0,400.0,301.0,0.0,0.0,3,3.0,,,,,0.4,0.2150045666821761,0.2150045666821761,0.2150045666821761,0.2150045666821761,0.2150045666821761,0.2150045666821761,0.2150045666821761,0.2150045666821761,17.0,,,,0.1764705882352941,0.5588235294117647,0.5588235294117647,0.0588235294117647,0.2058823529411764,0.3529411764705882,せん,差し,1勝クラス
2026-10-11|東京|8R|74da22df22642c2d,2026-10-11T07:40:36+09:00,base-1.12-calibrated,course_batch,2026-10-11,東京,8R,3歳以上1勝クラス,芝,2400,良,5,ペネトレイトゴー,丹内,戸田,True,streamlit_course_batch,feature_missing,10,0.0420822385475835,0.0882767805420664,29.94861585545147,0.0420822385475835,0.0882767805420664,29.94861585545147,14,×,,,,,,,3,6,58.0,,,6.0,0.0,3.0,4.0,3.4,0.2222222222222222,0.0,0.2105263157894736,0.2150045666821761,0.2150045666821761,0.2272727272727272,6.0,,2.0,600.0,380.0,0.0,0.0,3,4.0,,,,,0.1875,0.2150045666821761,0.2150045666821761,0.2150045666821761,0.2150045666821761,0.2150045666821761,0.2150045666821761,0.2150045666821761,0.2150045666821761,17.0,,,,0.8529411764705882,0.5588235294117647,0.5588235294117647,0.2352941176470588,0.9117647058823528,0.7058823529411765,せん,追込,1勝クラス
2026-10-11|東京|8R|74da22df22642c2d,2026-10-11T07:40:36+09:00,base-1.12-calibrated,course_batch,2026-10-11,東京,8R,3歳以上1勝クラス,芝,2400,良,17,トラストボス,江田照,高橋文,True,streamlit_course_batch,feature_missing,10,0.0409877633326289,0.101363177292324,33.55426950184852,0.0409877633326289,0.101363177292324,33.55426950184852,15,×,,,,,,,8,5,58.0,,,4.4,0.4,3.0,4.0,4.6,0.625,0.5454545454545454,0.4375,0.2150045666821761,0.2150045666821761,0.2487961476725521,4.0,,4.0,400.0,401.0,0.0,0.0,3,4.0,,,,,0.4285714285714285,0.2150045666821761,0.2150045666821761,0.2150045666821761,0.2150045666821761,0.2150045666821761,0.2150045666821761,0.2150045666821761,0.2150045666821761,17.0,,,,0.3529411764705882,0.5588235294117647,0.5588235294117647,0.1176470588235294,0.2941176470588235,0.2941176470588235,牡,追込,1勝クラス
2026-10-11|東京|8R|74da22df22642c2d,2026-10-11T07:40:36+09:00,base-1.12-calibrated,course_batch,2026-10-11,東京,8R,3歳以上1勝クラス,芝,2400,良,3,サンセットビュー,岩田康,新谷,True,streamlit_course_batch,feature_missing,10,0.0392468680814629,0.0787102771047505,31.84030397512043,0.0392468680814629,0.0787102771047505,31.84030397512043,16,×,,,,,,,2,5,56.0,,,6.8,0.4,2.0,6.2,5.6,0.4285714285714285,0.3333333333333333,0.3,0.2150045666821761,0.2150045666821761,0.2293144208037825,14.0,,15.0,200.0,284.0,0.0,0.0,3,3.0,,,,,0.25,0.2150045666821761,0.2150045666821761,0.2150045666821761,0.2150045666821761,0.2150045666821761,0.2150045666821761,0.2150045666821761,0.2150045666821761,17.0,,,,0.3529411764705882,0.5588235294117647,0.5588235294117647,0.1764705882352941,0.4411764705882353,0.4705882352941176,牝,差し,1勝クラス
2026-10-11|東京|8R|74da22df22642c2d,2026-10-11T07:40:36+09:00,base-1.12-calibrated,course_batch,2026-10-11,東京,8R,3歳以上1勝クラス,芝,2400,良,7,オニノウタゲ,原田和,和田雄,True,streamlit_course_batch,feature_missing,9,0.0388160249528168,0.0628341438454421,27.159377748031115,0.0388160249528168,0.0628341438454421,27.159377748031115,17,×,,,,,,,4,3,53.0,,,9.0,0.0,2.0,11.0,3.0,0.2150045666821761,0.0,0.0,0.2150045666821761,0.2150045666821761,0.2461873638344226,9.0,2.0,11.0,800.0,353.0,0.0,2.0,3,3.0,,,,,0.0,0.2150045666821761,0.2150045666821761,0.2150045666821761,0.2150045666821761,0.2150045666821761,0.2150045666821761,0.2150045666821761,0.2150045666821761,17.0,,,,0.8529411764705882,0.5588235294117647,0.5588235294117647,0.5588235294117647,0.9117647058823528,0.9117647058823528,牝,差し,1勝クラス
2026-10-11|東京|9R|7f2b0608ad632a47,2026-10-11T07:40:36+09:00,base-1.12-calibrated,course_batch,2026-10-11,東京,9R,鷹巣山特別,芝,1600,良,4,エーデルヴェーグ,川田,田中克,True,streamlit_course_batch,feature_missing,10,0.1411337938374365,0.1539147507986457,73.84786876996615,0.1411337938374365,0.1539147507986457,73.84786876996615,1,◎,,,,,,,4,4,56.0,,,4.0,0.5,3.4394014331558185,2.25,1.5,0.3333333333333333,0.2150045666821761,0.5,0.2150045666821761,0.2150045666821761,0.2198067632850241,9.0,,4.0,0.0,370.0,0.0,1.0,4,2.0,,,,,0.5,0.2150045666821761,0.2150045666821761,0.2150045666821761,0.2150045666821761,0.2150045666821761,0.2150045666821761,0.2150045666821761,0.2150045666821761,12.0,,,,0.3333333333333333,0.5,0.5416666666666666,0.6666666666666666,0.7916666666666666,0.4583333333333333,牝,先行,2勝クラス
2026-10-11|東京|9R|7f2b0608ad632a47,2026-10-11T07:40:36+09:00,base-1.12-calibrated,course_batch,2026-10-11,東京,9R,鷹巣山特別,芝,1600,良,5,クールデイトナ,吉村,宮地,True,streamlit_course_batch,feature_missing,10,0.1268022238919801,0.1505874678758236,67.16419774860259,0.1268022238919801,0.1505874678758236,67.16419774860259,2,○,,,,,,,5,3,56.0,,,3.0,0.5,3.4394014331558185,3.5,5.5,0.6666666666666666,0.2150045666821761,0.5,0.2150045666821761,0.2150045666821761,0.2224760164458657,1.0,,2.0,0.0,301.0,0.0,1.0,4,2.0,,,,,0.6666666666666666,0.2150045666821761,0.2150045666821761,0.2150045666821761,0.2150045666821761,0.2150045666821761,0.2150045666821761,0.2150045666821761,0.2150045666821761,12.0,,,,0.3333333333333333,0.5,0.5416666666666666,0.3333333333333333,0.7916666666666666,0.4583333333333333,牡,先行,2勝クラス
2026-10-11|東京|9R|7f2b0608ad632a47,2026-10-11T07:40:36+09:00,base-1.12-calibrated,course_batch,2026-10-11,東京,9R,鷹巣山特別,芝,1600,良,7,フミサウンド,ミシェル,鹿戸,True,streamlit_course_batch,feature_missing,10,0.0922167061812182,0.1098381287832688,47.21690038821954,0.0922167061812182,0.1098381287832688,47.21690038821954,3,▲,,,,,,,6,6,58.0,,,8.4,0.2,3.4394014331558185,6.8,11.0,0.0,0.1111111111111111,0.3333333333333333,0.1666666666666666,0.2150045666821761,0.2268356643356643,14.0,,13.0,400.0,318.0,0.0,0.0,4,3.0,,,,,0.2307692307692307,0.0,0.0,0.3333333333333333,0.0,0.1666666666666666,0.2150045666821761,0.2150045666821761,0.2150045666821761,12.0,,,,0.625,1.0,0.5416666666666666,1.0,1.0,0.75,牡,差し,2勝クラス
2026-10-11|東京|9R|7f2b0608ad632a47,2026-10-11T07:40:36+09:00,base-1.12-calibrated,course_batch,2026-10-11,東京,9R,鷹巣山特別,芝,1600,良,9,クレパスキュラー,ルメール,栗田,True,streamlit_course_batch,feature_missing,10,0.0860904329952209,0.124554562456629,52.76332003179031,0.0860904329952209,0.124554562456629,52.76332003179031,4,△,,,,,,,7,3,56.0,,,1.0,1.0,3.4394014331558185,1.5,1.5,1.0,0.2150045666821761,1.0,0.5467532467532468,0.2150045666821761,0.2209752321981424,1.0,,1.0,0.0,287.0,0.0,1.0,4,3.0,,,,,1.0,0.597892176732874,0.57177148343735,0.553587786259542,0.5753715498938429,0.5467532467532468,0.2150045666821761,0.2150045666821761,0.2150045666821761,12.0,,,,0.0833333333333333,0.0833333333333333,0.5416666666666666,0.1666666666666666,0.7916666666666666,0.0833333333333333,牡,差し,2勝クラス
2026-10-11|東京|9R|7f2b0608ad632a47,2026-10-11T07:40:36+09:00,base-1.12-calibrated,course_batch,2026-10-11,東京,9R,鷹巣山特別,芝,1600,良,8,レッドレナート,横山和,手塚徳,True,streamlit_course_batch,feature_missing,10,0.0847376125176047,0.1312148896458727,44.30677877272903,0.0847376125176047,0.1312148896458727,44.30677877272903,5,△,,,,,,,6,5,58.0,,,7.4,0.2,4.0,10.6,5.2,0.4444444444444444,0.5,0.375,0.2150045666821761,0.2150045666821761,0.2268356643356643,4.0,,9.0,0.0,291.0,0.0,1.0,4,2.0,,,,,0.6,0.2150045666821761,0.2150045666821761,0.2150045666821761,0.2150045666821761,0.2150045666821761,0.2150045666821761,0.2150045666821761,0.2150045666821761,12.0,,,,0.625,0.5,0.5416666666666666,0.5833333333333334,0.375,0.6666666666666666,牡,先行,2勝クラス
2026-10-11|東京|9R|7f2b0608ad632a47,2026-10-11T07:40:36+09:00,base-1.12-calibrated,course_batch,2026-10-11,東京,9R,鷹巣山特別,芝,1600,良,6,ソニックライン,岩田康,浅利,True,streamlit_course_batch,feature_missing,10,0.0845346394406721,0.1412777248658432,44.46486920717855,0.0845346394406721,0.1412777248658432,44.46486920717855,6,☆,,,,,,,5,5,58.0,,,5.2,0.2,7.0,7.2,3.4,0.5,0.5,0.6666666666666666,0.2150045666821761,0.2150045666821761,0.2224760164458657,5.0,,6.0,200.0,356.0,0.0,1.0,4,2.0,,,,,0.6666666666666666,0.2150045666821761,0.2150045666821761,0.2150045666821761,0.2150045666821761,0.2150045666821761,0.2150045666821761,0.2150045666821761,0.2150045666821761,12.0,,,,0.625,0.5,0.5416666666666666,0.5,0.375,0.25,せん,先行,2勝クラス
2026-10-11|東京|9R|7f2b0608ad632a47,2026-10-11T07:40:36+09:00,base-1.12-calibrated,course_batch,2026-10-11,東京,9R,鷹巣山特別,芝,1600,良,1,ツルマウカタチ,嶋田,手塚久,True,streamlit_course_batch,feature_missing,10,0.0761123564099634,0.150973594825018,38.82833390090092,0.0761123564099634,0.150973594825018,38.82833390090092,7,☆,,,,,,,1,5,58.0,,,5.2,0.0,3.4394014331558185,3.6,5.8,0.5384615384615384,0.5714285714285714,0.5,0.2150045666821761,0.2150045666821761,0.2226584408300617,4.0,,5.0,0.0,339.0,0.0,0.0,4,3.0,,,,,0.4705882352941176,0.2150045666821761,0.2150045666821761,0.2150045666821761,0.2150045666821761,0.2150045666821761,0.2150045666821761,0.2150045666821761,0.2150045666821761,12.0,,,,0.9166666666666666,0.5,0.5416666666666666,0.4166666666666667,0.25,0.4583333333333333,牡,差し,2勝クラス
2026-10-11|東京|9R|7f2b0608ad632a47,2026-10-11T07:40:36+09:00,base-1.12-calibrated,course_batch,2026-10-11,東京,9R,鷹巣山特別,芝,1600,良,2,ジッピーレーサー,木幡巧,天間,True,streamlit_course_batch,feature_missing,10,0.0731772123507588,0.1029668060508966,36.27636629770401,0.0731772123507588,0.1029668060508966,36.27636629770401,8,注,,,,,,,2,9,58.0,,,9.0,0.0,2.0,10.2,12.0,0.1111111111111111,0.2352941176470588,0.125,0.2150045666821761,0.2150045666821761,0.2039614561027837,10.0,,9.0,-200.0,418.0,0.0,0.0,4,3.0,,,,,0.074074074074074,0.2150045666821761,0.2150045666821761,0.2150045666821761,0.2150045666821761,0.2150045666821761,0.2150045666821761,0.2150045666821761,0.2150045666821761,12.0,,,,0.9166666666666666,0.5,0.5416666666666666,0.9166666666666666,0.5833333333333334,1.0,せん,差し,2勝クラス
2026-10-11|東京|9R|7f2b0608ad632a47,2026-10-11T07:40:36+09:00,base-1.12-calibrated,course_batch,2026-10-11,東京,9R,鷹巣山特別,芝,1600,良,10,シャンパンマーク,大野,蛯名正,True,streamlit_course_batch,feature_missing,10,0.0684593860909204,0.1065351014850239,36.19275101259068,0.0684593860909204,0.1065351014850239,36.19275101259068,9,注,,,,,,,7,5,58.0,,,8.2,0.2,3.4394014331558185,7.2,5.2,0.2,0.2857142857142857,0.1666666666666666,0.2150045666821761,0.2150045666821761,0.2209752321981424,15.0,,14.0,0.0,373.0,0.0,0.0,4,3.0,,,,,0.2,0.2150045666821761,0.2150045666821761,0.2150045666821761,0.2150045666821761,0.2150045666821761,0.2150045666821761,0.2150045666821761,0.2150045666821761,12.0,,,,0.625,0.5,0.5416666666666666,0.8333333333333334,0.5,0.9166666666666666,せん,差し,2勝クラス
2026-10-11|東京|9R|7f2b0608ad632a47,2026-10-11T07:40:36+09:00,base-1.12-calibrated,course_batch,2026-10-11,東京,9R,鷹巣山特別,芝,1600,良,3,ポペット,永島,高橋康,True,streamlit_course_batch,feature_missing,10,0.0573117795263873,0.1340409858930557,34.74630226245297,0.0573117795263873,0.1340409858930557,34.74630226245297,10,注,,,,,,,3,3,54.0,,,4.5,0.5,3.4394014331558185,2.5,4.5,1.0,1.0,0.5,0.2150045666821761,0.2150045666821761,0.2200614124872057,2.0,,1.0,0.0,346.0,0.0,1.0,4,3.0,,,,,0.5,0.2150045666821761,0.2150045666821761,0.2150045666821761,0.2150045666821761,0.2150045666821761,0.2150045666821761,0.2150045666821761,0.2150045666821761,12.0,,,,0.3333333333333333,0.5,0.5416666666666666,0.1666666666666666,0.125,0.4583333333333333,牝,差し,2勝クラス
2026-10-11|東京|9R|7f2b0608ad632a47,2026-10-11T07:40:36+09:00,base-1.12-calibrated,course_batch,2026-10-11,東京,9R,鷹巣山特別,芝,1600,良,12,エラルディーク,荻野極,宮田,True,streamlit_course_batch,feature_missing,9,0.0550436232010208,0.1045375280600931,27.96410306202079,0.0550436232010208,0.1045375280600931,27.96410306202079,11,×,,,,,,,8,3,54.0,,,7.0,0.0,1.0,8.0,3.0,0.2150045666821761,0.2150045666821761,0.2150045666821761,0.1830559757942511,0.2150045666821761,0.2250554323725055,7.0,1.0,8.0,-200.0,298.0,0.0,3.0,4,3.0,,,,,0.2213334724419945,0.1945288753799392,0.1798376762067492,0.176657824933687,0.182311448724905,0.1830559757942511,0.2150045666821761,0.2150045666821761,0.2150045666821761,12.0,,,,0.9166666666666666,0.9166666666666666,0.5416666666666666,0.75,0.7916666666666666,0.8333333333333334,牝,差し,2勝クラス
2026-10-11|東京|9R|7f2b0608ad632a47,2026-10-11T07:40:36+09:00,base-1.12-calibrated,course_batch,2026-10-11,東京,9R,鷹巣山特別,芝,1600,良,11,フジガイフウ,横山武,岩戸,True,streamlit_course_batch,feature_missing,10,0.0543802335568163,0.1272646430309079,35.726752928428205,0.0543802335568163,0.1272646430309079,35.726752928428205,12,×,,,,,,,8,3,56.0,,,2.75,0.75,1.0,2.25,5.0,1.0,1.0,0.75,0.2150045666821761,0.2150045666821761,0.2250554323725055,3.0,,1.0,0.0,287.0,0.0,1.0,4,3.0,,,,,0.75,0.2150045666821761,0.2150045666821761,0.2150045666821761,0.2150045666821761,0.2150045666821761,0.2150045666821761,0.2150045666821761,0.2150045666821761,12.0,,,,0.1666666666666666,0.5,0.5416666666666666,0.1666666666666666,0.125,0.1666666666666666,牡,差し,2勝クラス
2026-10-11|東京|10R|f091b0e2e28169ec,2026-10-11T07:40:36+09:00,base-1.12-calibrated,course_batch,2026-10-11,東京,10R,テレビ静岡賞,ダート,1400,良,4,スペイドアン,菊沢,加藤士,True,streamlit_course_batch,feature_missing,9,0.2012515533517549,0.2557942712384792,77.39485678096199,0.2012515533517549,0.2557942712384792,77.39485678096199,1,◎,,,,,,,2,5,58.0,,,5.4,0.6,2.6666666666666665,8.0,3.6,0.2150045666821761,0.75,0.5294117647058824,0.2150045666821761,0.2150045666821761,0.1900132567388422,13.0,3.0,14.0,-400.0,298.0,0.0,0.0,5,1.0,,,,,0.3636363636363636,0.2150045666821761,0.2150045666821761,0.2150045666821761,0.2150045666821761,0.2150045666821761,0.2150045666821761,0.2150045666821761,0.2150045666821761,16.0,,,,0.21875,0.5,0.53125,0.75,0.15625,0.375,牡,逃げ,3勝クラス
2026-10-11|東京|10R|f091b0e2e28169ec,2026-10-11T07:40:36+09:00,base-1.12-calibrated,course_batch,2026-10-11,東京,10R,テレビ静岡賞,ダート,1400,良,14,サンドブラスト,丹内,鈴木慎,True,streamlit_course_batch,feature_missing,10,0.100171972223539,0.1420973305619705,39.90586401322494,0.100171972223539,0.1420973305619705,39.90586401322494,2,○,,,,,,,7,5,58.0,,,6.0,0.4,3.0,9.2,4.0,0.2150045666821761,0.2150045666821761,0.3333333333333333,0.2150045666821761,0.2150045666821761,0.200337410375369,12.0,,15.0,-300.0,360.0,0.0,1.0,5,2.0,,,,,0.1666666666666666,0.2150045666821761,0.2150045666821761,0.2150045666821761,0.2150045666821761,0.2150045666821761,0.2150045666821761,0.2150045666821761,0.2150045666821761,16.0,,,,0.53125,0.5,0.53125,0.75,0.71875,0.8125,牡,先行,3勝クラス
2026-10-11|東京|10R|f091b0e2e28169ec,2026-10-11T07:40:36+09:00,base-1.12-calibrated,course_batch,2026-10-11,東京,10R,テレビ静岡賞,ダート,1400,良,12,レッドラパルマ,原,平岩,True,streamlit_course_batch,feature_missing,10,0.0931512176129557,0.127876165396424,35.28277946854973,0.0931512176129557,0.127876165396424,35.28277946854973,3,▲,,,,,,,6,7,58.0,,,9.4,0.2,2.333333333333333,12.2,9.6,0.0,0.0,0.4090909090909091,0.2150045666821761,0.2150045666821761,0.1971295905445335,7.0,,13.0,-200.0,322.0,0.0,0.0,5,2.0,,,,,0.4705882352941176,0.2150045666821761,0.2150045666821761,0.2150045666821761,0.2150045666821761,0.2150045666821761,0.2150045666821761,0.2150045666821761,0.2150045666821761,16.0,,,,0.84375,0.5,0.53125,0.96875,0.9375,0.75,せん,先行,3勝クラス
2026-10-11|東京|10R|f091b0e2e28169ec,2026-10-11T07:40:36+09:00,base-1.12-calibrated,course_batch,2026-10-11,東京,10R,テレビ静岡賞,ダート,1400,良,6,メイショウタムシバ,横山和,飯田,True,streamlit_course_batch,feature_missing,10,0.0766030876529849,0.1192184398575546,31.72163995639048,0.0766030876529849,0.1192184398575546,31.72163995639048,4,△,,,,,,,3,5,56.0,,,4.2,0.4,3.4394014331558185,7.0,4.6,0.2150045666821761,0.2150045666821761,0.5,0.2150045666821761,0.2150045666821761,0.1876883340507963,5.0,,9.0,-400.0,360.0,0.0,1.0,5,2.0,,,,,0.625,0.2150045666821761,0.2150045666821761,0.2150045666821761,0.2150045666821761,0.2150045666821761,0.2150045666821761,0.2150045666821761,0.2150045666821761,16.0,,,,0.53125,0.5,0.53125,0.75,0.71875,0.46875,牝,先行,3勝クラス
2026-10-11|東京|10R|f091b0e2e28169ec,2026-10-11T07:40:36+09:00,base-1.12-calibrated,course_batch,2026-10-11,東京,10R,テレビ静岡賞,ダート,1400,良,5,ガンウルフ,Ｍデムーロ,藤岡健,True,streamlit_course_batch,feature_missing,10,0.0580441774149209,0.1223452961007555,25.805675439625265,0.0580441774149209,0.1223452961007555,25.805675439625265,5,△,,,,,,,3,6,58.0,,,6.8,0.4,3.4394014331558185,11.0,4.8,0.3333333333333333,0.5555555555555556,0.3043478260869565,0.2150045666821761,0.2150045666821761,0.1876883340507963,12.0,,15.0,0.0,284.0,0.0,0.0,5,2.0,,,,,0.2727272727272727,0.2150045666821761,0.2150045666821761,0.2150045666821761,0.2150045666821761,0.2150045666821761,0.2150045666821761,0.2150045666821761,0.2150045666821761,16.0,,,,0.53125,0.5,0.53125,0.625,0.375,0.875,牡,先行,3勝クラス
2026-10-11|東京|10R|f091b0e2e28169ec,2026-10-11T07:40:36+09:00,base-1.12-calibrated,course_batch,2026-10-11,東京,10R,テレビ静岡賞,ダート,1400,良,2,アスクアイルビゼア,横山武,矢作,True,streamlit_course_batch,feature_missing,10,0.0571543928801278,0.1325831100507747,23.77423918163374,0.0571543928801278,0.1325831100507747,23.77423918163374,6,☆,,,,,,,1,5,58.0,,,4.6,0.2,2.0,4.0,4.2,0.4,0.2150045666821761,0.4545454545454545,0.2150045666821761,0.2150045666821761,0.1756695415342714,2.0,,1.0,200.0,493.0,0.0,1.0,5,3.0,,,,,0.5555555555555556,0.2150045666821761,0.2150045666821761,0.2150045666821761,0.2150045666821761,0.2150045666821761,0.2150045666821761,0.2150045666821761,0.2150045666821761,16.0,,,,0.84375,0.5,0.53125,0.5625,0.71875,0.5625,牡,差し,3勝クラス
2026-10-11|東京|10R|f091b0e2e28169ec,2026-10-11T07:40:36+09:00,base-1.12-calibrated,course_batch,2026-10-11,東京,10R,テレビ静岡賞,ダート,1400,良,3,クインズデネブ,吉田豊,小島,True,streamlit_course_batch,feature_missing,10,0.0560743696885044,0.136609096051551,23.526064157824077,0.0560743696885044,0.136609096051551,23.526064157824077,7,☆,,,,,,,2,5,56.0,,,4.4,0.2,1.0,2.2,3.8,0.5,0.4444444444444444,0.5454545454545454,0.179940325912325,0.2150045666821761,0.1900132567388422,4.0,,2.0,0.0,311.0,0.0,1.0,5,3.0,,,,,0.5555555555555556,0.1841286307053942,0.1929750317393144,0.1833910034602076,0.1874569262577533,0.179940325912325,0.2150045666821761,0.2150045666821761,0.2150045666821761,16.0,,,,0.84375,1.0,0.53125,0.4375,0.5,0.3125,牝,差し,3勝クラス
2026-10-11|東京|10R|f091b0e2e28169ec,2026-10-11T07:40:36+09:00,base-1.12-calibrated,course_batch,2026-10-11,東京,10R,テレビ静岡賞,ダート,1400,良,1,キョウエイカンセ,津村,萱野,True,streamlit_course_batch,feature_missing,10,0.0511813520476917,0.1181734424993424,25.484831493171143,0.0511813520476917,0.1181734424993424,25.484831493171143,8,注,,,,,,,1,5,58.0,,,4.0,0.6,3.4394014331558185,3.2,6.8,0.2,0.2857142857142857,0.4285714285714285,0.2150045666821761,0.2150045666821761,0.1756695415342714,1.0,,1.0,0.0,291.0,0.0,2.0,5,3.0,,,,,0.4,0.2150045666821761,0.2150045666821761,0.2150045666821761,0.2150045666821761,0.2150045666821761,0.2150045666821761,0.2150045666821761,0.2150045666821761,16.0,,,,0.21875,0.5,0.53125,0.875,0.5625,0.625,牡,差し,3勝クラス
2026-10-11|東京|10R|f091b0e2e28169ec,2026-10-11T07:40:36+09:00,base-1.12-calibrated,course_batch,2026-10-11,東京,10R,テレビ静岡賞,ダート,1400,良,8,セギレエルビエント,荻野極,伊坂,True,streamlit_course_batch,feature_missing,9,0.0500744781934221,0.0985515217278425,28.63678660327926,0.0500744781934221,0.0985515217278425,28.63678660327926,9,注,,,,,,,4,4,56.0,,,1.6,1.0,2.0,4.6,2.0,1.0,1.0,0.7777777777777778,0.1830559757942511,0.2150045666821761,0.199320016999575,2.0,2.0,9.0,0.0,325.0,0.0,2.0,5,2.0,,,,,0.7142857142857143,0.1945288753799392,0.1857142857142857,0.1720741599073001,0.1955587392550143,0.1830559757942511,0.2150045666821761,0.2150045666821761,0.2150045666821761,16.0,,,,0.0625,0.9375,0.53125,0.09375,0.0625,0.0625,牝,先行,3勝クラス
2026-10-11|東京|10R|f091b0e2e28169ec,2026-10-11T07:40:36+09:00,base-1.12-calibrated,course_batch,2026-10-11,東京,10R,テレビ静岡賞,ダート,1400,良,7,カルパ,ルメール,須貝,True,streamlit_course_batch,feature_missing,10,0.0473692274664127,0.1437747701093036,22.893628980359345,0.0473692274664127,0.1437747701093036,22.893628980359345,10,注,,,,,,,4,5,58.0,,,4.2,0.4,3.4394014331558185,3.4,2.4,0.6,0.0,0.6,0.5467532467532468,0.2150045666821761,0.199320016999575,5.0,,2.0,0.0,408.0,0.0,1.0,5,3.0,,,,,0.8,0.597892176732874,0.5087145969498911,0.4969072164948453,0.500590318772137,0.5467532467532468,0.2150045666821761,0.2150045666821761,0.2150045666821761,16.0,,,,0.53125,0.0625,0.53125,0.3125,0.9375,0.25,牡,差し,3勝クラス
2026-10-11|東京|10R|f091b0e2e28169ec,2026-10-11T07:40:36+09:00,base-1.12-calibrated,course_batch,2026-10-11,東京,10R,テレビ静岡賞,ダート,1400,良,9,ゴールデンオスカー,松岡,堀内,True,streamlit_course_batch,feature_missing,10,0.046049220592524,0.1293389702791262,22.106399651409458,0.046049220592524,0.1293389702791262,22.106399651409458,11,×,,,,,,,5,5,58.0,,,6.2,0.4,3.4394014331558185,4.6,3.0,0.5,0.5714285714285714,0.4166666666666667,0.2150045666821761,0.2150045666821761,0.1895093062605753,1.0,,1.0,-200.0,325.0,0.0,1.0,5,3.0,,,,,0.4,0.2150045666821761,0.2150045666821761,0.2150045666821761,0.2150045666821761,0.2150045666821761,0.2150045666821761,0.2150045666821761,0.2150045666821761,16.0,,,,0.53125,0.5,0.53125,0.4375,0.3125,0.6875,牡,差し,3勝クラス
2026-10-11|東京|10R|f091b0e2e28169ec,2026-10-11T07:40:36+09:00,base-1.12-calibrated,course_batch,2026-10-11,東京,10R,テレビ静岡賞,ダート,1400,良,11,フウセツ,大野,鈴木慎,True,streamlit_course_batch,feature_missing,10,0.0418945884542709,0.1064059120948232,22.191214788810136,0.0418945884542709,0.1064059120948232,22.191214788810136,12,×,,,,,,,6,4,58.0,,,3.0,0.6,1.0,6.2,2.2,0.75,0.75,0.75,0.2150045666821761,0.2150045666821761,0.1971295905445335,1.0,,3.0,0.0,311.0,0.0,2.0,5,2.0,,,,,0.6666666666666666,0.2150045666821761,0.2150045666821761,0.2150045666821761,0.2150045666821761,0.2150045666821761,0.2150045666821761,0.2150045666821761,0.2150045666821761,16.0,,,,0.21875,0.5,0.53125,0.1875,0.15625,0.125,牡,先行,3勝クラス
2026-10-11|東京|10R|f091b0e2e28169ec,2026-10-11T07:40:36+09:00,base-1.12-calibrated,course_batch,2026-10-11,東京,10R,テレビ静岡賞,ダート,1400,良,15,ヤマニンアストロン,岩田康,石橋,True,streamlit_course_batch,feature_missing,10,0.0341232544914789,0.0978096465367128,15.466331460641063,0.0341232544914789,0.0978096465367128,15.466331460641063,13,×,,,,,,,8,5,58.0,,,6.6,0.2,3.4394014331558185,6.4,6.4,0.6666666666666666,0.2150045666821761,0.2150045666821761,0.2150045666821761,0.2150045666821761,0.1975620008406893,6.0,,9.0,0.0,332.0,0.0,0.0,5,3.0,,,,,0.2092924241400283,0.2150045666821761,0.2150045666821761,0.2150045666821761,0.2150045666821761,0.2150045666821761,0.2150045666821761,0.2150045666821761,0.2150045666821761,16.0,,,,0.84375,0.5,0.53125,0.25,0.71875,0.9375,牡,差し,3勝クラス
2026-10-11|東京|10R|f091b0e2e28169ec,2026-10-11T07:40:36+09:00,base-1.12-calibrated,course_batch,2026-10-11,東京,10R,テレビ静岡賞,ダート,1400,良,13,エイプリルインパリ,小崎,高橋忠,True,streamlit_course_batch,feature_missing,10,0.0336188789734788,0.1089781048202783,19.58264028108467,0.0336188789734788,0.1089781048202783,19.58264028108467,14,×,,,,,,,7,4,56.0,,,3.4,0.6,3.0,6.8,4.0,0.5,0.5,0.6666666666666666,0.2150045666821761,0.2150045666821761,0.200337410375369,6.0,,10.0,0.0,311.0,0.0,2.0,5,2.0,,,,,0.75,0.2150045666821761,0.2150045666821761,0.2150045666821761,0.2150045666821761,0.2150045666821761,0.2150045666821761,0.2150045666821761,0.2150045666821761,16.0,,,,0.21875,0.5,0.53125,0.4375,0.4375,0.1875,牝,先行,3勝クラス
2026-10-11|東京|10R|f091b0e2e28169ec,2026-10-11T07:40:36+09:00,base-1.12-calibrated,course_batch,2026-10-11,東京,10R,テレビ静岡賞,ダート,1400,良,16,アジアミッション,丸田,緒方,True,streamlit_course_batch,feature_missing,10,0.0315938426517718,0.0822777113111782,12.261086493291916,0.0315938426517718,0.0822777113111782,12.261086493291916,15,×,,,,,,,8,5,58.0,,,9.5,0.0,5.5,8.25,13.25,0.0,0.0,0.0,0.2150045666821761,0.2150045666821761,0.1975620008406893,7.0,,4.0,0.0,339.0,0.0,0.0,5,4.0,,,,,0.0,0.2150045666821761,0.2150045666821761,0.2150045666821761,0.2150045666821761,0.2150045666821761,0.2150045666821761,0.2150045666821761,0.2150045666821761,16.0,,,,1.0,0.5,0.53125,0.96875,0.9375,1.0,牡,追込,3勝クラス
2026-10-11|東京|10R|f091b0e2e28169ec,2026-10-11T07:40:36+09:00,base-1.12-calibrated,course_batch,2026-10-11,東京,10R,テレビ静岡賞,ダート,1400,良,10,シャパリュ,三浦,菊沢,True,streamlit_course_batch,feature_missing,10,0.0216443863041607,0.0807260663553938,13.008831165896872,0.0216443863041607,0.0807260663553938,13.008831165896872,16,×,,,,,,,5,5,58.0,,,6.0,0.4,3.4394014331558185,9.4,5.6,1.0,0.6666666666666666,0.5,0.2150045666821761,0.2150045666821761,0.1895093062605753,15.0,,16.0,-700.0,322.0,0.0,1.0,5,3.0,,,,,0.5555555555555556,0.2150045666821761,0.2150045666821761,0.2150045666821761,0.2150045666821761,0.2150045666821761,0.2150045666821761,0.2150045666821761,0.2150045666821761,16.0,,,,0.53125,0.5,0.53125,0.09375,0.25,0.46875,せん,差し,3勝クラス
2026-10-11|東京|11R|d5a7182dbbbd2070,2026-10-11T07:40:36+09:00,base-1.12-calibrated,course_batch,2026-10-11,東京,11R,アイルランドT,芝,1800,良,2,チェルビアット,吉村,高野,True,streamlit_course_batch,feature_missing,10,0.0980108187371755,0.114681264830109,71.86703162075273,0.0980108187371755,0.114681264830109,71.86703162075273,1,◎,,,,,,,1,4,55.0,,,7.2,0.4,3.4394014331558185,4.6,6.0,0.0,1.0,0.5,0.2150045666821761,0.2150045666821761,0.2226584408300617,13.0,,2.0,200.0,287.0,0.0,3.0,9,3.0,,,,,0.625,0.2150045666821761,0.2150045666821761,0.2150045666821761,0.2150045666821761,0.2150045666821761,0.2150045666821761,0.2150045666821761,0.2150045666821761,16.0,,,,0.65625,0.5625,0.53125,0.96875,0.21875,0.71875,牝,差し,G2
2026-10-11|東京|11R|d5a7182dbbbd2070,2026-10-11T07:40:36+09:00,base-1.12-calibrated,course_batch,2026-10-11,東京,11R,アイルランドT,芝,1800,良,5,カネラフィーナ,石川,手塚久,True,streamlit_course_batch,feature_missing,10,0.0894341693842497,0.1120333186490141,72.11286693223975,0.0894341693842497,0.1120333186490141,72.11286693223975,2,○,,,,,,,3,4,55.0,,,1.2,1.0,3.4394014331558185,2.2,1.6,1.0,1.0,1.0,0.2150045666821761,0.2150045666821761,0.2200614124872057,1.0,,4.0,-200.0,308.0,0.0,5.0,9,2.0,,,,,1.0,0.2150045666821761,0.2150045666821761,0.2150045666821761,0.2150045666821761,0.2150045666821761,0.2150045666821761,0.2150045666821761,0.2150045666821761,16.0,,,,0.0625,0.5625,0.53125,0.15625,0.21875,0.0625,牝,先行,G2
2026-10-11|東京|11R|d5a7182dbbbd2070,2026-10-11T07:40:36+09:00,base-1.12-calibrated,course_batch,2026-10-11,東京,11R,アイルランドT,芝,1800,良,8,ルージュソリテール,横山武,藤原,True,streamlit_course_batch,feature_missing,10,0.0884579354497427,0.1002081974785652,65.1698082768441,0.0884579354497427,0.1002081974785652,65.1698082768441,3,▲,,,,,,,4,4,55.0,,,5.2,0.4,3.4394014331558185,5.8,5.4,0.5,1.0,0.4,0.2150045666821761,0.2150045666821761,0.2198067632850241,1.0,,5.0,0.0,401.0,0.0,3.0,9,2.0,,,,,0.25,0.2150045666821761,0.2150045666821761,0.2150045666821761,0.2150045666821761,0.2150045666821761,0.2150045666821761,0.2150045666821761,0.2150045666821761,16.0,,,,0.65625,0.5625,0.53125,0.5,0.21875,0.9375,牝,先行,G2
2026-10-11|東京|11R|d5a7182dbbbd2070,2026-10-11T07:40:36+09:00,base-1.12-calibrated,course_batch,2026-10-11,東京,11R,アイルランドT,芝,1800,良,1,ニシノティアモ,津村,上原佑,True,streamlit_course_batch,feature_missing,10,0.0834615172900779,0.1025491004290243,65.91474583455646,0.0834615172900779,0.1025491004290243,65.91474583455646,4,△,,,,,,,1,5,55.0,,,1.8,0.8,3.4394014331558185,4.6,2.6,0.6666666666666666,0.5714285714285714,0.6666666666666666,0.2150045666821761,0.2150045666821761,0.2226584408300617,1.0,,3.0,0.0,332.0,0.0,6.0,9,2.0,,,,,0.7,0.2150045666821761,0.2150045666821761,0.2150045666821761,0.2150045666821761,0.2150045666821761,0.2150045666821761,0.2150045666821761,0.2150045666821761,16.0,,,,0.15625,0.5625,0.53125,0.34375,0.5625,0.15625,牝,先行,G2
2026-10-11|東京|11R|d5a7182dbbbd2070,2026-10-11T07:40:36+09:00,base-1.12-calibrated,course_batch,2026-10-11,東京,11R,アイルランドT,芝,1800,良,7,ミラビリスマジック,戸崎圭,千葉,True,streamlit_course_batch,feature_missing,10,0.0749277139220639,0.1072500242886033,58.372718015464045,0.0749277139220639,0.1072500242886033,58.372718015464045,5,△,,,,,,,4,5,55.0,,,3.6,0.6,3.4394014331558185,5.4,2.4,0.2150045666821761,0.5,0.6666666666666666,0.2150045666821761,0.2150045666821761,0.2198067632850241,8.0,,10.0,200.0,394.0,0.0,4.0,9,2.0,,,,,1.0,0.2150045666821761,0.2150045666821761,0.2150045666821761,0.2150045666821761,0.2150045666821761,0.2150045666821761,0.2150045666821761,0.2150045666821761,16.0,,,,0.375,0.5625,0.53125,0.75,0.6875,0.15625,牝,先行,G2
2026-10-11|東京|11R|d5a7182dbbbd2070,2026-10-11T07:40:36+09:00,base-1.12-calibrated,course_batch,2026-10-11,東京,11R,アイルランドT,芝,1800,良,4,クランフォード,菊沢,杉山晴,True,streamlit_course_batch,feature_missing,10,0.0731514459384739,0.1043455098402876,53.12209827276122,0.0731514459384739,0.1043455098402876,53.12209827276122,6,☆,,,,,,,2,5,55.0,,,8.8,0.2,3.4394014331558185,11.6,3.0,0.2150045666821761,1.0,0.5454545454545454,0.2150045666821761,0.2150045666821761,0.2039614561027837,7.0,,9.0,200.0,294.0,0.0,3.0,9,2.0,,,,,0.5555555555555556,0.2150045666821761,0.2150045666821761,0.2150045666821761,0.2150045666821761,0.2150045666821761,0.2150045666821761,0.2150045666821761,0.2150045666821761,16.0,,,,0.875,0.5625,0.53125,0.75,0.21875,0.59375,牝,先行,G2
2026-10-11|東京|11R|d5a7182dbbbd2070,2026-10-11T07:40:36+09:00,base-1.12-calibrated,course_batch,2026-10-11,東京,11R,アイルランドT,芝,1800,良,12,ミアネーロ,大野,林,True,streamlit_course_batch,feature_missing,9,0.07044634001969,0.1175168711505962,49.65737744986659,0.07044634001969,0.1175168711505962,49.65737744986659,7,☆,,,,,,,6,5,55.0,,,7.4,0.0,1.0,3.6,3.4,0.5,0.0,0.3,0.2150045666821761,0.2150045666821761,0.2268356643356643,11.0,1.0,8.0,0.0,311.0,0.0,3.0,9,3.0,,,,,0.3,0.2150045666821761,0.2150045666821761,0.2150045666821761,0.2150045666821761,0.2150045666821761,0.2150045666821761,0.2150045666821761,0.2150045666821761,16.0,,,,1.0,0.5625,0.53125,0.5,1.0,1.0,牝,差し,G2
2026-10-11|東京|11R|d5a7182dbbbd2070,2026-10-11T07:40:36+09:00,base-1.12-calibrated,course_batch,2026-10-11,東京,11R,アイルランドT,芝,1800,良,14,ハワイアンティアレ,Ｍデムーロ,松永幹,True,streamlit_course_batch,feature_missing,9,0.0598661399732288,0.1059785374202012,48.35221409504936,0.0598661399732288,0.1059785374202012,48.35221409504936,8,注,,,,,,,7,5,55.0,,,3.6,0.6,1.0,4.2,3.6,0.0,0.5,0.4285714285714285,0.2150045666821761,0.2150045666821761,0.2209752321981424,6.0,1.0,6.0,400.0,301.0,0.0,4.0,9,3.0,,,,,0.3636363636363636,0.2150045666821761,0.2150045666821761,0.2150045666821761,0.2150045666821761,0.2150045666821761,0.2150045666821761,0.2150045666821761,0.2150045666821761,16.0,,,,0.375,0.5625,0.53125,0.96875,0.6875,0.84375,牝,差し,G2
2026-10-11|東京|11R|d5a7182dbbbd2070,2026-10-11T07:40:36+09:00,base-1.12-calibrated,course_batch,2026-10-11,東京,11R,アイルランドT,芝,1800,良,10,セキトバイースト,浜中,四位,True,streamlit_course_batch,feature_missing,10,0.0531188351400851,0.0997123867751261,41.72080111555015,0.0531188351400851,0.0997123867751261,41.72080111555015,9,注,,,,,,,5,5,55.0,,,5.6,0.4,3.4394014331558185,8.4,6.6,0.5,0.3333333333333333,0.5625,0.2150045666821761,0.2150045666821761,0.2224760164458657,1.0,,5.0,0.0,311.0,0.0,3.0,9,2.0,,,,,0.4166666666666667,0.2150045666821761,0.2150045666821761,0.2150045666821761,0.2150045666821761,0.2150045666821761,0.2150045666821761,0.2150045666821761,0.2150045666821761,16.0,,,,0.65625,0.5625,0.53125,0.5,0.8125,0.5,牝,先行,G2
2026-10-11|東京|11R|d5a7182dbbbd2070,2026-10-11T07:40:36+09:00,base-1.12-calibrated,course_batch,2026-10-11,東京,11R,アイルランドT,芝,1800,良,13,ワタシマツワ,小林美,竹内,True,streamlit_course_batch,feature_missing,10,0.0522338115655497,0.1059056204608626,39.28869132107813,0.0522338115655497,0.1059056204608626,39.28869132107813,10,注,,,,,,,7,4,55.0,,,8.6,0.2,3.4394014331558185,9.2,9.0,0.2150045666821761,0.2150045666821761,0.5714285714285714,0.2150045666821761,0.2150045666821761,0.2209752321981424,14.0,,16.0,400.0,284.0,0.0,5.0,9,2.0,,,,,0.6666666666666666,0.2150045666821761,0.2150045666821761,0.2150045666821761,0.2150045666821761,0.2150045666821761,0.2150045666821761,0.2150045666821761,0.2150045666821761,16.0,,,,0.875,0.5625,0.53125,0.75,0.90625,0.40625,牝,先行,G2
2026-10-11|東京|11R|d5a7182dbbbd2070,2026-10-11T07:40:36+09:00,base-1.12-calibrated,course_batch,2026-10-11,東京,11R,アイルランドT,芝,1800,良,6,ムイ,木幡巧,笹田,True,streamlit_course_batch,feature_missing,10,0.0509999253571128,0.071252426421847,37.60405789319381,0.0509999253571128,0.071252426421847,37.60405789319381,11,×,,,,,,,3,4,55.0,,,9.8,0.2,3.4394014331558185,6.0,7.6,0.2150045666821761,0.2150045666821761,0.4285714285714285,0.2150045666821761,0.2150045666821761,0.2200614124872057,10.0,,1.0,600.0,298.0,0.0,3.0,9,4.0,,,,,0.4285714285714285,0.2150045666821761,0.2150045666821761,0.2150045666821761,0.2150045666821761,0.2150045666821761,0.2150045666821761,0.2150045666821761,0.2150045666821761,16.0,,,,0.875,0.5625,0.53125,0.75,0.90625,0.84375,牝,追込,G2
2026-10-11|東京|11R|d5a7182dbbbd2070,2026-10-11T07:40:36+09:00,base-1.12-calibrated,course_batch,2026-10-11,東京,11R,アイルランドT,芝,1800,良,15,ジョスラン,ルメール,鹿戸,True,streamlit_course_batch,feature_missing,10,0.0502526584628832,0.1170084692700443,42.252377468899,0.0502526584628832,0.1170084692700443,42.252377468899,12,×,,,,,,,8,4,55.0,,,2.4,0.6,1.0,2.8,2.8,0.6666666666666666,1.0,0.6,0.5467532467532468,0.2150045666821761,0.2250554323725055,1.0,,1.0,0.0,380.0,0.0,6.0,9,3.0,,,,,0.6,0.597892176732874,0.57177148343735,0.553587786259542,0.5753715498938429,0.5467532467532468,0.2150045666821761,0.2150045666821761,0.2150045666821761,16.0,,,,0.375,0.0625,0.53125,0.34375,0.21875,0.3125,牝,差し,G2
2026-10-11|東京|11R|d5a7182dbbbd2070,2026-10-11T07:40:36+09:00,base-1.12-calibrated,course_batch,2026-10-11,東京,11R,アイルランドT,芝,1800,良,9,ウイントワイライト,横山典,西園翔,True,streamlit_course_batch,feature_missing,10,0.049314417258851,0.0905745087551569,40.969294308329005,0.049314417258851,0.0905745087551569,40.969294308329005,13,×,,,,,,,5,4,55.0,,,5.6,0.6,3.4394014331558185,1.8,1.8,0.2150045666821761,1.0,0.5,0.2150045666821761,0.2150045666821761,0.2224760164458657,12.0,,2.0,400.0,284.0,0.0,4.0,9,4.0,,,,,0.5,0.2150045666821761,0.2150045666821761,0.2150045666821761,0.2150045666821761,0.2150045666821761,0.2150045666821761,0.2150045666821761,0.2150045666821761,16.0,,,,0.375,0.5625,0.53125,0.75,0.21875,0.71875,牝,追込,G2
2026-10-11|東京|11R|d5a7182dbbbd2070,2026-10-11T07:40:36+09:00,base-1.12-calibrated,course_batch,2026-10-11,東京,11R,アイルランドT,芝,1800,良,3,クイーンズウォーク,西村淳,中内田,True,streamlit_course_batch,feature_missing,10,0.0419502971230514,0.0842962172082227,33.928510774814605,0.0419502971230514,0.0842962172082227,33.928510774814605,14,×,,,,,,,2,5,55.0,,,6.6,0.4,6.0,7.2,4.2,1.0,0.5,0.5454545454545454,0.2150045666821761,0.2150045666821761,0.2039614561027837,9.0,,8.0,-200.0,366.0,0.0,3.0,9,3.0,,,,,0.375,0.2150045666821761,0.2150045666821761,0.2150045666821761,0.2150045666821761,0.2150045666821761,0.2150045666821761,0.2150045666821761,0.2150045666821761,16.0,,,,0.65625,0.5625,0.53125,0.15625,0.6875,0.59375,牝,差し,G2
2026-10-11|東京|11R|d5a7182dbbbd2070,2026-10-11T07:40:36+09:00,base-1.12-calibrated,course_batch,2026-10-11,東京,11R,アイルランドT,芝,1800,良,16,カムニャック,川田,友道,True,streamlit_course_batch,feature_missing,10,0.0329199637895807,0.0983588057206957,30.291229825091893,0.0329199637895807,0.0983588057206957,30.291229825091893,15,×,,,,,,,8,4,56.0,,,4.6,0.6,1.0,5.4,3.2,1.0,0.6666666666666666,0.5714285714285714,0.2150045666821761,0.2150045666821761,0.2250554323725055,1.0,,2.0,-600.0,377.0,0.0,3.0,9,3.0,,,,,0.5714285714285714,0.2150045666821761,0.2150045666821761,0.2150045666821761,0.2150045666821761,0.2150045666821761,0.2150045666821761,0.2150045666821761,0.2150045666821761,16.0,,,,0.375,0.5625,0.53125,0.15625,0.5,0.40625,牝,差し,G2
2026-10-11|東京|11R|d5a7182dbbbd2070,2026-10-11T07:40:36+09:00,base-1.12-calibrated,course_batch,2026-10-11,東京,11R,アイルランドT,芝,1800,良,11,ラヴァンダ,横山和,中村,True,streamlit_course_batch,feature_missing,10,0.031454010588183,0.0838634647257952,30.956637728568037,0.031454010588183,0.0838634647257952,30.956637728568037,16,×,,,,,,,6,5,56.0,,,5.0,0.8,3.4394014331558185,5.8,4.2,1.0,0.75,0.6470588235294118,0.2150045666821761,0.2150045666821761,0.2268356643356643,3.0,,4.0,0.0,311.0,0.0,3.0,9,3.0,,,,,0.75,0.2150045666821761,0.2150045666821761,0.2150045666821761,0.2150045666821761,0.2150045666821761,0.2150045666821761,0.2150045666821761,0.2150045666821761,16.0,,,,0.15625,0.5625,0.53125,0.15625,0.4375,0.25,牝,差し,G2
2026-10-11|東京|12R|c8301c019b413d55,2026-10-11T07:40:36+09:00,base-1.12-calibrated,course_batch,2026-10-11,東京,12R,3歳以上2勝クラス,ダート,1300,良,6,ジャスティンルマン,戸崎圭,杉山晴,True,streamlit_course_batch,feature_missing,10,0.1603268552561969,0.1626181994283504,76.56545498570877,0.1603268552561969,0.1626181994283504,76.56545498570877,1,◎,,,,,,,3,3,57.0,,,3.75,0.75,3.4394014331558185,4.0,2.0,0.2150045666821761,0.2150045666821761,0.5,0.2150045666821761,0.2150045666821761,0.1876883340507963,10.0,,10.0,-500.0,287.0,0.0,-2.0,4,3.0,,,,,0.5,0.2150045666821761,0.2150045666821761,0.2150045666821761,0.2150045666821761,0.2150045666821761,0.2150045666821761,0.2150045666821761,0.2150045666821761,16.0,,,,0.40625,0.5,0.53125,0.625,0.625,0.4375,牡,差し,2勝クラス
2026-10-11|東京|12R|c8301c019b413d55,2026-10-11T07:40:36+09:00,base-1.12-calibrated,course_batch,2026-10-11,東京,12R,3歳以上2勝クラス,ダート,1300,良,4,レディサン,杉原,栗田,True,streamlit_course_batch,feature_missing,10,0.1008778862039394,0.1291541171467952,50.79361238695338,0.1008778862039394,0.1291541171467952,50.79361238695338,2,○,,,,,,,2,3,55.0,,,2.6666666666666665,0.6666666666666666,3.0,3.6666666666666665,4.0,0.2150045666821761,0.2150045666821761,0.6666666666666666,0.2150045666821761,0.2150045666821761,0.1900132567388422,1.0,,1.0,100.0,408.0,0.0,2.0,4,2.0,,,,,1.0,0.2150045666821761,0.2150045666821761,0.2150045666821761,0.2150045666821761,0.2150045666821761,0.2150045666821761,0.2150045666821761,0.2150045666821761,16.0,,,,0.5,0.5,0.53125,0.625,0.625,0.25,牝,先行,2勝クラス
2026-10-11|東京|12R|c8301c019b413d55,2026-10-11T07:40:36+09:00,base-1.12-calibrated,course_batch,2026-10-11,東京,12R,3歳以上2勝クラス,ダート,1300,良,7,ラインジーク,横山典,水野,True,streamlit_course_batch,feature_missing,10,0.0902631669970573,0.152192792745275,47.89947419162064,0.0902631669970573,0.152192792745275,47.89947419162064,3,▲,,,,,,,4,3,57.0,,,3.0,0.75,2.0,3.25,4.75,1.0,0.6666666666666666,0.75,0.2150045666821761,0.2150045666821761,0.199320016999575,3.0,,3.0,-100.0,336.0,0.0,2.0,4,2.0,,,,,0.75,0.2150045666821761,0.2150045666821761,0.2150045666821761,0.2150045666821761,0.2150045666821761,0.2150045666821761,0.2150045666821761,0.2150045666821761,16.0,,,,0.40625,0.5,0.53125,0.09375,0.125,0.125,牡,先行,2勝クラス
2026-10-11|東京|12R|c8301c019b413d55,2026-10-11T07:40:36+09:00,base-1.12-calibrated,course_batch,2026-10-11,東京,12R,3歳以上2勝クラス,ダート,1300,良,1,ピコテンダー,荻野極,上原佑,True,streamlit_course_batch,feature_missing,9,0.0821292194628059,0.0904007083940959,43.55699254636252,0.0821292194628059,0.0904007083940959,43.55699254636252,4,△,,,,,,,1,4,56.0,,,2.6,0.8,4.0,4.6,1.0,0.2150045666821761,0.6666666666666666,0.8888888888888888,0.1830559757942511,0.2150045666821761,0.1756695415342714,2.0,4.0,3.0,100.0,287.0,0.0,1.0,4,2.0,,,,,0.875,0.1945288753799392,0.1857142857142857,0.1720741599073001,0.1955587392550143,0.1830559757942511,0.2150045666821761,0.2150045666821761,0.2150045666821761,16.0,,,,0.1875,1.0,0.53125,0.625,0.125,0.0625,牝,先行,2勝クラス
2026-10-11|東京|12R|c8301c019b413d55,2026-10-11T07:40:36+09:00,base-1.12-calibrated,course_batch,2026-10-11,東京,12R,3歳以上2勝クラス,ダート,1300,良,14,ベルビースタローン,◇小林美,戸田,True,streamlit_course_batch,feature_missing,9,0.0781201170389391,0.1429626387709748,37.24566334088672,0.0781201170389391,0.1429626387709748,37.24566334088672,5,△,,,,,,,7,4,54.0,,,5.6,0.2,1.0,7.8,3.0,0.2150045666821761,0.2150045666821761,0.2150045666821761,0.2150045666821761,0.2150045666821761,0.200337410375369,6.0,1.0,12.0,-100.0,325.0,0.0,1.0,4,2.0,,,,,0.2092924241400283,0.2150045666821761,0.2150045666821761,0.2150045666821761,0.2150045666821761,0.2150045666821761,0.2150045666821761,0.2150045666821761,0.2150045666821761,16.0,,,,0.875,0.5,0.53125,0.625,0.625,0.9375,牝,先行,2勝クラス
2026-10-11|東京|12R|c8301c019b413d55,2026-10-11T07:40:36+09:00,base-1.12-calibrated,course_batch,2026-10-11,東京,12R,3歳以上2勝クラス,ダート,1300,良,13,ドントゥザムーン,三浦,高木,True,streamlit_course_batch,feature_missing,10,0.0650189690653811,0.1406850994181802,35.87723404711814,0.0650189690653811,0.1406850994181802,35.87723404711814,6,☆,,,,,,,7,4,58.0,,,3.6,0.6,1.0,6.4,3.4,1.0,0.6666666666666666,0.5,0.2150045666821761,0.2150045666821761,0.200337410375369,4.0,,4.0,100.0,287.0,0.0,0.0,4,2.0,,,,,0.4285714285714285,0.2150045666821761,0.2150045666821761,0.2150045666821761,0.2150045666821761,0.2150045666821761,0.2150045666821761,0.2150045666821761,0.2150045666821761,16.0,,,,0.59375,0.5,0.53125,0.09375,0.125,0.4375,牡,先行,2勝クラス
2026-10-11|東京|12R|c8301c019b413d55,2026-10-11T07:40:36+09:00,base-1.12-calibrated,course_batch,2026-10-11,東京,12R,3歳以上2勝クラス,ダート,1300,良,15,レイアポポ,原,青木,True,streamlit_course_batch,feature_missing,9,0.0635910912912686,0.0988535566792673,36.25255272129035,0.0635910912912686,0.0988535566792673,36.25255272129035,7,☆,,,,,,,8,4,56.0,,,2.8,0.8,2.0,6.6,4.4,0.0,0.0,0.3636363636363636,0.2150045666821761,0.2150045666821761,0.1975620008406893,5.0,1.0,7.0,150.0,363.0,0.0,1.0,4,2.0,,,,,0.2222222222222222,0.2150045666821761,0.2150045666821761,0.2150045666821761,0.2150045666821761,0.2150045666821761,0.2150045666821761,0.2150045666821761,0.2150045666821761,16.0,,,,0.1875,0.5,0.53125,1.0,0.90625,0.65625,牝,先行,2勝クラス
2026-10-11|東京|12R|c8301c019b413d55,2026-10-11T07:40:36+09:00,base-1.12-calibrated,course_batch,2026-10-11,東京,12R,3歳以上2勝クラス,ダート,1300,良,11,イノキ,菊沢,岩戸,True,streamlit_course_batch,feature_missing,10,0.0626855009898438,0.1196826716899854,30.40613455918016,0.0626855009898438,0.1196826716899854,30.40613455918016,8,注,,,,,,,6,4,58.0,,,6.6,0.2,2.0,6.0,9.6,0.2150045666821761,0.0,0.1428571428571428,0.2150045666821761,0.2150045666821761,0.1971295905445335,5.0,,4.0,100.0,291.0,0.0,1.0,4,3.0,,,,,0.5,0.2150045666821761,0.2150045666821761,0.2150045666821761,0.2150045666821761,0.2150045666821761,0.2150045666821761,0.2150045666821761,0.2150045666821761,16.0,,,,0.875,0.5,0.53125,0.625,0.90625,1.0,牡,差し,2勝クラス
2026-10-11|東京|12R|c8301c019b413d55,2026-10-11T07:40:36+09:00,base-1.12-calibrated,course_batch,2026-10-11,東京,12R,3歳以上2勝クラス,ダート,1300,良,2,ズバットマサムネ,小崎,杉山佳,True,streamlit_course_batch,feature_missing,10,0.0574637809519813,0.1302404789221308,28.55308067629797,0.0574637809519813,0.1302404789221308,28.55308067629797,9,注,,,,,,,1,5,58.0,,,6.0,0.2,5.0,9.8,8.0,0.2150045666821761,0.2150045666821761,0.2631578947368421,0.2150045666821761,0.2150045666821761,0.1756695415342714,8.0,,11.0,100.0,298.0,0.0,0.0,4,2.0,,,,,0.1875,0.2150045666821761,0.2150045666821761,0.2150045666821761,0.2150045666821761,0.2150045666821761,0.2150045666821761,0.2150045666821761,0.2150045666821761,16.0,,,,0.875,0.5,0.53125,0.625,0.625,0.875,せん,先行,2勝クラス
2026-10-11|東京|12R|c8301c019b413d55,2026-10-11T07:40:36+09:00,base-1.12-calibrated,course_batch,2026-10-11,東京,12R,3歳以上2勝クラス,ダート,1300,良,9,メイショウドライブ,◇永島,鈴木孝,True,streamlit_course_batch,feature_missing,10,0.0515116086141383,0.0859318798039555,31.032225358619712,0.0515116086141383,0.0859318798039555,31.032225358619712,10,注,,,,,,,5,4,54.0,,,2.6,0.8,3.5,6.2,2.2,0.2150045666821761,0.2150045666821761,0.5555555555555556,0.2150045666821761,0.2150045666821761,0.1895093062605753,1.0,,7.0,100.0,287.0,0.0,1.0,4,2.0,,,,,0.5,0.2150045666821761,0.2150045666821761,0.2150045666821761,0.2150045666821761,0.2150045666821761,0.2150045666821761,0.2150045666821761,0.2150045666821761,16.0,,,,0.1875,0.5,0.53125,0.625,0.625,0.3125,牝,先行,2勝クラス
2026-10-11|東京|12R|c8301c019b413d55,2026-10-11T07:40:36+09:00,base-1.12-calibrated,course_batch,2026-10-11,東京,12R,3歳以上2勝クラス,ダート,1300,良,5,アルジェンタージョ,▲佐藤,伊藤圭,True,streamlit_course_batch,feature_missing,10,0.0495686707793877,0.0929946737984215,22.421085881450797,0.0495686707793877,0.0929946737984215,22.421085881450797,11,×,,,,,,,3,5,53.0,,,8.2,0.0,1.0,8.0,9.0,0.2150045666821761,0.4285714285714285,0.2857142857142857,0.2150045666821761,0.2150045666821761,0.1876883340507963,11.0,,11.0,-100.0,349.0,0.0,0.0,4,3.0,,,,,0.4,0.2150045666821761,0.2150045666821761,0.2150045666821761,0.2150045666821761,0.2150045666821761,0.2150045666821761,0.2150045666821761,0.2150045666821761,16.0,,,,1.0,0.5,0.53125,0.625,0.3125,0.8125,牝,差し,2勝クラス
2026-10-11|東京|12R|c8301c019b413d55,2026-10-11T07:40:36+09:00,base-1.12-calibrated,course_batch,2026-10-11,東京,12R,3歳以上2勝クラス,ダート,1300,良,3,キョウエイスレーヴ,☆長浜,萱野,True,streamlit_course_batch,feature_missing,10,0.0445950286556743,0.1214009828277149,27.11482073451609,0.0445950286556743,0.1214009828277149,27.11482073451609,12,×,,,,,,,2,4,57.0,,,3.4,0.6,3.5,4.6,4.2,0.2150045666821761,0.4,0.3333333333333333,0.2150045666821761,0.2150045666821761,0.1900132567388422,4.0,,6.0,-100.0,311.0,0.0,1.0,4,3.0,,,,,0.2,0.2150045666821761,0.2150045666821761,0.2150045666821761,0.2150045666821761,0.2150045666821761,0.2150045666821761,0.2150045666821761,0.2150045666821761,16.0,,,,0.59375,0.5,0.53125,0.625,0.375,0.75,牡,差し,2勝クラス
2026-10-11|東京|12R|c8301c019b413d55,2026-10-11T07:40:36+09:00,base-1.12-calibrated,course_batch,2026-10-11,東京,12R,3歳以上2勝クラス,ダート,1300,良,8,ジャックナダル,川田,伊坂,True,streamlit_course_batch,feature_missing,10,0.0393051724530939,0.1080597363775762,23.636666623986414,0.0393051724530939,0.1080597363775762,23.636666623986414,13,×,,,,,,,4,3,57.0,,,5.5,0.5,3.4394014331558185,5.5,5.0,0.2150045666821761,0.0,0.5,0.2150045666821761,0.2150045666821761,0.199320016999575,9.0,,9.0,-300.0,360.0,0.0,2.0,4,3.0,,,,,1.0,0.2150045666821761,0.2150045666821761,0.2150045666821761,0.2150045666821761,0.2150045666821761,0.2150045666821761,0.2150045666821761,0.2150045666821761,16.0,,,,0.6875,0.5,0.53125,0.625,0.90625,0.4375,牡,差し,2勝クラス
2026-10-11|東京|12R|c8301c019b413d55,2026-10-11T07:40:36+09:00,base-1.12-calibrated,course_batch,2026-10-11,東京,12R,3歳以上2勝クラス,ダート,1300,良,12,マサノユニコーン,Ｍデムーロ,小島,True,streamlit_course_batch,feature_missing,10,0.0214793758537955,0.0772586118406044,18.63967221659427,0.0214793758537955,0.0772586118406044,18.63967221659427,14,×,,,,,,,6,4,58.0,,,3.0,0.8,2.0,6.0,4.0,0.5,0.5,0.7142857142857143,0.2150045666821761,0.2150045666821761,0.1971295905445335,2.0,,6.0,100.0,339.0,0.0,0.0,4,3.0,,,,,0.6,0.2150045666821761,0.2150045666821761,0.2150045666821761,0.2150045666821761,0.2150045666821761,0.2150045666821761,0.2150045666821761,0.2150045666821761,16.0,,,,0.1875,0.5,0.53125,0.21875,0.25,0.1875,牡,差し,2勝クラス
2026-10-11|東京|12R|c8301c019b413d55,2026-10-11T07:40:36+09:00,base-1.12-calibrated,course_batch,2026-10-11,東京,12R,3歳以上2勝クラス,ダート,1300,良,10,オカメノコイ,吉村,小笠,True,streamlit_course_batch,feature_missing,10,0.0171442786938973,0.0645659585198159,12.56481305057191,0.0171442786938973,0.0645659585198159,12.56481305057191,15,×,,,,,,,5,4,56.0,,,7.0,0.4,3.4394014331558185,4.0,8.2,0.2150045666821761,0.0,0.3636363636363636,0.2150045666821761,0.2150045666821761,0.1895093062605753,15.0,,13.0,-500.0,284.0,0.0,0.0,4,4.0,,,,,0.25,0.2150045666821761,0.2150045666821761,0.2150045666821761,0.2150045666821761,0.2150045666821761,0.2150045666821761,0.2150045666821761,0.2150045666821761,16.0,,,,0.75,0.5,0.53125,0.625,0.90625,0.65625,牝,追込,2勝クラス
2026-10-11|東京|12R|c8301c019b413d55,2026-10-11T07:40:36+09:00,base-1.12-calibrated,course_batch,2026-10-11,東京,12R,3歳以上2勝クラス,ダート,1300,良,16,キョウエイカンフ,横山和,勢司,True,streamlit_course_batch,feature_missing,10,0.0159192776925991,0.0669575895129714,16.12796173161592,0.0159192776925991,0.0669575895129714,16.12796173161592,16,×,,,,,,,8,6,58.0,,,3.6,0.8,3.4394014331558185,3.4,3.8,0.5,0.3333333333333333,0.4736842105263157,0.2150045666821761,0.2150045666821761,0.1975620008406893,6.0,,4.0,100.0,294.0,0.0,0.0,4,4.0,,,,,0.4615384615384615,0.2150045666821761,0.2150045666821761,0.2150045666821761,0.2150045666821761,0.2150045666821761,0.2150045666821761,0.2150045666821761,0.2150045666821761,16.0,,,,0.1875,0.5,0.53125,0.21875,0.4375,0.5625,牡,追込,2勝クラス
2026-10-11|東京|1R|0e2e5e5a1049b41f|morning|NA,2026-10-11T08:41:02+09:00,base-1.12-calibrated,morning,2026-10-11,東京,1R,2歳未勝利,ダート,1600,良,2,ベルグラース,三浦,浅利,True,automation_pre_race,feature_missing,8,0.3293183809068901,0.6089404641490851,82.37355727054889,0.3293183809068901,0.6089404641490851,82.37355727054889,1,◎,,,,,,,2,2,55.0,,,8.025185683020558,0.21500456668217616,3.4394014331558185,7.494719668074899,7.75818987058195,0.21500456668217616,0.21500456668217616,0.21500456668217616,0.21500456668217616,0.21500456668217616,0.18637067630356222,,,,0.0,,0.0,0.0,2,,2.3,1.0,0.4347826086956522,0.8329091229351039,0.20929242414002838,0.21500456668217616,0.21500456668217616,0.21500456668217616,0.21500456668217616,0.21500456668217616,0.21500456668217616,0.21500456668217616,0.21500456668217616,15.0,0.3425852345835372,0.06666666666666667,0.06666666666666667,0.5333333333333333,0.5666666666666667,0.5333333333333333,0.5333333333333333,0.5333333333333333,0.5333333333333333,牝,,未勝利
2026-10-11|東京|1R|0e2e5e5a1049b41f|morning|NA,2026-10-11T08:41:02+09:00,base-1.12-calibrated,morning,2026-10-11,東京,1R,2歳未勝利,ダート,1600,良,14,テンユメノオーロラ,ルメール,平岩,True,automation_pre_race,feature_missing,8,0.24381466575473063,0.5314633594394658,63.560130170498205,0.24381466575473063,0.5314633594394658,63.560130170498205,2,○,,,,,,,8,2,55.0,,,8.025185683020558,0.21500456668217616,3.4394014331558185,7.494719668074899,7.75818987058195,0.21500456668217616,0.21500456668217616,0.21500456668217616,0.5467532467532468,0.21500456668217616,0.2494341330918968,,,,0.0,,0.0,0.0,2,,3.2,2.0,0.3125,1.1631508098056809,0.20929242414002838,0.597892176732874,0.5087145969498911,0.553587786259542,0.500590318772137,0.5467532467532468,0.21500456668217616,0.21500456668217616,0.21500456668217616,15.0,0.24623313735691732,0.13333333333333333,0.13333333333333333,0.5333333333333333,0.06666666666666667,0.5333333333333333,0.5333333333333333,0.5333333333333333,0.5333333333333333,牝,,未勝利
2026-10-11|東京|1R|0e2e5e5a1049b41f|morning|NA,2026-10-11T08:41:02+09:00,base-1.12-calibrated,morning,2026-10-11,東京,1R,2歳未勝利,ダート,1600,良,9,サンクサンス,吉村,小栗,True,automation_pre_race,feature_missing,8,0.1197616846668279,0.29856903467281765,33.25251936513743,0.1197616846668279,0.29856903467281765,33.25251936513743,3,▲,,,,,,,5,2,55.0,,,8.025185683020558,0.21500456668217616,3.4394014331558185,7.494719668074899,7.75818987058195,0.21500456668217616,0.21500456668217616,0.21500456668217616,0.21500456668217616,0.21500456668217616,0.2029934518241347,,,,0.0,,0.0,0.0,2,,7.6,3.0,0.13157894736842105,2.028148247292285,0.20929242414002838,0.21500456668217616,0.21500456668217616,0.21500456668217616,0.21500456668217616,0.21500456668217616,0.21500456668217616,0.21500456668217616,0.21500456668217616,15.0,0.10367711046607045,0.2,0.2,0.5333333333333333,0.5666666666666667,0.5333333333333333,0.5333333333333333,0.5333333333333333,0.5333333333333333,牝,,未勝利
2026-10-11|東京|1R|0e2e5e5a1049b41f|morning|NA,2026-10-11T08:41:02+09:00,base-1.12-calibrated,morning,2026-10-11,東京,1R,2歳未勝利,ダート,1600,良,6,フィールザウィル,西村淳,伊藤大,True,automation_pre_race,feature_missing,8,0.09974797331111973,0.2780144743621868,28.788401397849007,0.09974797331111973,0.2780144743621868,28.788401397849007,4,△,,,,,,,4,2,55.0,,,8.025185683020558,0.21500456668217616,3.4394014331558185,7.494719668074899,7.75818987058195,0.21500456668217616,0.21500456668217616,0.21500456668217616,0.21500456668217616,0.21500456668217616,0.19161105815061963,,,,0.0,,0.0,0.0,2,,10.4,4.0,0.09615384615384615,2.341805806147327,0.20929242414002838,0.21500456668217616,0.21500456668217616,0.21500456668217616,0.21500456668217616,0.21500456668217616,0.21500456668217616,0.21500456668217616,0.21500456668217616,15.0,0.07576404226366686,0.26666666666666666,0.26666666666666666,0.5333333333333333,0.5666666666666667,0.5333333333333333,0.5333333333333333,0.5333333333333333,0.5333333333333333,牝,,未勝利
2026-10-11|東京|1R|0e2e5e5a1049b41f|morning|NA,2026-10-11T08:41:02+09:00,base-1.12-calibrated,morning,2026-10-11,東京,1R,2歳未勝利,ダート,1600,良,7,ヴァルブロッサ,横山武,久保田,True,automation_pre_race,feature_missing,8,0.09974797331111973,0.25517289255756537,28.217361852733468,0.09974797331111973,0.25517289255756537,28.217361852733468,5,△,,,,,,,4,2,55.0,,,8.025185683020558,0.21500456668217616,3.4394014331558185,7.494719668074899,7.75818987058195,0.21500456668217616,0.21500456668217616,0.21500456668217616,0.21500456668217616,0.21500456668217616,0.19161105815061963,,,,0.0,,0.0,0.0,2,,10.5,5.0,0.09523809523809523,2.3513752571634776,0.20929242414002838,0.21500456668217616,0.21500456668217616,0.21500456668217616,0.21500456668217616,0.21500456668217616,0.21500456668217616,0.21500456668217616,0.21500456668217616,15.0,0.07504247995639385,0.3333333333333333,0.3333333333333333,0.5333333333333333,0.5666666666666667,0.5333333333333333,0.5333333333333333,0.5333333333333333,0.5333333333333333,牝,,未勝利
2026-10-11|東京|1R|0e2e5e5a1049b41f|morning|NA,2026-10-11T08:41:02+09:00,base-1.12-calibrated,morning,2026-10-11,東京,1R,2歳未勝利,ダート,1600,良,1,ステラガーネット,横山和,栗田,True,automation_pre_race,feature_missing,8,0.05308471857142304,0.18009545244316716,17.13015477503226,0.05308471857142304,0.18009545244316716,17.13015477503226,6,☆,,,,,,,1,2,55.0,,,8.025185683020558,0.21500456668217616,3.4394014331558185,7.494719668074899,7.75818987058195,0.21500456668217616,0.21500456668217616,0.21500456668217616,0.21500456668217616,0.21500456668217616,0.1548140043763676,,,,0.0,,0.0,0.0,2,,18.1,6.0,0.055248618784530384,2.89591193827178,0.20929242414002838,0.21500456668217616,0.21500456668217616,0.21500456668217616,0.21500456668217616,0.21500456668217616,0.21500456668217616,0.21500456668217616,0.21500456668217616,15.0,0.04353293036144394,0.4,0.4,0.5333333333333333,0.5666666666666667,0.5333333333333333,0.5333333333333333,0.5333333333333333,0.5333333333333333,牝,,未勝利
2026-10-11|東京|1R|0e2e5e5a1049b41f|morning|NA,2026-10-11T08:41:02+09:00,base-1.12-calibrated,morning,2026-10-11,東京,1R,2歳未勝利,ダート,1600,良,8,アイビーナツユメ,木幡巧,牧,True,automation_pre_race,feature_missing,8,0.024511549836093768,0.12473696821953702,10.106495417554694,0.024511549836093768,0.12473696821953702,10.106495417554694,7,☆,,,,,,,5,2,55.0,,,8.025185683020558,0.21500456668217616,3.4394014331558185,7.494719668074899,7.75818987058195,0.21500456668217616,0.21500456668217616,0.21500456668217616,0.21500456668217616,0.21500456668217616,0.2029934518241347,,,,0.0,,0.0,0.0,2,,26.7,7.0,0.03745318352059925,3.2846635654062037,0.20929242414002838,0.21500456668217616,0.21500456668217616,0.21500456668217616,0.21500456668217616,0.21500456668217616,0.21500456668217616,0.21500456668217616,0.21500456668217616,15.0,0.029511087623300954,0.4666666666666667,0.4666666666666667,0.5333333333333333,0.5666666666666667,0.5333333333333333,0.5333333333333333,0.5333333333333333,0.5333333333333333,牝,,未勝利
2026-10-11|東京|1R|0e2e5e5a1049b41f|morning|NA,2026-10-11T08:41:02+09:00,base-1.12-calibrated,morning,2026-10-11,東京,1R,2歳未勝利,ダート,1600,良,10,キャミソール,◇小林美,深山,True,automation_pre_race,feature_missing,8,0.014162249859061267,0.10166804110631956,7.487054500572886,0.014162249859061267,0.10166804110631956,7.487054500572886,8,注,,,,,,,6,2,53.0,,,8.025185683020558,0.21500456668217616,3.4394014331558185,7.494719668074899,7.75818987058195,0.21500456668217616,0.21500456668217616,0.21500456668217616,0.21500456668217616,0.21500456668217616,0.2260430994956442,,,,0.0,,0.0,0.0,2,,36.9,8.0,0.02710027100271003,3.6082115510464816,0.20929242414002838,0.21500456668217616,0.21500456668217616,0.21500456668217616,0.21500456668217616,0.21500456668217616,0.21500456668217616,0.21500456668217616,0.21500456668217616,15.0,0.021353551207103943,0.5333333333333333,0.5333333333333333,0.5333333333333333,0.5666666666666667,0.5333333333333333,0.5333333333333333,0.5333333333333333,0.5333333333333333,牝,,未勝利
2026-10-11|東京|1R|0e2e5e5a1049b41f|morning|NA,2026-10-11T08:41:02+09:00,base-1.12-calibrated,morning,2026-10-11,東京,1R,2歳未勝利,ダート,1600,良,13,サンクレセント,佐々木,伊藤圭,True,automation_pre_race,feature_missing,8,0.004366536766651644,0.06557775290638325,4.651345086641601,0.004366536766651644,0.06557775290638325,4.651345086641601,9,注,,,,,,,7,2,55.0,,,8.025185683020558,0.21500456668217616,3.4394014331558185,7.494719668074899,7.75818987058195,0.21500456668217616,0.21500456668217616,0.21500456668217616,0.21500456668217616,0.21500456668217616,0.20669380370872908,,,,0.0,,0.0,0.0,2,,64.3,9.0,0.015552099533437015,4.163559631243574,0.20929242414002838,0.21500456668217616,0.21500456668217616,0.21500456668217616,0.21500456668217616,0.21500456668217616,0.21500456668217616,0.21500456668217616,0.21500456668217616,15.0,0.012254215233936789,0.6,0.6,0.5333333333333333,0.5666666666666667,0.5333333333333333,0.5333333333333333,0.5333333333333333,0.5333333333333333,牝,,未勝利
2026-10-11|東京|1R|0e2e5e5a1049b41f|morning|NA,2026-10-11T08:41:02+09:00,base-1.12-calibrated,morning,2026-10-11,東京,1R,2歳未勝利,ダート,1600,良,3,ローブリッター,江田照,尾関,True,automation_pre_race,feature_missing,8,0.0026730793476667804,0.051822959541961575,3.973225059963951,0.0026730793476667804,0.051822959541961575,3.973225059963951,10,注,,,,,,,2,2,55.0,,,8.025185683020558,0.21500456668217616,3.4394014331558185,7.494719668074899,7.75818987058195,0.21500456668217616,0.21500456668217616,0.21500456668217616,0.21500456668217616,0.21500456668217616,0.18637067630356222,,,,0.0,,0.0,0.0,2,,80.4,10.0,0.01243781094527363,4.387014176184921,0.20929242414002838,0.21500456668217616,0.21500456668217616,0.21500456668217616,0.21500456668217616,0.21500456668217616,0.21500456668217616,0.21500456668217616,0.21500456668217616,15.0,0.009800323874902182,0.6666666666666666,0.6666666666666666,0.5333333333333333,0.5666666666666667,0.5333333333333333,0.5333333333333333,0.5333333333333333,0.5333333333333333,牝,,未勝利
2026-10-11|東京|1R|0e2e5e5a1049b41f|morning|NA,2026-10-11T08:41:02+09:00,base-1.12-calibrated,morning,2026-10-11,東京,1R,2歳未勝利,ダート,1600,良,12,スードランダム,原田和,伊坂,True,automation_pre_race,feature_missing,8,0.00237988442581828,0.053468711882677634,3.9564988222740736,0.00237988442581828,0.053468711882677634,3.9564988222740736,11,×,,,,,,,7,2,55.0,,,8.025185683020558,0.21500456668217616,3.4394014331558185,7.494719668074899,7.75818987058195,0.21500456668217616,0.21500456668217616,0.21500456668217616,0.21500456668217616,0.21500456668217616,0.20669380370872908,,,,0.0,,0.0,0.0,2,,89.1,13.0,0.011223344556677891,4.489759334476764,0.20929242414002838,0.21500456668217616,0.21500456668217616,0.21500456668217616,0.21500456668217616,0.21500456668217616,0.21500456668217616,0.21500456668217616,0.21500456668217616,15.0,0.008843389893851129,0.8666666666666667,0.8666666666666667,0.5333333333333333,0.5666666666666667,0.5333333333333333,0.5333333333333333,0.5333333333333333,0.5333333333333333,牝,,未勝利
2026-10-11|東京|1R|0e2e5e5a1049b41f|morning|NA,2026-10-11T08:41:02+09:00,base-1.12-calibrated,morning,2026-10-11,東京,1R,2歳未勝利,ダート,1600,良,11,アイファーエリース,松岡,蛯名利,True,automation_pre_race,feature_missing,8,0.0023482906368836446,0.053468711882677634,3.9502629229140203,0.0023482906368836446,0.053468711882677634,3.9502629229140203,12,×,,,,,,,6,2,55.0,,,8.025185683020558,0.21500456668217616,3.4394014331558185,7.494719668074899,7.75818987058195,0.21500456668217616,0.21500456668217616,0.21500456668217616,0.21500456668217616,0.21500456668217616,0.2260430994956442,,,,0.0,,0.0,0.0,2,,88.0,11.0,0.011363636363636364,4.477336814478207,0.20929242414002838,0.21500456668217616,0.21500456668217616,0.21500456668217616,0.21500456668217616,0.21500456668217616,0.21500456668217616,0.21500456668217616,0.21500456668217616,15.0,0.008953932267524266,0.7333333333333333,0.7333333333333333,0.5333333333333333,0.5666666666666667,0.5333333333333333,0.5333333333333333,0.5333333333333333,0.5333333333333333,牝,,未勝利
2026-10-11|東京|1R|0e2e5e5a1049b41f|morning|NA,2026-10-11T08:41:02+09:00,base-1.12-calibrated,morning,2026-10-11,東京,1R,2歳未勝利,ダート,1600,良,5,カンタベリートップ,木幡初,石栗,True,automation_pre_race,feature_missing,8,0.00217504518856735,0.05161587146040634,3.869747179255646,0.00217504518856735,0.05161587146040634,3.869747179255646,13,×,,,,,,,3,2,55.0,,,8.025185683020558,0.21500456668217616,3.4394014331558185,7.494719668074899,7.75818987058195,0.21500456668217616,0.21500456668217616,0.21500456668217616,0.21500456668217616,0.21500456668217616,0.1814137419673752,,,,0.0,,0.0,0.0,2,,88.8,12.0,0.011261261261261262,4.486386649998124,0.20929242414002838,0.21500456668217616,0.21500456668217616,0.21500456668217616,0.21500456668217616,0.21500456668217616,0.21500456668217616,0.21500456668217616,0.21500456668217616,15.0,0.008873266211060086,0.8,0.8,0.5333333333333333,0.5666666666666667,0.5333333333333333,0.5333333333333333,0.5333333333333333,0.5333333333333333,牝,,未勝利
2026-10-11|東京|1R|0e2e5e5a1049b41f|morning|NA,2026-10-11T08:41:02+09:00,base-1.12-calibrated,morning,2026-10-11,東京,1R,2歳未勝利,ダート,1600,良,4,アテナプロマコス,菊沢,和田勇,True,automation_pre_race,feature_missing,8,0.001087790978524519,0.03983654883591199,3.36066472366036,0.001087790978524519,0.03983654883591199,3.36066472366036,14,×,,,,,,,3,2,55.0,,,8.025185683020558,0.21500456668217616,3.4394014331558185,7.494719668074899,7.75818987058195,0.21500456668217616,0.21500456668217616,0.21500456668217616,0.21500456668217616,0.21500456668217616,0.1814137419673752,,,,0.0,,0.0,0.0,2,,110.8,14.0,0.009025270758122744,4.707726774313183,0.20929242414002838,0.21500456668217616,0.21500456668217616,0.21500456668217616,0.21500456668217616,0.21500456668217616,0.21500456668217616,0.21500456668217616,0.21500456668217616,15.0,0.007111426349658262,0.9333333333333333,0.9333333333333333,0.5333333333333333,0.5666666666666667,0.5333333333333333,0.5333333333333333,0.5333333333333333,0.5333333333333333,牝,,未勝利
2026-10-11|東京|1R|0e2e5e5a1049b41f|morning|NA,2026-10-11T08:41:02+09:00,base-1.12-calibrated,morning,2026-10-11,東京,1R,2歳未勝利,ダート,1600,良,15,ラヴァブルロマン,▲佐藤,伊藤圭,True,automation_pre_race,feature_missing,8,0.0008201764386214338,0.03495099339952373,3.1857047803720837,0.0008201764386214338,0.03495099339952373,3.1857047803720837,15,×,,,,,,,8,2,52.0,,,8.025185683020558,0.21500456668217616,3.4394014331558185,7.494719668074899,7.75818987058195,0.21500456668217616,0.21500456668217616,0.21500456668217616,0.21500456668217616,0.21500456668217616,0.2494341330918968,,,,0.0,,0.0,0.0,2,,121.9,15.0,0.008203445447087777,4.803201036487226,0.20929242414002838,0.21500456668217616,0.21500456668217616,0.21500456668217616,0.21500456668217616,0.21500456668217616,0.21500456668217616,0.21500456668217616,0.21500456668217616,15.0,0.006463872350632776,1.0,1.0,0.5333333333333333,0.5666666666666667,0.5333333333333333,0.5333333333333333,0.5333333333333333,0.5333333333333333,牝,,未勝利
2026-10-11|東京|2R|c8cdc7693abb4281|morning|NA,2026-10-11T08:41:03+09:00,base-1.12-calibrated,morning,2026-10-11,東京,2R,2歳未勝利,芝,1600,良,9,ニースケンス,原,小島,True,automation_pre_race,feature_missing,8,0.3001584310666608,0.6518548564414068,83.44641707785694,0.3001584310666608,0.6518548564414068,83.44641707785694,1,◎,,,,,,,7,2,56.0,,,8.025185683020558,0.21500456668217616,3.4394014331558185,7.494719668074899,7.75818987058195,0.21500456668217616,0.21500456668217616,0.21500456668217616,0.21500456668217616,0.21500456668217616,0.2209752321981424,,,,0.0,,0.0,0.0,2,,2.4,1.0,0.4166666666666667,0.8754687373538999,0.22133347244199458,0.21500456668217616,0.21500456668217616,0.21500456668217616,0.21500456668217616,0.21500456668217616,0.21500456668217616,0.21500456668217616,0.21500456668217616,12.0,0.3313438279712765,0.08333333333333333,0.08333333333333333,0.5416666666666666,0.5416666666666666,0.5416666666666666,0.5416666666666666,0.5416666666666666,0.5416666666666666,牡,,未勝利
2026-10-11|東京|2R|c8cdc7693abb4281|morning|NA,2026-10-11T08:41:03+09:00,base-1.12-calibrated,morning,2026-10-11,東京,2R,2歳未勝利,芝,1600,良,1,ノーブルグランツ,荻野極,久保田,True,automation_pre_race,feature_missing,8,0.1346447653819462,0.3870571793733264,40.98410940025863,0.1346447653819462,0.3870571793733264,40.98410940025863,2,○,,,,,,,1,2,56.0,,,8.025185683020558,0.21500456668217616,3.4394014331558185,7.494719668074899,7.75818987058195,0.21500456668217616,0.21500456668217616,0.21500456668217616,0.18305597579425115,0.21500456668217616,0.2226584408300617,,,,0.0,,0.0,0.0,2,,5.7,2.0,0.17543859649122806,1.7404661748405046,0.22133347244199458,0.1945288753799392,0.17983767620674926,0.176657824933687,0.18231144872490504,0.18305597579425115,0.21500456668217616,0.21500456668217616,0.21500456668217616,12.0,0.139513190724748,0.16666666666666666,0.16666666666666666,0.5416666666666666,1.0,0.5416666666666666,0.5416666666666666,0.5416666666666666,0.5416666666666666,牡,,未勝利
2026-10-11|東京|2R|c8cdc7693abb4281|morning|NA,2026-10-11T08:41:03+09:00,base-1.12-calibrated,morning,2026-10-11,東京,2R,2歳未勝利,芝,1600,良,4,コスモシグナス,丹内,水野,True,automation_pre_race,feature_missing,8,0.12764668179000715,0.37940769720259493,39.277421216200096,0.12764668179000715,0.37940769720259493,39.277421216200096,3,▲,,,,,,,4,2,56.0,,,8.025185683020558,0.21500456668217616,3.4394014331558185,7.494719668074899,7.75818987058195,0.21500456668217616,0.21500456668217616,0.21500456668217616,0.21500456668217616,0.21500456668217616,0.21980676328502416,,,,0.0,,0.0,0.0,2,,6.9,3.0,0.14492753623188406,1.9315214116032138,0.22133347244199458,0.21500456668217616,0.21500456668217616,0.21500456668217616,0.21500456668217616,0.21500456668217616,0.21500456668217616,0.21500456668217616,0.21500456668217616,12.0,0.11525002712044399,0.25,0.25,0.5416666666666666,0.5416666666666666,0.5416666666666666,0.5416666666666666,0.5416666666666666,0.5416666666666666,牡,,未勝利
2026-10-11|東京|2R|c8cdc7693abb4281|morning|NA,2026-10-11T08:41:03+09:00,base-1.12-calibrated,morning,2026-10-11,東京,2R,2歳未勝利,芝,1600,良,2,ニーナラルゴ,原田和,上原博,True,automation_pre_race,feature_missing,8,0.118321378125652,0.32997669675152896,36.022230205082785,0.118321378125652,0.32997669675152896,36.022230205082785,4,△,,,,,,,2,2,55.0,,,8.025185683020558,0.21500456668217616,3.4394014331558185,7.494719668074899,7.75818987058195,0.21500456668217616,0.21500456668217616,0.21500456668217616,0.21500456668217616,0.21500456668217616,0.20396145610278374,,,,0.0,,0.0,0.0,2,,7.5,4.0,0.13333333333333333,2.0149030205422647,0.22133347244199458,0.21500456668217616,0.21500456668217616,0.21500456668217616,0.21500456668217616,0.21500456668217616,0.21500456668217616,0.21500456668217616,0.21500456668217616,12.0,0.10603002495080847,0.3333333333333333,0.3333333333333333,0.5416666666666666,0.5416666666666666,0.5416666666666666,0.5416666666666666,0.5416666666666666,0.5416666666666666,牝,,未勝利
2026-10-11|東京|2R|c8cdc7693abb4281|morning|NA,2026-10-11T08:41:03+09:00,base-1.12-calibrated,morning,2026-10-11,東京,2R,2歳未勝利,芝,1600,良,7,ドナフェリーチェ,三浦,柄崎,True,automation_pre_race,feature_missing,8,0.09785990473136778,0.28524136849473136,30.47286777911495,0.09785990473136778,0.28524136849473136,30.47286777911495,5,△,,,,,,,6,2,55.0,,,8.025185683020558,0.21500456668217616,3.4394014331558185,7.494719668074899,7.75818987058195,0.21500456668217616,0.21500456668217616,0.21500456668217616,0.21500456668217616,0.21500456668217616,0.22683566433566432,,,,0.0,,0.0,0.0,2,,9.6,5.0,0.10416666666666667,2.2617630984737906,0.22133347244199458,0.21500456668217616,0.21500456668217616,0.21500456668217616,0.21500456668217616,0.21500456668217616,0.21500456668217616,0.21500456668217616,0.21500456668217616,12.0,0.08283595699281912,0.4166666666666667,0.4166666666666667,0.5416666666666666,0.5416666666666666,0.5416666666666666,0.5416666666666666,0.5416666666666666,0.5416666666666666,牝,,未勝利
2026-10-11|東京|2R|c8cdc7693abb4281|morning|NA,2026-10-11T08:41:03+09:00,base-1.12-calibrated,morning,2026-10-11,東京,2R,2歳未勝利,芝,1600,良,11,ミラマルニ,黛,伊藤圭,True,automation_pre_race,feature_missing,8,0.09573303386663791,0.2794064586654906,29.866416245987686,0.09573303386663791,0.2794064586654906,29.866416245987686,6,☆,,,,,,,8,2,55.0,,,8.025185683020558,0.21500456668217616,3.4394014331558185,7.494719668074899,7.75818987058195,0.21500456668217616,0.21500456668217616,0.21500456668217616,0.21500456668217616,0.21500456668217616,0.22505543237250555,,,,0.0,,0.0,0.0,2,,11.5,6.0,0.08695652173913043,2.4423470353692043,0.22133347244199458,0.21500456668217616,0.21500456668217616,0.21500456668217616,0.21500456668217616,0.21500456668217616,0.21500456668217616,0.21500456668217616,0.21500456668217616,12.0,0.0691500162722664,0.5,0.5,0.5416666666666666,0.5416666666666666,0.5416666666666666,0.5416666666666666,0.5416666666666666,0.5416666666666666,牝,,未勝利
2026-10-11|東京|2R|c8cdc7693abb4281|morning|NA,2026-10-11T08:41:03+09:00,base-1.12-calibrated,morning,2026-10-11,東京,2R,2歳未勝利,芝,1600,良,6,イントゥーザブルー,石橋脩,清水英,True,automation_pre_race,feature_missing,8,0.052202876457008336,0.22984526723024712,19.200830552378193,0.052202876457008336,0.22984526723024712,19.200830552378193,7,☆,,,,,,,5,2,56.0,,,8.025185683020558,0.21500456668217616,3.4394014331558185,7.494719668074899,7.75818987058195,0.21500456668217616,0.21500456668217616,0.21500456668217616,0.24945855483362867,0.21500456668217616,0.2224760164458657,,,,0.0,,0.0,0.0,2,,16.4,7.0,0.06097560975609757,2.797281334830153,0.22133347244199458,0.2291545189504373,0.24157516092389247,0.2375366568914956,0.2442528735632184,0.24945855483362867,0.21500456668217616,0.21500456668217616,0.21500456668217616,12.0,0.04848934067872339,0.5833333333333334,0.5833333333333334,0.5416666666666666,0.08333333333333333,0.5416666666666666,0.5416666666666666,0.5416666666666666,0.5416666666666666,牡,,未勝利
2026-10-11|東京|2R|c8cdc7693abb4281|morning|NA,2026-10-11T08:41:03+09:00,base-1.12-calibrated,morning,2026-10-11,東京,2R,2歳未勝利,芝,1600,良,3,ウインドピット,◇小林美,尾形,True,automation_pre_race,feature_missing,8,0.04099550514644408,0.19806790006957226,15.979414287274615,0.04099550514644408,0.19806790006957226,15.979414287274615,8,注,,,,,,,3,2,54.0,,,8.025185683020558,0.21500456668217616,3.4394014331558185,7.494719668074899,7.75818987058195,0.21500456668217616,0.21500456668217616,0.21500456668217616,0.21500456668217616,0.21500456668217616,0.22006141248720573,,,,0.0,,0.0,0.0,2,,19.9,8.0,0.05025125628140704,2.990719731730447,0.22133347244199458,0.21500456668217616,0.21500456668217616,0.21500456668217616,0.21500456668217616,0.21500456668217616,0.21500456668217616,0.21500456668217616,0.21500456668217616,12.0,0.039961064679952946,0.6666666666666666,0.6666666666666666,0.5416666666666666,0.5416666666666666,0.5416666666666666,0.5416666666666666,0.5416666666666666,0.5416666666666666,牡,,未勝利
2026-10-11|東京|2R|c8cdc7693abb4281|morning|NA,2026-10-11T08:41:03+09:00,base-1.12-calibrated,morning,2026-10-11,東京,2R,2歳未勝利,芝,1600,良,12,イツマデモマツワ,木幡初,深山,True,automation_pre_race,feature_missing,8,0.014404186817374433,0.1158050537618495,8.164431862414217,0.014404186817374433,0.1158050537618495,8.164431862414217,9,注,,,,,,,8,2,55.0,,,8.025185683020558,0.21500456668217616,3.4394014331558185,7.494719668074899,7.75818987058195,0.21500456668217616,0.21500456668217616,0.21500456668217616,0.21500456668217616,0.21500456668217616,0.22505543237250555,,,,0.0,,0.0,0.0,2,,32.7,9.0,0.030581039755351678,3.487375077903208,0.22133347244199458,0.21500456668217616,0.21500456668217616,0.21500456668217616,0.21500456668217616,0.21500456668217616,0.21500456668217616,0.21500456668217616,0.21500456668217616,12.0,0.024318813062112032,0.75,0.75,0.5416666666666666,0.5416666666666666,0.5416666666666666,0.5416666666666666,0.5416666666666666,0.5416666666666666,牝,,未勝利
2026-10-11|東京|2R|c8cdc7693abb4281|morning|NA,2026-10-11T08:41:03+09:00,base-1.12-calibrated,morning,2026-10-11,東京,2R,2歳未勝利,芝,1600,良,10,ドッグズノーズ,佐々木,浅利,True,automation_pre_race,feature_missing,8,0.012173474372959188,0.11681342836124804,7.706575306606207,0.012173474372959188,0.11681342836124804,7.706575306606207,10,注,,,,,,,7,2,56.0,,,8.025185683020558,0.21500456668217616,3.4394014331558185,7.494719668074899,7.75818987058195,0.21500456668217616,0.21500456668217616,0.21500456668217616,0.21500456668217616,0.21500456668217616,0.2209752321981424,,,,0.0,,0.0,0.0,2,,37.2,10.0,0.026881720430107524,3.616308761279101,0.22133347244199458,0.21500456668217616,0.21500456668217616,0.21500456668217616,0.21500456668217616,0.21500456668217616,0.21500456668217616,0.21500456668217616,0.21500456668217616,12.0,0.02137702115943719,0.8333333333333334,0.8333333333333334,0.5416666666666666,0.5416666666666666,0.5416666666666666,0.5416666666666666,0.5416666666666666,0.5416666666666666,牡,,未勝利
2026-10-11|東京|2R|c8cdc7693abb4281|morning|NA,2026-10-11T08:41:03+09:00,base-1.12-calibrated,morning,2026-10-11,東京,2R,2歳未勝利,芝,1600,良,5,セイウンウェルス,野中,伊藤大,True,automation_pre_race,feature_missing,8,0.004024584584112498,0.0768859617006341,4.9437277761839535,0.004024584584112498,0.0768859617006341,4.9437277761839535,11,×,,,,,,,5,2,56.0,,,8.025185683020558,0.21500456668217616,3.4394014331558185,7.494719668074899,7.75818987058195,0.21500456668217616,0.21500456668217616,0.21500456668217616,0.21500456668217616,0.21500456668217616,0.2224760164458657,,,,0.0,,0.0,0.0,2,,63.7,11.0,0.015698587127158554,4.154184562578117,0.22133347244199458,0.21500456668217616,0.21500456668217616,0.21500456668217616,0.21500456668217616,0.21500456668217616,0.21500456668217616,0.21500456668217616,0.21500456668217616,12.0,0.012483911885887967,0.9166666666666666,0.9166666666666666,0.5416666666666666,0.5416666666666666,0.5416666666666666,0.5416666666666666,0.5416666666666666,0.5416666666666666,牡,,未勝利
2026-10-11|東京|2R|c8cdc7693abb4281|morning|NA,2026-10-11T08:41:03+09:00,base-1.12-calibrated,morning,2026-10-11,東京,2R,2歳未勝利,芝,1600,良,8,コスモデュアリズム,松岡,伊藤伸,True,automation_pre_race,feature_missing,8,0.0018351776598295084,0.062220174179107274,4.102961972931168,0.0018351776598295084,0.062220174179107274,4.102961972931168,12,×,,,,,,,6,2,56.0,,,8.025185683020558,0.21500456668217616,3.4394014331558185,7.494719668074899,7.75818987058195,0.21500456668217616,0.21500456668217616,0.21500456668217616,0.21500456668217616,0.21500456668217616,0.22683566433566432,,,,0.0,,0.0,0.0,2,,86.0,12.0,0.011627906976744186,4.454347296253507,0.22133347244199458,0.21500456668217616,0.21500456668217616,0.21500456668217616,0.21500456668217616,0.21500456668217616,0.21500456668217616,0.21500456668217616,0.21500456668217616,12.0,0.009246804501523995,1.0,1.0,0.5416666666666666,0.5416666666666666,0.5416666666666666,0.5416666666666666,0.5416666666666666,0.5416666666666666,牡,,未勝利
2026-10-11|東京|3R|7dede81322d0fa2e|morning|NA,2026-10-11T08:41:04+09:00,base-1.12-calibrated,morning,2026-10-11,東京,3R,2歳未勝利,芝,2000,良,2,ヴェルバーニア,ルメール,手塚久,True,automation_pre_race,feature_missing,8,0.3923288625869676,0.7574045501179657,86.0851594197709,0.3923288625869676,0.7574045501179657,86.0851594197709,1,◎,,,,,,,2,2,56.0,,,8.025185683020558,0.21500456668217616,3.4394014331558185,7.494719668074899,7.75818987058195,0.21500456668217616,0.21500456668217616,0.21500456668217616,0.5467532467532468,0.21500456668217616,0.24084778420038536,,,,0.0,,0.0,0.0,2,,1.7,1.0,0.5882352941176471,0.5306282510621704,0.22133347244199458,0.597892176732874,0.57177148343735,0.5742411812961444,0.5753715498938429,0.5467532467532468,0.21500456668217616,0.21500456668217616,0.21500456668217616,14.0,0.46446474200513777,0.07142857142857142,0.07142857142857142,0.5357142857142857,0.07142857142857142,0.5357142857142857,0.5357142857142857,0.5357142857142857,0.5357142857142857,牡,,未勝利
2026-10-11|東京|3R|7dede81322d0fa2e|morning|NA,2026-10-11T08:41:04+09:00,base-1.12-calibrated,morning,2026-10-11,東京,3R,2歳未勝利,芝,2000,良,13,ドナズエクリプス,吉村,清水久,True,automation_pre_race,feature_missing,8,0.17431026848513315,0.35208601034217096,39.83145649474619,0.17431026848513315,0.35208601034217096,39.83145649474619,2,○,,,,,,,8,2,56.0,,,8.025185683020558,0.21500456668217616,3.4394014331558185,7.494719668074899,7.75818987058195,0.21500456668217616,0.21500456668217616,0.21500456668217616,0.21500456668217616,0.21500456668217616,0.2456575682382134,,,,0.0,,0.0,0.0,2,,6.3,3.0,0.15873015873015872,1.840549633397487,0.22133347244199458,0.21500456668217616,0.21500456668217616,0.21500456668217616,0.21500456668217616,0.21500456668217616,0.21500456668217616,0.21500456668217616,0.21500456668217616,14.0,0.12533175577916414,0.21428571428571427,0.21428571428571427,0.5357142857142857,0.5,0.5357142857142857,0.5357142857142857,0.5357142857142857,0.5357142857142857,牡,,未勝利
2026-10-11|東京|3R|7dede81322d0fa2e|morning|NA,2026-10-11T08:41:04+09:00,base-1.12-calibrated,morning,2026-10-11,東京,3R,2歳未勝利,芝,2000,良,9,ハナナ,横山武,矢作,True,automation_pre_race,feature_missing,8,0.17199522245451174,0.34623973701289606,39.301749007101186,0.17199522245451174,0.34623973701289606,39.301749007101186,3,▲,,,,,,,6,2,55.0,,,8.025185683020558,0.21500456668217616,3.4394014331558185,7.494719668074899,7.75818987058195,0.21500456668217616,0.21500456668217616,0.21500456668217616,0.21500456668217616,0.21500456668217616,0.24421965317919075,,,,0.0,,0.0,0.0,2,,5.9,2.0,0.1694915254237288,1.7749523509116738,0.22133347244199458,0.21500456668217616,0.21500456668217616,0.21500456668217616,0.21500456668217616,0.21500456668217616,0.21500456668217616,0.21500456668217616,0.21500456668217616,14.0,0.13382882396758206,0.14285714285714285,0.14285714285714285,0.5357142857142857,0.5,0.5357142857142857,0.5357142857142857,0.5357142857142857,0.5357142857142857,牝,,未勝利
2026-10-11|東京|3R|7dede81322d0fa2e|morning|NA,2026-10-11T08:41:04+09:00,base-1.12-calibrated,morning,2026-10-11,東京,3R,2歳未勝利,芝,2000,良,7,モナークスヴァラー,ミシェル,牧,True,automation_pre_race,feature_missing,8,0.09609921127275793,0.2867693073393133,25.24073947233615,0.09609921127275793,0.2867693073393133,25.24073947233615,4,△,,,,,,,5,2,56.0,,,8.025185683020558,0.21500456668217616,3.4394014331558185,7.494719668074899,7.75818987058195,0.21500456668217616,0.21500456668217616,0.21500456668217616,0.16666666666666666,0.21500456668217616,0.2859375,,,,0.0,,0.0,0.0,2,,10.0,4.0,0.1,2.302585092994046,0.22133347244199458,0.0,0.0,0.0,0.0,0.16666666666666666,0.21500456668217616,0.21500456668217616,0.21500456668217616,14.0,0.07895900614087342,0.2857142857142857,0.2857142857142857,0.5357142857142857,1.0,0.5357142857142857,0.5357142857142857,0.5357142857142857,0.5357142857142857,牡,,未勝利
2026-10-11|東京|3R|7dede81322d0fa2e|morning|NA,2026-10-11T08:41:04+09:00,base-1.12-calibrated,morning,2026-10-11,東京,3R,2歳未勝利,芝,2000,良,12,タイセイソアリング,荻野極,池上,True,automation_pre_race,feature_missing,8,0.08685346489499365,0.24170538981724216,22.582330923686076,0.08685346489499365,0.24170538981724216,22.582330923686076,5,△,,,,,,,7,2,56.0,,,8.025185683020558,0.21500456668217616,3.4394014331558185,7.494719668074899,7.75818987058195,0.21500456668217616,0.21500456668217616,0.21500456668217616,0.18305597579425115,0.21500456668217616,0.23228346456692914,,,,0.0,,0.0,0.0,2,,12.8,5.0,0.078125,2.5494451709255714,0.22133347244199458,0.1945288753799392,0.17983767620674926,0.2012288786482335,0.18231144872490504,0.18305597579425115,0.21500456668217616,0.21500456668217616,0.21500456668217616,14.0,0.06168672354755736,0.35714285714285715,0.35714285714285715,0.5357142857142857,0.9285714285714286,0.5357142857142857,0.5357142857142857,0.5357142857142857,0.5357142857142857,牡,,未勝利
2026-10-11|東京|3R|7dede81322d0fa2e|morning|NA,2026-10-11T08:41:04+09:00,base-1.12-calibrated,morning,2026-10-11,東京,3R,2歳未勝利,芝,2000,良,5,ディヴァンパーレ,西村淳,小栗,True,automation_pre_race,feature_missing,8,0.03213439975949554,0.15121352785378842,11.254325544628156,0.03213439975949554,0.15121352785378842,11.254325544628156,6,☆,,,,,,,4,2,55.0,,,8.025185683020558,0.21500456668217616,3.4394014331558185,7.494719668074899,7.75818987058195,0.21500456668217616,0.21500456668217616,0.21500456668217616,0.21500456668217616,0.21500456668217616,0.25,,,,0.0,,0.0,0.0,2,,24.6,6.0,0.04065040650406504,3.202746442938317,0.22133347244199458,0.21500456668217616,0.21500456668217616,0.21500456668217616,0.21500456668217616,0.21500456668217616,0.21500456668217616,0.21500456668217616,0.21500456668217616,14.0,0.032097156967834724,0.42857142857142855,0.42857142857142855,0.5357142857142857,0.5,0.5357142857142857,0.5357142857142857,0.5357142857142857,0.5357142857142857,牝,,未勝利
2026-10-11|東京|3R|7dede81322d0fa2e|morning|NA,2026-10-11T08:41:04+09:00,base-1.12-calibrated,morning,2026-10-11,東京,3R,2歳未勝利,芝,2000,良,6,パッションノーヴァ,武藤,武藤,True,automation_pre_race,feature_missing,8,0.013950155232373815,0.12094179297613829,7.4848150188453255,0.013950155232373815,0.12094179297613829,7.4848150188453255,7,☆,,,,,,,4,2,56.0,,,8.025185683020558,0.21500456668217616,3.4394014331558185,7.494719668074899,7.75818987058195,0.21500456668217616,0.21500456668217616,0.21500456668217616,0.21500456668217616,0.21500456668217616,0.25,,,,0.0,,0.0,0.0,2,,35.0,7.0,0.02857142857142857,3.5553480614894135,0.22133347244199458,0.21500456668217616,0.21500456668217616,0.21500456668217616,0.21500456668217616,0.21500456668217616,0.21500456668217616,0.21500456668217616,0.21500456668217616,14.0,0.022559716040249547,0.5,0.5,0.5357142857142857,0.5,0.5357142857142857,0.5357142857142857,0.5357142857142857,0.5357142857142857,牡,,未勝利
2026-10-11|東京|3R|7dede81322d0fa2e|morning|NA,2026-10-11T08:41:04+09:00,base-1.12-calibrated,morning,2026-10-11,東京,3R,2歳未勝利,芝,2000,良,10,ビップルーチェ,Ｍデムーロ,田島,True,automation_pre_race,feature_missing,8,0.00917024071753491,0.10936339155214711,6.403431489735922,0.00917024071753491,0.10936339155214711,6.403431489735922,8,注,,,,,,,6,2,55.0,,,8.025185683020558,0.21500456668217616,3.4394014331558185,7.494719668074899,7.75818987058195,0.21500456668217616,0.21500456668217616,0.21500456668217616,0.21500456668217616,0.21500456668217616,0.24421965317919075,,,,0.0,,0.0,0.0,2,,42.9,8.0,0.023310023310023312,3.758871825933971,0.22133347244199458,0.21500456668217616,0.21500456668217616,0.21500456668217616,0.21500456668217616,0.21500456668217616,0.21500456668217616,0.21500456668217616,0.21500456668217616,14.0,0.01840536273680033,0.5714285714285714,0.5714285714285714,0.5357142857142857,0.5,0.5357142857142857,0.5357142857142857,0.5357142857142857,0.5357142857142857,牝,,未勝利
2026-10-11|東京|3R|7dede81322d0fa2e|morning|NA,2026-10-11T08:41:04+09:00,base-1.12-calibrated,morning,2026-10-11,東京,3R,2歳未勝利,芝,2000,良,8,マイネルヘルリッヒ,柴田大,清水英,True,automation_pre_race,feature_missing,8,0.008900039162403482,0.09282256066549317,5.945144444275955,0.008900039162403482,0.09282256066549317,5.945144444275955,9,注,,,,,,,5,2,56.0,,,8.025185683020558,0.21500456668217616,3.4394014331558185,7.494719668074899,7.75818987058195,0.21500456668217616,0.21500456668217616,0.21500456668217616,0.21500456668217616,0.21500456668217616,0.2859375,,,,0.0,,0.0,0.0,2,,43.7,9.0,0.02288329519450801,3.7773481021015445,0.22133347244199458,0.21500456668217616,0.21500456668217616,0.21500456668217616,0.21500456668217616,0.21500456668217616,0.21500456668217616,0.21500456668217616,0.21500456668217616,14.0,0.01806842245786577,0.6428571428571429,0.6428571428571429,0.5357142857142857,0.5,0.5357142857142857,0.5357142857142857,0.5357142857142857,0.5357142857142857,牡,,未勝利
2026-10-11|東京|3R|7dede81322d0fa2e|morning|NA,2026-10-11T08:41:04+09:00,base-1.12-calibrated,morning,2026-10-11,東京,3R,2歳未勝利,芝,2000,良,11,テイクユアタイム,原,中川,True,automation_pre_race,feature_missing,8,0.006116477480074134,0.08092144429479665,5.18644345648873,0.006116477480074134,0.08092144429479665,5.18644345648873,10,注,,,,,,,7,2,56.0,,,8.025185683020558,0.21500456668217616,3.4394014331558185,7.494719668074899,7.75818987058195,0.21500456668217616,0.21500456668217616,0.21500456668217616,0.21500456668217616,0.21500456668217616,0.23228346456692914,,,,0.0,,0.0,0.0,2,,58.4,10.0,0.017123287671232876,4.067315889834181,0.22133347244199458,0.21500456668217616,0.21500456668217616,0.21500456668217616,0.21500456668217616,0.21500456668217616,0.21500456668217616,0.21500456668217616,0.21500456668217616,14.0,0.013520377763848188,0.7142857142857143,0.7142857142857143,0.5357142857142857,0.5,0.5357142857142857,0.5357142857142857,0.5357142857142857,0.5357142857142857,牡,,未勝利
2026-10-11|東京|3R|7dede81322d0fa2e|morning|NA,2026-10-11T08:41:04+09:00,base-1.12-calibrated,morning,2026-10-11,東京,3R,2歳未勝利,芝,2000,良,3,マイネルアルディ,丹内,菊川,True,automation_pre_race,feature_missing,8,0.00513992505447645,0.07029811836012931,4.759067705749391,0.00513992505447645,0.07029811836012931,4.759067705749391,11,×,,,,,,,3,2,56.0,,,8.025185683020558,0.21500456668217616,3.4394014331558185,7.494719668074899,7.75818987058195,0.21500456668217616,0.21500456668217616,0.21500456668217616,0.21500456668217616,0.21500456668217616,0.26475849731663686,,,,0.0,,0.0,0.0,2,,61.4,11.0,0.016286644951140065,4.117409835153096,0.22133347244199458,0.21500456668217616,0.21500456668217616,0.21500456668217616,0.21500456668217616,0.21500456668217616,0.21500456668217616,0.21500456668217616,0.21500456668217616,14.0,0.012859772987112935,0.7857142857142857,0.7857142857142857,0.5357142857142857,0.5,0.5357142857142857,0.5357142857142857,0.5357142857142857,0.5357142857142857,牡,,未勝利
2026-10-11|東京|3R|7dede81322d0fa2e|morning|NA,2026-10-11T08:41:04+09:00,base-1.12-calibrated,morning,2026-10-11,東京,3R,2歳未勝利,芝,2000,良,4,ハイランドウインド,原田和,杉浦,True,automation_pre_race,feature_missing,8,0.001832111738718647,0.04366045450399815,3.5450964178609587,0.001832111738718647,0.04366045450399815,3.5450964178609587,12,×,,,,,,,3,2,56.0,,,8.025185683020558,0.21500456668217616,3.4394014331558185,7.494719668074899,7.75818987058195,0.21500456668217616,0.21500456668217616,0.21500456668217616,0.21500456668217616,0.21500456668217616,0.26475849731663686,,,,0.0,,0.0,0.0,2,,107.6,12.0,0.00929368029739777,4.678420647727684,0.22133347244199458,0.21500456668217616,0.21500456668217616,0.21500456668217616,0.21500456668217616,0.21500456668217616,0.21500456668217616,0.21500456668217616,0.21500456668217616,14.0,0.007338197596735448,0.8571428571428571,0.8571428571428571,0.5357142857142857,0.5,0.5357142857142857,0.5357142857142857,0.5357142857142857,0.5357142857142857,牡,,未勝利
2026-10-11|東京|3R|7dede81322d0fa2e|morning|NA,2026-10-11T08:41:04+09:00,base-1.12-calibrated,morning,2026-10-11,東京,3R,2歳未勝利,芝,2000,良,14,マイネルシードル,△石神道,和田郎,True,automation_pre_race,feature_missing,8,0.0006349628316043336,0.025317546485679295,2.8881832780854975,0.0006349628316043336,0.025317546485679295,2.8881832780854975,13,×,,,,,,,8,2,54.0,,,8.025185683020558,0.21500456668217616,3.4394014331558185,7.494719668074899,7.75818987058195,0.21500456668217616,0.21500456668217616,0.21500456668217616,0.21500456668217616,0.21500456668217616,0.2456575682382134,,,,0.0,,0.0,0.0,2,,148.0,14.0,0.006756756756756757,4.997212273764115,0.22133347244199458,0.21500456668217616,0.21500456668217616,0.21500456668217616,0.21500456668217616,0.21500456668217616,0.21500456668217616,0.21500456668217616,0.21500456668217616,14.0,0.005335067982491447,1.0,1.0,0.5357142857142857,0.5,0.5357142857142857,0.5357142857142857,0.5357142857142857,0.5357142857142857,牡,,未勝利
2026-10-11|東京|3R|7dede81322d0fa2e|morning|NA,2026-10-11T08:41:04+09:00,base-1.12-calibrated,morning,2026-10-11,東京,3R,2歳未勝利,芝,2000,良,1,カシノデスティニー,伊藤,和田雄,True,automation_pre_race,feature_missing,8,0.0005346583289546948,0.026472484910872715,2.900438556129336,0.0005346583289546948,0.026472484910872715,2.900438556129336,14,×,,,,,,,1,2,55.0,,,8.025185683020558,0.21500456668217616,3.4394014331558185,7.494719668074899,7.75818987058195,0.21500456668217616,0.21500456668217616,0.21500456668217616,0.21500456668217616,0.21500456668217616,0.3034623217922607,,,,0.0,,0.0,0.0,2,,142.4,13.0,0.007022471910112359,4.958639998977875,0.22133347244199458,0.21500456668217616,0.21500456668217616,0.21500456668217616,0.21500456668217616,0.21500456668217616,0.21500456668217616,0.21500456668217616,0.21500456668217616,14.0,0.005544874026746729,0.9285714285714286,0.9285714285714286,0.5357142857142857,0.5,0.5357142857142857,0.5357142857142857,0.5357142857142857,0.5357142857142857,牝,,未勝利
2026-10-11|東京|4R|d55fc261836b4086|morning|NA,2026-10-11T08:41:05+09:00,base-1.12-calibrated,morning,2026-10-11,東京,4R,2歳新馬,ダート,1600,良,14,ギルデッドグロス,ルメール,黒岩,True,automation_pre_race,feature_missing,8,0.25940739266464496,0.6060774290710368,82.30198139359769,0.25940739266464496,0.6060774290710368,82.30198139359769,1,◎,,,,,,,7,2,56.0,,,8.025185683020558,0.21500456668217616,3.4394014331558185,7.494719668074899,7.75818987058195,0.21500456668217616,0.21500456668217616,0.21500456668217616,0.5467532467532468,0.21500456668217616,0.20669380370872908,,,,0.0,,0.0,0.0,1,,2.5,1.0,0.4,0.9162907318741551,0.20929242414002838,0.597892176732874,0.5087145969498911,0.553587786259542,0.500590318772137,0.5467532467532468,0.21500456668217616,0.21500456668217616,0.21500456668217616,16.0,0.31675117284530446,0.0625,0.0625,0.53125,0.0625,0.53125,0.53125,0.53125,0.53125,牡,,新馬
2026-10-11|東京|4R|d55fc261836b4086|morning|NA,2026-10-11T08:41:05+09:00,base-1.12-calibrated,morning,2026-10-11,東京,4R,2歳新馬,ダート,1600,良,16,ユイノゲリラゴウウ,内田博,深山,True,automation_pre_race,feature_missing,8,0.12478334583214133,0.3247657196546454,41.53629093994425,0.12478334583214133,0.3247657196546454,41.53629093994425,2,○,,,,,,,8,2,56.0,,,8.025185683020558,0.21500456668217616,3.4394014331558185,7.494719668074899,7.75818987058195,0.21500456668217616,0.21500456668217616,0.21500456668217616,0.21500456668217616,0.21500456668217616,0.2494341330918968,,,,0.0,,0.0,0.0,1,,7.0,2.0,0.14285714285714285,1.9459101490553132,0.20929242414002838,0.21500456668217616,0.21500456668217616,0.21500456668217616,0.21500456668217616,0.21500456668217616,0.21500456668217616,0.21500456668217616,0.21500456668217616,16.0,0.113125418873323,0.125,0.125,0.53125,0.5625,0.53125,0.53125,0.53125,0.53125,牡,,新馬
2026-10-11|東京|4R|d55fc261836b4086|morning|NA,2026-10-11T08:41:05+09:00,base-1.12-calibrated,morning,2026-10-11,東京,4R,2歳新馬,ダート,1600,良,13,チャームドール,三浦,小手川,True,automation_pre_race,feature_missing,8,0.08923602884606266,0.26744716085448245,31.196196065301056,0.08923602884606266,0.26744716085448245,31.196196065301056,3,▲,,,,,,,7,2,55.0,,,8.025185683020558,0.21500456668217616,3.4394014331558185,7.494719668074899,7.75818987058195,0.21500456668217616,0.21500456668217616,0.21500456668217616,0.21500456668217616,0.21500456668217616,0.20669380370872908,,,,0.0,,0.0,0.0,1,,11.9,4.0,0.08403361344537814,2.4765384001174837,0.20929242414002838,0.21500456668217616,0.21500456668217616,0.21500456668217616,0.21500456668217616,0.21500456668217616,0.21500456668217616,0.21500456668217616,0.21500456668217616,16.0,0.06654436404313117,0.25,0.25,0.53125,0.5625,0.53125,0.53125,0.53125,0.53125,牝,,新馬
2026-10-11|東京|4R|d55fc261836b4086|morning|NA,2026-10-11T08:41:05+09:00,base-1.12-calibrated,morning,2026-10-11,東京,4R,2歳新馬,ダート,1600,良,7,ロードアマデウス,横山和,嘉藤,True,automation_pre_race,feature_missing,8,0.08710126043659681,0.2956023660266783,31.365164890845747,0.08710126043659681,0.2956023660266783,31.365164890845747,4,△,,,,,,,4,2,56.0,,,8.025185683020558,0.21500456668217616,3.4394014331558185,7.494719668074899,7.75818987058195,0.21500456668217616,0.21500456668217616,0.21500456668217616,0.21500456668217616,0.21500456668217616,0.19161105815061963,,,,0.0,,0.0,0.0,1,,9.7,3.0,0.10309278350515465,2.272125885509337,0.20929242414002838,0.21500456668217616,0.21500456668217616,0.21500456668217616,0.21500456668217616,0.21500456668217616,0.21500456668217616,0.21500456668217616,0.21500456668217616,16.0,0.08163690021786198,0.1875,0.1875,0.53125,0.5625,0.53125,0.53125,0.53125,0.53125,牡,,新馬
2026-10-11|東京|4R|d55fc261836b4086|morning|NA,2026-10-11T08:41:05+09:00,base-1.12-calibrated,morning,2026-10-11,東京,4R,2歳新馬,ダート,1600,良,15,ベアフラッシュ,松岡,千葉,True,automation_pre_race,feature_missing,8,0.08047889381882907,0.24406367484315253,28.41732381418397,0.08047889381882907,0.24406367484315253,28.41732381418397,5,△,,,,,,,8,2,55.0,,,8.025185683020558,0.21500456668217616,3.4394014331558185,7.494719668074899,7.75818987058195,0.21500456668217616,0.21500456668217616,0.21500456668217616,0.21500456668217616,0.21500456668217616,0.2494341330918968,,,,0.0,,0.0,0.0,1,,12.2,5.0,0.0819672131147541,2.501435951739211,0.20929242414002838,0.21500456668217616,0.21500456668217616,0.21500456668217616,0.21500456668217616,0.21500456668217616,0.21500456668217616,0.21500456668217616,0.21500456668217616,16.0,0.06490802722239845,0.3125,0.3125,0.53125,0.5625,0.53125,0.53125,0.53125,0.53125,牝,,新馬
2026-10-11|東京|4R|d55fc261836b4086|morning|NA,2026-10-11T08:41:05+09:00,base-1.12-calibrated,morning,2026-10-11,東京,4R,2歳新馬,ダート,1600,良,11,ヤマトリンカーン,▲佐藤,伊藤圭,True,automation_pre_race,feature_missing,8,0.07949155812556956,0.22269070659171109,27.635601800909313,0.07949155812556956,0.22269070659171109,27.635601800909313,6,☆,,,,,,,6,2,53.0,,,8.025185683020558,0.21500456668217616,3.4394014331558185,7.494719668074899,7.75818987058195,0.21500456668217616,0.21500456668217616,0.21500456668217616,0.21500456668217616,0.21500456668217616,0.2260430994956442,,,,0.0,,0.0,0.0,1,,12.4,6.0,0.08064516129032258,2.517696472610991,0.20929242414002838,0.21500456668217616,0.21500456668217616,0.21500456668217616,0.21500456668217616,0.21500456668217616,0.21500456668217616,0.21500456668217616,0.21500456668217616,16.0,0.06386112355752105,0.375,0.375,0.53125,0.5625,0.53125,0.53125,0.53125,0.53125,牡,,新馬
2026-10-11|東京|4R|d55fc261836b4086|morning|NA,2026-10-11T08:41:05+09:00,base-1.12-calibrated,morning,2026-10-11,東京,4R,2歳新馬,ダート,1600,良,1,メヌフォーコン,佐々木,千葉,True,automation_pre_race,feature_missing,8,0.07472807119998416,0.2117935308368419,26.169580169813543,0.07472807119998416,0.2117935308368419,26.169580169813543,7,☆,,,,,,,1,2,55.0,,,8.025185683020558,0.21500456668217616,3.4394014331558185,7.494719668074899,7.75818987058195,0.21500456668217616,0.21500456668217616,0.21500456668217616,0.21500456668217616,0.21500456668217616,0.1548140043763676,,,,0.0,,0.0,0.0,1,,12.8,7.0,0.078125,2.5494451709255714,0.20929242414002838,0.21500456668217616,0.21500456668217616,0.21500456668217616,0.21500456668217616,0.21500456668217616,0.21500456668217616,0.21500456668217616,0.21500456668217616,16.0,0.06186546344634852,0.4375,0.4375,0.53125,0.5625,0.53125,0.53125,0.53125,0.53125,牝,,新馬
2026-10-11|東京|4R|d55fc261836b4086|morning|NA,2026-10-11T08:41:05+09:00,base-1.12-calibrated,morning,2026-10-11,東京,4R,2歳新馬,ダート,1600,良,8,レヴフィリア,◇小林美,伊藤圭,True,automation_pre_race,feature_missing,8,0.07366792439276765,0.2046091967864424,25.724329649449462,0.07366792439276765,0.2046091967864424,25.724329649449462,8,注,,,,,,,4,2,53.0,,,8.025185683020558,0.21500456668217616,3.4394014331558185,7.494719668074899,7.75818987058195,0.21500456668217616,0.21500456668217616,0.21500456668217616,0.21500456668217616,0.21500456668217616,0.19161105815061963,,,,0.0,,0.0,0.0,1,,12.9,8.0,0.07751937984496124,2.5572273113676265,0.20929242414002838,0.21500456668217616,0.21500456668217616,0.21500456668217616,0.21500456668217616,0.21500456668217616,0.21500456668217616,0.21500456668217616,0.21500456668217616,16.0,0.061385886210330316,0.5,0.5,0.53125,0.5625,0.53125,0.53125,0.53125,0.53125,牝,,新馬
2026-10-11|東京|4R|d55fc261836b4086|morning|NA,2026-10-11T08:41:05+09:00,base-1.12-calibrated,morning,2026-10-11,東京,4R,2歳新馬,ダート,1600,良,9,テールエメール,石橋脩,池上,True,automation_pre_race,feature_missing,8,0.047525410624194554,0.17335241043440933,18.392351128380536,0.047525410624194554,0.17335241043440933,18.392351128380536,9,注,,,,,,,5,2,56.0,,,8.025185683020558,0.21500456668217616,3.4394014331558185,7.494719668074899,7.75818987058195,0.21500456668217616,0.21500456668217616,0.21500456668217616,0.24945855483362867,0.21500456668217616,0.2029934518241347,,,,0.0,,0.0,0.0,1,,18.7,9.0,0.053475935828877004,2.928523523860541,0.20929242414002838,0.2291545189504373,0.25757575757575757,0.2375366568914956,0.2611336032388664,0.24945855483362867,0.21500456668217616,0.21500456668217616,0.21500456668217616,16.0,0.04234641348199257,0.5625,0.5625,0.53125,0.125,0.53125,0.53125,0.53125,0.53125,牡,,新馬
2026-10-11|東京|4R|d55fc261836b4086|morning|NA,2026-10-11T08:41:05+09:00,base-1.12-calibrated,morning,2026-10-11,東京,4R,2歳新馬,ダート,1600,良,6,リオフラウス,原,矢野,True,automation_pre_race,feature_missing,8,0.03670901239120102,0.15669471321595435,15.265631716516845,0.03670901239120102,0.15669471321595435,15.265631716516845,10,注,,,,,,,3,2,55.0,,,8.025185683020558,0.21500456668217616,3.4394014331558185,7.494719668074899,7.75818987058195,0.21500456668217616,0.21500456668217616,0.21500456668217616,0.21500456668217616,0.21500456668217616,0.1814137419673752,,,,0.0,,0.0,0.0,1,,21.3,10.0,0.046948356807511735,3.0587070727153796,0.20929242414002838,0.21500456668217616,0.21500456668217616,0.21500456668217616,0.21500456668217616,0.21500456668217616,0.21500456668217616,0.21500456668217616,0.21500456668217616,16.0,0.03717736770484793,0.625,0.625,0.53125,0.5625,0.53125,0.53125,0.53125,0.53125,牝,,新馬
2026-10-11|東京|4R|d55fc261836b4086|morning|NA,2026-10-11T08:41:05+09:00,base-1.12-calibrated,morning,2026-10-11,東京,4R,2歳新馬,ダート,1600,良,3,フェスティヴガッツ,丹内,清水英,True,automation_pre_race,feature_missing,8,0.018646697814534676,0.12241736259765898,9.882803621590236,0.018646697814534676,0.12241736259765898,9.882803621590236,11,×,,,,,,,2,2,56.0,,,8.025185683020558,0.21500456668217616,3.4394014331558185,7.494719668074899,7.75818987058195,0.21500456668217616,0.21500456668217616,0.21500456668217616,0.21500456668217616,0.21500456668217616,0.18637067630356222,,,,0.0,,0.0,0.0,1,,31.4,11.0,0.03184713375796178,3.4468078929142076,0.20929242414002838,0.21500456668217616,0.21500456668217616,0.21500456668217616,0.21500456668217616,0.21500456668217616,0.21500456668217616,0.21500456668217616,0.21500456668217616,16.0,0.025219042423989205,0.6875,0.6875,0.53125,0.5625,0.53125,0.53125,0.53125,0.53125,牡,,新馬
2026-10-11|東京|4R|d55fc261836b4086|morning|NA,2026-10-11T08:41:05+09:00,base-1.12-calibrated,morning,2026-10-11,東京,4R,2歳新馬,ダート,1600,良,10,マイオーラ,吉田豊,松尾,True,automation_pre_race,feature_missing,8,0.012015202685401835,0.1059679905860485,7.809908182941898,0.012015202685401835,0.1059679905860485,7.809908182941898,12,×,,,,,,,5,2,56.0,,,8.025185683020558,0.21500456668217616,3.4394014331558185,7.494719668074899,7.75818987058195,0.21500456668217616,0.21500456668217616,0.21500456668217616,0.179940325912325,0.21500456668217616,0.2029934518241347,,,,0.0,,0.0,0.0,1,,40.4,12.0,0.024752475247524754,3.698829784967104,0.20929242414002838,0.1841286307053942,0.19297503173931443,0.17319787131107886,0.1874569262577533,0.179940325912325,0.21500456668217616,0.21500456668217616,0.21500456668217616,16.0,0.019600938913694584,0.75,0.75,0.53125,1.0,0.53125,0.53125,0.53125,0.53125,牡,,新馬
2026-10-11|東京|4R|d55fc261836b4086|morning|NA,2026-10-11T08:41:05+09:00,base-1.12-calibrated,morning,2026-10-11,東京,4R,2歳新馬,ダート,1600,良,2,センターサンテ,☆長浜,本間,True,automation_pre_race,feature_missing,8,0.007799543247833581,0.08320774063380253,6.184579442215946,0.007799543247833581,0.08320774063380253,6.184579442215946,13,×,,,,,,,1,2,55.0,,,8.025185683020558,0.21500456668217616,3.4394014331558185,7.494719668074899,7.75818987058195,0.21500456668217616,0.21500456668217616,0.21500456668217616,0.21500456668217616,0.21500456668217616,0.1548140043763676,,,,0.0,,0.0,0.0,1,,46.2,13.0,0.021645021645021644,3.832979798087693,0.20929242414002838,0.21500456668217616,0.21500456668217616,0.21500456668217616,0.21500456668217616,0.21500456668217616,0.21500456668217616,0.21500456668217616,0.21500456668217616,16.0,0.017140214980806517,0.8125,0.8125,0.53125,0.5625,0.53125,0.53125,0.53125,0.53125,牡,,新馬
2026-10-11|東京|4R|d55fc261836b4086|morning|NA,2026-10-11T08:41:05+09:00,base-1.12-calibrated,morning,2026-10-11,東京,4R,2歳新馬,ダート,1600,良,4,トラストフィスティ,△石神道,高木,True,automation_pre_race,feature_missing,8,0.003001156602588387,0.06227665422812344,4.458965183130347,0.003001156602588387,0.06227665422812344,4.458965183130347,14,×,,,,,,,2,2,53.0,,,8.025185683020558,0.21500456668217616,3.4394014331558185,7.494719668074899,7.75818987058195,0.21500456668217616,0.21500456668217616,0.21500456668217616,0.21500456668217616,0.21500456668217616,0.18637067630356222,,,,0.0,,0.0,0.0,1,,66.7,14.0,0.014992503748125937,4.200204952921578,0.20929242414002838,0.21500456668217616,0.21500456668217616,0.21500456668217616,0.21500456668217616,0.21500456668217616,0.21500456668217616,0.21500456668217616,0.21500456668217616,16.0,0.011872232865266282,0.875,0.875,0.53125,0.5625,0.53125,0.53125,0.53125,0.53125,牝,,新馬
2026-10-11|東京|4R|d55fc261836b4086|morning|NA,2026-10-11T08:41:05+09:00,base-1.12-calibrated,morning,2026-10-11,東京,4R,2歳新馬,ダート,1600,良,12,マウンテンジョオー,▲水沼,西田,True,automation_pre_race,feature_missing,8,0.0028479135066622045,0.050167827107112616,4.117846211467861,0.0028479135066622045,0.050167827107112616,4.117846211467861,15,×,,,,,,,6,2,52.0,,,8.025185683020558,0.21500456668217616,3.4394014331558185,7.494719668074899,7.75818987058195,0.21500456668217616,0.21500456668217616,0.21500456668217616,0.21500456668217616,0.21500456668217616,0.2260430994956442,,,,0.0,,0.0,0.0,1,,97.7,16.0,0.010235414534288638,4.581901559048737,0.20929242414002838,0.21500456668217616,0.21500456668217616,0.21500456668217616,0.21500456668217616,0.21500456668217616,0.21500456668217616,0.21500456668217616,0.21500456668217616,16.0,0.008105198895734503,1.0,1.0,0.53125,0.5625,0.53125,0.53125,0.53125,0.53125,牝,,新馬
2026-10-11|東京|4R|d55fc261836b4086|morning|NA,2026-10-11T08:41:05+09:00,base-1.12-calibrated,morning,2026-10-11,東京,4R,2歳新馬,ダート,1600,良,5,オーバーゼア,▲遠藤,伊藤伸,True,automation_pre_race,feature_missing,8,0.0025605878109875736,0.0541297566643256,4.144898930043086,0.0025605878109875736,0.0541297566643256,4.144898930043086,16,×,,,,,,,3,2,53.0,,,8.025185683020558,0.21500456668217616,3.4394014331558185,7.494719668074899,7.75818987058195,0.21500456668217616,0.21500456668217616,0.21500456668217616,0.21500456668217616,0.21500456668217616,0.1814137419673752,,,,0.0,,0.0,0.0,1,,93.6,15.0,0.010683760683760684,4.539030383483547,0.20929242414002838,0.21500456668217616,0.21500456668217616,0.21500456668217616,0.21500456668217616,0.21500456668217616,0.21500456668217616,0.21500456668217616,0.21500456668217616,16.0,0.008460234317449371,0.9375,0.9375,0.53125,0.5625,0.53125,0.53125,0.53125,0.53125,牡,,新馬
2026-10-11|東京|5R|431e3a6a026d0b80|morning|NA,2026-10-11T08:41:06+09:00,base-1.12-calibrated,morning,2026-10-11,東京,5R,2歳新馬,芝,2000,良,5,ラニアケア,西村淳,堀,True,automation_pre_race,feature_missing,8,0.24880332183386128,0.5835060617672949,81.73769721100413,0.24880332183386128,0.5835060617672949,81.73769721100413,1,◎,,,,,,,5,2,56.0,,,8.025185683020558,0.21500456668217616,3.4394014331558185,7.494719668074899,7.75818987058195,0.21500456668217616,0.21500456668217616,0.21500456668217616,0.21500456668217616,0.21500456668217616,0.2859375,,,,0.0,,0.0,0.0,1,,2.9,1.0,0.3448275862068966,1.0647107369924282,0.22133347244199458,0.21500456668217616,0.21500456668217616,0.21500456668217616,0.21500456668217616,0.21500456668217616,0.21500456668217616,0.21500456668217616,0.21500456668217616,11.0,0.27321758095247145,0.09090909090909091,0.09090909090909091,0.5,0.5909090909090909,0.5454545454545454,0.5909090909090909,0.5454545454545454,0.5909090909090909,牡,,新馬
2026-10-11|東京|5R|431e3a6a026d0b80|morning|NA,2026-10-11T08:41:06+09:00,base-1.12-calibrated,morning,2026-10-11,東京,5R,2歳新馬,芝,2000,良,8,ホールノート,ルメール,尾関,True,automation_pre_race,feature_missing,8,0.18540996180415056,0.48804038960062374,62.78950642284625,0.18540996180415056,0.48804038960062374,62.78950642284625,2,○,,,,,,,7,2,55.0,,,8.025185683020558,0.21500456668217616,3.4394014331558185,7.494719668074899,7.75818987058195,0.21500456668217616,0.21500456668217616,0.21500456668217616,0.5467532467532468,0.21500456668217616,0.23228346456692914,,,,0.0,,0.0,0.0,1,,4.1,2.0,0.24390243902439027,1.410986973710262,0.22133347244199458,0.597892176732874,0.57177148343735,0.5742411812961444,0.5753715498938429,0.5467532467532468,0.21500456668217616,0.21500456668217616,0.21500456668217616,11.0,0.19325145969808957,0.18181818181818182,0.18181818181818182,0.5,0.09090909090909091,0.5454545454545454,0.5909090909090909,0.5454545454545454,0.5909090909090909,牝,,新馬
2026-10-11|東京|5R|431e3a6a026d0b80|morning|NA,2026-10-11T08:41:06+09:00,base-1.12-calibrated,morning,2026-10-11,東京,5R,2歳新馬,芝,2000,良,2,アインザッツ,川田,宮田,True,automation_pre_race,ok,3,0.17263372315269604,0.46748039309451556,58.78766170860348,0.17263372315269604,0.46748039309451556,58.78766170860348,3,▲,,,,,,,2,2,56.0,,,5.6,0.2,3.0,5.8,4.4,0.375,0.21500456668217616,0.3684210526315789,0.21500456668217616,0.21500456668217616,0.24084778420038536,8.0,,8.0,-600.0,2979.0,0.0,0.0,1,2.0,6.0,3.0,0.16666666666666666,1.791759469228055,0.375,0.21500456668217616,0.21500456668217616,0.21500456668217616,0.21500456668217616,0.21500456668217616,0.21500456668217616,0.21500456668217616,0.21500456668217616,11.0,0.13205516412702786,0.2727272727272727,0.2727272727272727,1.0,0.5909090909090909,0.5454545454545454,0.09090909090909091,0.5454545454545454,0.09090909090909091,牡,先行,新馬
2026-10-11|東京|5R|431e3a6a026d0b80|morning|NA,2026-10-11T08:41:06+09:00,base-1.12-calibrated,morning,2026-10-11,東京,5R,2歳新馬,芝,2000,良,4,ソルフィーナ,佐々木,上原佑,True,automation_pre_race,feature_missing,8,0.11807332851101891,0.3668093308569675,42.166998735423995,0.11807332851101891,0.3668093308569675,42.166998735423995,4,△,,,,,,,4,2,55.0,,,8.025185683020558,0.21500456668217616,3.4394014331558185,7.494719668074899,7.75818987058195,0.21500456668217616,0.21500456668217616,0.21500456668217616,0.21500456668217616,0.21500456668217616,0.25,,,,0.0,,0.0,0.0,1,,7.4,4.0,0.13513513513513511,2.0014800002101243,0.22133347244199458,0.21500456668217616,0.21500456668217616,0.21500456668217616,0.21500456668217616,0.21500456668217616,0.21500456668217616,0.21500456668217616,0.21500456668217616,11.0,0.10707175469759014,0.36363636363636365,0.36363636363636365,0.5,0.5909090909090909,0.5454545454545454,0.5909090909090909,0.5454545454545454,0.5909090909090909,牝,,新馬
2026-10-11|東京|5R|431e3a6a026d0b80|morning|NA,2026-10-11T08:41:06+09:00,base-1.12-calibrated,morning,2026-10-11,東京,5R,2歳新馬,芝,2000,良,7,ハナコ,横山和,嘉藤,True,automation_pre_race,feature_missing,8,0.09609994906228732,0.31100045923660213,35.03121989109352,0.09609994906228732,0.31100045923660213,35.03121989109352,5,△,,,,,,,6,2,55.0,,,8.025185683020558,0.21500456668217616,3.4394014331558185,7.494719668074899,7.75818987058195,0.21500456668217616,0.21500456668217616,0.21500456668217616,0.21500456668217616,0.21500456668217616,0.24421965317919075,,,,0.0,,0.0,0.0,1,,8.5,5.0,0.11764705882352941,2.1400661634962708,0.22133347244199458,0.21500456668217616,0.21500456668217616,0.21500456668217616,0.21500456668217616,0.21500456668217616,0.21500456668217616,0.21500456668217616,0.21500456668217616,11.0,0.09321540997201967,0.45454545454545453,0.45454545454545453,0.5,0.5909090909090909,0.5454545454545454,0.5909090909090909,0.5454545454545454,0.5909090909090909,牝,,新馬
2026-10-11|東京|5R|431e3a6a026d0b80|morning|NA,2026-10-11T08:41:06+09:00,base-1.12-calibrated,morning,2026-10-11,東京,5R,2歳新馬,芝,2000,良,9,グロリアススマイル,戸崎圭,小笠,True,automation_pre_race,feature_missing,8,0.08827518545208546,0.30936043278357206,32.945995579881185,0.08827518545208546,0.30936043278357206,32.945995579881185,6,☆,,,,,,,7,2,56.0,,,8.025185683020558,0.21500456668217616,3.4394014331558185,7.494719668074899,7.75818987058195,0.21500456668217616,0.21500456668217616,0.21500456668217616,0.21500456668217616,0.21500456668217616,0.23228346456692914,,,,0.0,,0.0,0.0,1,,10.0,6.0,0.1,2.302585092994046,0.22133347244199458,0.21500456668217616,0.21500456668217616,0.21500456668217616,0.21500456668217616,0.21500456668217616,0.21500456668217616,0.21500456668217616,0.21500456668217616,11.0,0.07923309847621672,0.5454545454545454,0.5454545454545454,0.5,0.5909090909090909,0.5454545454545454,0.5909090909090909,0.5454545454545454,0.5909090909090909,牡,,新馬
2026-10-11|東京|5R|431e3a6a026d0b80|morning|NA,2026-10-11T08:41:06+09:00,base-1.12-calibrated,morning,2026-10-11,東京,5R,2歳新馬,芝,2000,良,11,ハントクス,大野,辻,True,automation_pre_race,feature_missing,8,0.041481523184843445,0.19053441267372084,17.75047595178716,0.041481523184843445,0.19053441267372084,17.75047595178716,7,☆,,,,,,,8,2,55.0,,,8.025185683020558,0.21500456668217616,3.4394014331558185,7.494719668074899,7.75818987058195,0.21500456668217616,0.21500456668217616,0.21500456668217616,0.21500456668217616,0.21500456668217616,0.2456575682382134,,,,0.0,,0.0,0.0,1,,21.9,7.0,0.04566210045662101,3.086486636822455,0.22133347244199458,0.21500456668217616,0.21500456668217616,0.21500456668217616,0.21500456668217616,0.21500456668217616,0.21500456668217616,0.21500456668217616,0.21500456668217616,11.0,0.03617949702110353,0.6363636363636364,0.6363636363636364,0.5,0.5909090909090909,0.5454545454545454,0.5909090909090909,0.5454545454545454,0.5909090909090909,牝,,新馬
2026-10-11|東京|5R|431e3a6a026d0b80|morning|NA,2026-10-11T08:41:06+09:00,base-1.12-calibrated,morning,2026-10-11,東京,5R,2歳新馬,芝,2000,良,3,マイネルユンフェン,丹内,伊藤大,True,automation_pre_race,feature_missing,8,0.025710024341002224,0.16695919294344772,13.040783007339574,0.025710024341002224,0.16695919294344772,13.040783007339574,8,注,,,,,,,3,2,56.0,,,8.025185683020558,0.21500456668217616,3.4394014331558185,7.494719668074899,7.75818987058195,0.21500456668217616,0.21500456668217616,0.21500456668217616,0.21500456668217616,0.21500456668217616,0.26475849731663686,,,,0.0,,0.0,0.0,1,,25.0,8.0,0.04,3.2188758248682006,0.22133347244199458,0.21500456668217616,0.21500456668217616,0.21500456668217616,0.21500456668217616,0.21500456668217616,0.21500456668217616,0.21500456668217616,0.21500456668217616,11.0,0.03169323939048669,0.7272727272727273,0.7272727272727273,0.5,0.5909090909090909,0.5454545454545454,0.5909090909090909,0.5454545454545454,0.5909090909090909,牡,,新馬
2026-10-11|東京|5R|431e3a6a026d0b80|morning|NA,2026-10-11T08:41:06+09:00,base-1.12-calibrated,morning,2026-10-11,東京,5R,2歳新馬,芝,2000,良,6,カンキチ,菊沢,菊沢,True,automation_pre_race,feature_missing,8,0.010237230053370043,0.12073701499130607,7.842952831334647,0.010237230053370043,0.12073701499130607,7.842952831334647,9,注,,,,,,,6,2,56.0,,,8.025185683020558,0.21500456668217616,3.4394014331558185,7.494719668074899,7.75818987058195,0.21500456668217616,0.21500456668217616,0.21500456668217616,0.21500456668217616,0.21500456668217616,0.24421965317919075,,,,0.0,,0.0,0.0,1,,37.8,9.0,0.026455026455026457,3.632309102625542,0.22133347244199458,0.21500456668217616,0.21500456668217616,0.21500456668217616,0.21500456668217616,0.21500456668217616,0.21500456668217616,0.21500456668217616,0.21500456668217616,11.0,0.020961137163020296,0.8181818181818182,0.8181818181818182,0.5,0.5909090909090909,0.5454545454545454,0.5909090909090909,0.5454545454545454,0.5909090909090909,牡,,新馬
2026-10-11|東京|5R|431e3a6a026d0b80|morning|NA,2026-10-11T08:41:06+09:00,base-1.12-calibrated,morning,2026-10-11,東京,5R,2歳新馬,芝,2000,良,10,ユウミンジザイ,原,小手川,True,automation_pre_race,feature_missing,8,0.007288339502053101,0.08935999240675098,6.28812804366058,0.007288339502053101,0.08935999240675098,6.28812804366058,10,注,,,,,,,8,2,55.0,,,8.025185683020558,0.21500456668217616,3.4394014331558185,7.494719668074899,7.75818987058195,0.21500456668217616,0.21500456668217616,0.21500456668217616,0.21500456668217616,0.21500456668217616,0.2456575682382134,,,,0.0,,0.0,0.0,1,,48.4,11.0,0.02066115702479339,3.879499813722586,0.22133347244199458,0.21500456668217616,0.21500456668217616,0.21500456668217616,0.21500456668217616,0.21500456668217616,0.21500456668217616,0.21500456668217616,0.21500456668217616,11.0,0.016370474891780312,1.0,1.0,0.5,0.5909090909090909,0.5454545454545454,0.5909090909090909,0.5454545454545454,0.5909090909090909,牝,,新馬
2026-10-11|東京|5R|431e3a6a026d0b80|morning|NA,2026-10-11T08:41:06+09:00,base-1.12-calibrated,morning,2026-10-11,東京,5R,2歳新馬,芝,2000,良,1,アースグレイジング,木幡巧,杉浦,True,automation_pre_race,feature_missing,8,0.00598741310263161,0.09404710401133574,6.065438120839831,0.00598741310263161,0.09404710401133574,6.065438120839831,11,×,,,,,,,1,2,56.0,,,8.025185683020558,0.21500456668217616,3.4394014331558185,7.494719668074899,7.75818987058195,0.21500456668217616,0.21500456668217616,0.21500456668217616,0.21500456668217616,0.21500456668217616,0.3034623217922607,,,,0.0,,0.0,0.0,1,,47.3,10.0,0.021141649048625793,3.856510295497887,0.22133347244199458,0.21500456668217616,0.21500456668217616,0.21500456668217616,0.21500456668217616,0.21500456668217616,0.21500456668217616,0.21500456668217616,0.21500456668217616,11.0,0.016751183610193808,0.9090909090909091,0.9090909090909091,0.5,0.5909090909090909,0.5454545454545454,0.5909090909090909,0.5454545454545454,0.5909090909090909,牡,,新馬
2026-10-11|東京|6R|e7650194d1935991|morning|NA,2026-10-11T08:41:07+09:00,base-1.12-calibrated,morning,2026-10-11,東京,6R,3歳以上1勝クラス,ダート,1400,良,13,テンハートビート,ミシェル,西田,True,automation_pre_race,ok,3,0.1424402685808301,0.3033670093383124,72.58417523345781,0.1424402685808301,0.3033670093383124,72.58417523345781,1,◎,,,,,,,7,3,54.0,,,9.5,0.0,3.4394014331558185,13.0,9.5,0.21500456668217616,0.0,0.21500456668217616,0.16666666666666666,0.21500456668217616,0.20033741037536903,11.0,,14.0,-200.0,301.0,0.0,1.0,3,2.0,7.1,3.0,0.14084507042253522,1.9600947840472698,0.20929242414002838,0.0,1.0,0.0,0.16666666666666666,0.16666666666666666,0.21500456668217616,0.21500456668217616,0.21500456668217616,16.0,0.11197070721123548,0.1875,0.1875,0.90625,1.0,0.5625,0.5,0.875,0.5625,牝,先行,1勝クラス
2026-10-11|東京|6R|e7650194d1935991|morning|NA,2026-10-11T08:41:07+09:00,base-1.12-calibrated,morning,2026-10-11,東京,6R,3歳以上1勝クラス,ダート,1400,良,7,プリプリプリン,▲佐藤,伊藤圭,True,automation_pre_race,feature_missing,8,0.1331685744176162,0.3523377394461981,71.72752183865356,0.1331685744176162,0.3523377394461981,71.72752183865356,2,○,,,,,,,4,3,51.0,,,8.025185683020558,0.21500456668217616,3.4394014331558185,7.494719668074899,7.75818987058195,0.21500456668217616,0.21500456668217616,0.21500456668217616,0.21500456668217616,0.21500456668217616,0.19932001699957502,,,,0.0,,0.0,0.0,3,,4.9,1.0,0.2040816326530612,1.589235205116581,0.20929242414002838,0.21500456668217616,0.21500456668217616,0.21500456668217616,0.21500456668217616,0.21500456668217616,0.21500456668217616,0.21500456668217616,0.21500456668217616,16.0,0.16224326963260646,0.0625,0.0625,0.53125,0.46875,0.5625,0.5,0.4375,0.5625,牝,,1勝クラス
2026-10-11|東京|6R|e7650194d1935991|morning|NA,2026-10-11T08:41:07+09:00,base-1.12-calibrated,morning,2026-10-11,東京,6R,3歳以上1勝クラス,ダート,1400,良,10,ペンテリコン,浜中,武幸,True,automation_pre_race,ok,3,0.10537278504530909,0.30706517216484996,63.761564106517966,0.10537278504530909,0.30706517216484996,63.761564106517966,3,▲,,,,,,,5,4,56.0,,,3.0,0.8,3.4394014331558185,4.0,2.2,0.6666666666666666,0.0,0.6,0.21500456668217616,0.21500456668217616,0.1895093062605753,2.0,,2.0,200.0,298.0,0.0,0.0,3,3.0,5.4,2.0,0.18518518518518517,1.6863989535702288,0.5555555555555556,0.21500456668217616,0.21500456668217616,0.21500456668217616,0.21500456668217616,0.21500456668217616,0.21500456668217616,0.21500456668217616,0.21500456668217616,16.0,0.1472207446666244,0.125,0.125,0.125,0.46875,0.5625,0.09375,0.875,0.125,牝,差し,1勝クラス
2026-10-11|東京|6R|e7650194d1935991|morning|NA,2026-10-11T08:41:07+09:00,base-1.12-calibrated,morning,2026-10-11,東京,6R,3歳以上1勝クラス,ダート,1400,良,11,ティピティーナ,伊藤,林,True,automation_pre_race,ok,3,0.08334639657182367,0.18170809155286097,48.57629932668642,0.08334639657182367,0.18170809155286097,48.57629932668642,4,△,,,,,,,6,4,56.0,,,4.2,0.6,3.4394014331558185,5.8,2.4,0.21500456668217616,0.21500456668217616,0.21500456668217616,0.21500456668217616,0.21500456668217616,0.19712959054453355,10.0,,10.0,200.0,360.0,0.0,0.0,3,1.0,24.2,11.0,0.04132231404958678,3.186352633162641,0.20929242414002838,0.21500456668217616,0.21500456668217616,0.21500456668217616,0.21500456668217616,0.21500456668217616,0.21500456668217616,0.21500456668217616,0.21500456668217616,16.0,0.03285090996693272,0.6875,0.6875,0.1875,0.46875,0.5625,0.5,0.4375,0.5625,牝,逃げ,1勝クラス
2026-10-11|東京|6R|e7650194d1935991|morning|NA,2026-10-11T08:41:07+09:00,base-1.12-calibrated,morning,2026-10-11,東京,6R,3歳以上1勝クラス,ダート,1400,良,5,ベルメサイア,丹内,西村,True,automation_pre_race,ok,2,0.08084271989883908,0.20956990981444393,44.130337924980005,0.08084271989883908,0.20956990981444393,44.130337924980005,5,△,,,,,,,3,5,56.0,,,8.0,0.2,1.0,7.2,8.4,0.0,1.0,0.3333333333333333,0.21500456668217616,0.21500456668217616,0.18768833405079638,7.0,1.0,4.0,-300.0,342.0,0.0,0.0,3,2.0,16.5,8.0,0.06060606060606061,2.803360380906535,0.25,0.21500456668217616,0.21500456668217616,0.21500456668217616,0.21500456668217616,0.21500456668217616,0.21500456668217616,0.21500456668217616,0.21500456668217616,16.0,0.04818133461816799,0.5,0.5,0.6875,0.46875,0.5625,0.9375,0.0625,0.34375,牝,先行,1勝クラス
2026-10-11|東京|6R|e7650194d1935991|morning|NA,2026-10-11T08:41:07+09:00,base-1.12-calibrated,morning,2026-10-11,東京,6R,3歳以上1勝クラス,ダート,1400,良,12,ラエトゥス,横山和,斎藤誠,True,automation_pre_race,ok,3,0.07835371504171816,0.16177004039603787,43.132862878261605,0.07835371504171816,0.16177004039603787,43.132862878261605,6,☆,,,,,,,6,3,54.0,,,4.333333333333333,0.3333333333333333,2.0,4.333333333333333,4.333333333333333,0.21500456668217616,0.0,0.0,0.21500456668217616,0.257360959651036,0.19712959054453355,6.0,,6.0,-200.0,418.0,0.0,0.0,3,3.0,12.8,7.0,0.078125,2.5494451709255714,0.0,0.21500456668217616,0.21500456668217616,0.21500456668217616,0.21500456668217616,0.21500456668217616,0.27382146439317956,0.2702857142857143,0.27233676975945015,16.0,0.06210875165623217,0.4375,0.4375,0.34375,0.46875,0.0625,0.5,0.875,0.9375,牝,差し,1勝クラス
2026-10-11|東京|6R|e7650194d1935991|morning|NA,2026-10-11T08:41:07+09:00,base-1.12-calibrated,morning,2026-10-11,東京,6R,3歳以上1勝クラス,ダート,1400,良,16,ノアスペシャル,木幡巧,鈴木慎,True,automation_pre_race,ok,3,0.07652018939475708,0.2061572462309229,40.072513942892286,0.07652018939475708,0.2061572462309229,40.072513942892286,7,☆,,,,,,,8,5,56.0,,,7.8,0.0,2.0,7.8,11.4,0.14285714285714285,0.1111111111111111,0.07692307692307693,0.21500456668217616,0.21500456668217616,0.19756200084068937,11.0,,10.0,0.0,325.0,0.0,0.0,3,3.0,8.2,4.0,0.12195121951219513,2.1041341542702074,0.125,0.21500456668217616,0.21500456668217616,0.21500456668217616,0.21500456668217616,0.21500456668217616,0.21500456668217616,0.21500456668217616,0.21500456668217616,16.0,0.09695024648777706,0.25,0.25,0.90625,0.46875,0.5625,0.8125,0.6875,0.8125,牝,差し,1勝クラス
2026-10-11|東京|6R|e7650194d1935991|morning|NA,2026-10-11T08:41:07+09:00,base-1.12-calibrated,morning,2026-10-11,東京,6R,3歳以上1勝クラス,ダート,1400,良,6,ブルームコード,西村淳,小島,True,automation_pre_race,feature_missing,8,0.07377199734737463,0.25457343525308335,42.178877377558535,0.07377199734737463,0.25457343525308335,42.178877377558535,8,注,,,,,,,3,3,54.0,,,8.025185683020558,0.21500456668217616,3.4394014331558185,7.494719668074899,7.75818987058195,0.21500456668217616,0.21500456668217616,0.21500456668217616,0.21500456668217616,0.21500456668217616,0.18768833405079638,,,,0.0,,0.0,0.0,3,,9.6,5.0,0.10416666666666667,2.2617630984737906,0.20929242414002838,0.21500456668217616,0.21500456668217616,0.21500456668217616,0.21500456668217616,0.21500456668217616,0.21500456668217616,0.21500456668217616,0.21500456668217616,16.0,0.08281166887497624,0.3125,0.3125,0.53125,0.46875,0.5625,0.5,0.4375,0.5625,牝,,1勝クラス
2026-10-11|東京|6R|e7650194d1935991|morning|NA,2026-10-11T08:41:07+09:00,base-1.12-calibrated,morning,2026-10-11,東京,6R,3歳以上1勝クラス,ダート,1400,良,8,フュルスティン,戸崎圭,加藤士,True,automation_pre_race,ok,2,0.06982661802901337,0.1600905937616941,39.199692629783236,0.06982661802901337,0.1600905937616941,39.199692629783236,9,注,,,,,,,4,3,54.0,,,8.333333333333334,0.3333333333333333,1.0,8.0,4.0,0.21500456668217616,0.21500456668217616,0.5,0.21500456668217616,0.21500456668217616,0.19932001699957502,2.0,1.0,1.0,200.0,284.0,0.0,1.0,3,3.0,9.7,6.0,0.10309278350515465,2.272125885509337,0.0,0.21500456668217616,0.21500456668217616,0.21500456668217616,0.21500456668217616,0.21500456668217616,0.21500456668217616,0.21500456668217616,0.21500456668217616,16.0,0.08195794032987339,0.375,0.375,0.34375,0.46875,0.5625,0.5,0.4375,0.1875,牝,差し,1勝クラス
2026-10-11|東京|6R|e7650194d1935991|morning|NA,2026-10-11T08:41:07+09:00,base-1.12-calibrated,morning,2026-10-11,東京,6R,3歳以上1勝クラス,ダート,1400,良,9,スタートレイン,原,黒岩,True,automation_pre_race,ok,3,0.05491305253389316,0.12873995291336265,30.27706161736832,0.05491305253389316,0.12873995291336265,30.27706161736832,10,注,,,,,,,5,3,54.0,,,6.2,0.2,3.4394014331558185,6.0,6.8,0.21500456668217616,0.0,0.21500456668217616,0.21500456668217616,0.21500456668217616,0.1895093062605753,4.0,,4.0,-200.0,346.0,0.0,0.0,3,2.0,23.5,10.0,0.0425531914893617,3.1570004211501135,0.20929242414002838,0.21500456668217616,0.21500456668217616,0.21500456668217616,0.21500456668217616,0.21500456668217616,0.21500456668217616,0.21500456668217616,0.21500456668217616,16.0,0.03382944771062859,0.625,0.625,0.6875,0.46875,0.5625,0.5,0.875,0.5625,牝,先行,1勝クラス
2026-10-11|東京|6R|e7650194d1935991|morning|NA,2026-10-11T08:41:07+09:00,base-1.12-calibrated,morning,2026-10-11,東京,6R,3歳以上1勝クラス,ダート,1400,良,4,ミュークチェルシー,吉田豊,稲垣,True,automation_pre_race,ok,2,0.0395921258925417,0.1571906008051641,25.996904380757606,0.0395921258925417,0.1571906008051641,25.996904380757606,11,×,,,,,,,2,4,56.0,,,5.2,0.4,1.0,9.4,3.8,0.6666666666666666,0.5,0.4444444444444444,0.179940325912325,0.21500456668217616,0.19001325673884226,2.0,1.0,9.0,0.0,318.0,0.0,1.0,3,1.0,30.8,12.0,0.032467532467532464,3.427514689979529,0.3333333333333333,0.1841286307053942,0.19297503173931443,0.18339100346020762,0.1874569262577533,0.179940325912325,0.21500456668217616,0.21500456668217616,0.21500456668217616,16.0,0.025811429259732847,0.75,0.75,0.25,0.9375,0.5625,0.09375,0.15625,0.25,牝,逃げ,1勝クラス
2026-10-11|東京|6R|e7650194d1935991|morning|NA,2026-10-11T08:41:07+09:00,base-1.12-calibrated,morning,2026-10-11,東京,6R,3歳以上1勝クラス,ダート,1400,良,15,カーボフリオ,◇小林美,高木,True,automation_pre_race,ok,3,0.03797422793978121,0.09752496767824348,19.766965541936322,0.03797422793978121,0.09752496767824348,19.766965541936322,12,×,,,,,,,8,3,52.0,,,5.5,0.0,3.4394014331558185,5.5,6.0,0.0,0.21500456668217616,0.0,0.21500456668217616,0.21500456668217616,0.19756200084068937,7.0,,9.0,0.0,301.0,0.0,1.0,3,3.0,18.8,9.0,0.05319148936170213,2.9338568698359038,0.0,0.21500456668217616,0.21500456668217616,0.21500456668217616,0.21500456668217616,0.21500456668217616,0.21500456668217616,0.21500456668217616,0.21500456668217616,16.0,0.04228680963828573,0.5625,0.5625,0.90625,0.46875,0.5625,0.9375,0.4375,0.9375,牝,差し,1勝クラス
2026-10-11|東京|6R|e7650194d1935991|morning|NA,2026-10-11T08:41:07+09:00,base-1.12-calibrated,morning,2026-10-11,東京,6R,3歳以上1勝クラス,ダート,1400,良,2,グラスハーティー,▲上里,松山,True,automation_pre_race,ok,3,0.011926451771092023,0.05665040143720945,6.8586772178458295,0.011926451771092023,0.05665040143720945,6.8586772178458295,13,×,,,,,,,1,3,51.0,,,6.666666666666667,0.0,2.0,4.0,5.666666666666667,0.21500456668217616,0.0,0.0,0.21500456668217616,0.21500456668217616,0.17566954153427145,9.0,,6.0,-400.0,287.0,0.0,1.0,3,3.0,37.7,13.0,0.02652519893899204,3.629660094453965,0.0,0.21500456668217616,0.21500456668217616,0.21500456668217616,0.21500456668217616,0.21500456668217616,0.21500456668217616,0.21500456668217616,0.21500456668217616,16.0,0.021087321517235323,0.8125,0.8125,0.90625,0.46875,0.5625,0.5,0.875,0.9375,牝,差し,1勝クラス
2026-10-11|東京|6R|e7650194d1935991|morning|NA,2026-10-11T08:41:07+09:00,base-1.12-calibrated,morning,2026-10-11,東京,6R,3歳以上1勝クラス,ダート,1400,良,14,エスシーレイジュ,大野,松山,True,automation_pre_race,ok,3,0.006706610574279951,0.055378484571056104,6.944900652278887,0.006706610574279951,0.055378484571056104,6.944900652278887,14,×,,,,,,,7,3,54.0,,,6.5,0.25,3.4394014331558185,5.75,10.0,0.3333333333333333,0.5,0.3333333333333333,0.21500456668217616,0.21500456668217616,0.20033741037536903,1.0,,1.0,0.0,404.0,0.0,1.0,3,3.0,41.1,15.0,0.024330900243309,3.716008121502189,0.0,0.21500456668217616,0.21500456668217616,0.21500456668217616,0.21500456668217616,0.21500456668217616,0.21500456668217616,0.21500456668217616,0.21500456668217616,16.0,0.019342871562038243,0.9375,0.9375,0.4375,0.46875,0.5625,0.1875,0.15625,0.34375,牝,差し,1勝クラス
2026-10-11|東京|6R|e7650194d1935991|morning|NA,2026-10-11T08:41:07+09:00,base-1.12-calibrated,morning,2026-10-11,東京,6R,3歳以上1勝クラス,ダート,1400,良,3,パッションディーバ,武藤,武藤,True,automation_pre_race,ok,3,0.004492876943954295,0.05870820410702866,5.517946963819836,0.004492876943954295,0.05870820410702866,5.517946963819836,15,×,,,,,,,2,4,56.0,,,6.0,0.2,2.0,8.2,7.0,0.0,0.21500456668217616,0.2,0.21500456668217616,0.21500456668217616,0.19001325673884226,5.0,,4.0,200.0,394.0,0.0,1.0,3,3.0,40.0,14.0,0.025,3.6888794541139363,0.3333333333333333,0.21500456668217616,0.21500456668217616,0.21500456668217616,0.21500456668217616,0.21500456668217616,0.21500456668217616,0.21500456668217616,0.21500456668217616,16.0,0.019874800529994296,0.875,0.875,0.6875,0.46875,0.5625,0.9375,0.4375,0.75,牝,差し,1勝クラス
2026-10-11|東京|6R|e7650194d1935991|morning|NA,2026-10-11T08:41:07+09:00,base-1.12-calibrated,morning,2026-10-11,東京,6R,3歳以上1勝クラス,ダート,1400,良,1,ドルンレースツェン,☆長浜,矢嶋,True,automation_pre_race,ok,3,0.0007513900171762626,0.01933791184975014,10.826330827868633,0.0007513900171762626,0.01933791184975014,10.826330827868633,16,×,,,,,,,1,4,55.0,,,1.0,1.0,3.4394014331558185,7.0,9.0,0.21500456668217616,0.21500456668217616,1.0,0.21500456668217616,0.21500456668217616,0.17566954153427145,1.0,,7.0,200.0,650.0,0.0,2.0,3,3.0,69.3,16.0,0.01443001443001443,4.238444906195857,1.0,0.21500456668217616,0.21500456668217616,0.21500456668217616,0.21500456668217616,0.21500456668217616,0.21500456668217616,0.21500456668217616,0.21500456668217616,16.0,0.011471746337659045,1.0,1.0,0.0625,0.46875,0.5625,0.5,0.4375,0.0625,牝,差し,1勝クラス
2026-10-11|東京|7R|466f2ccef0cf2084|morning|NA,2026-10-11T08:41:08+09:00,base-1.12-calibrated,morning,2026-10-11,東京,7R,3歳以上1勝クラス,ダート,1600,良,15,アクアマーズ,荻野極,浅利,True,automation_pre_race,ok,3,0.19997619522669827,0.5163395478667876,84.57515536333635,0.19997619522669827,0.5163395478667876,84.57515536333635,1,◎,,,,,,,8,3,56.0,,,3.6666666666666665,0.6666666666666666,3.4394014331558185,3.3333333333333335,1.3333333333333333,0.0,1.0,0.21500456668217616,0.18305597579425115,0.21500456668217616,0.2494341330918968,6.0,,6.0,0.0,301.0,0.0,1.0,3,3.0,2.9,1.0,0.3448275862068966,1.0647107369924282,0.20929242414002838,0.1945288753799392,0.18571428571428572,0.176657824933687,0.19555873925501432,0.18305597579425115,0.21500456668217616,0.21500456668217616,0.21500456668217616,16.0,0.2730069919138507,0.0625,0.0625,0.125,1.0,0.5625,0.8125,0.09375,0.375,牡,差し,1勝クラス
2026-10-11|東京|7R|466f2ccef0cf2084|morning|NA,2026-10-11T08:41:08+09:00,base-1.12-calibrated,morning,2026-10-11,東京,7R,3歳以上1勝クラス,ダート,1600,良,2,サマーマッドネス,川田,森秀,True,automation_pre_race,ok,3,0.1831158239648457,0.45110813053653986,78.79743032003617,0.1831158239648457,0.45110813053653986,78.79743032003617,2,○,,,,,,,1,3,56.0,,,2.8,0.8,5.0,4.2,1.8,0.21500456668217616,0.21500456668217616,0.8,0.21500456668217616,0.21500456668217616,0.1548140043763676,2.0,,1.0,200.0,346.0,0.0,1.0,3,2.0,4.3,2.0,0.23255813953488372,1.4586150226995167,1.0,0.21500456668217616,0.21500456668217616,0.21500456668217616,0.21500456668217616,0.21500456668217616,0.21500456668217616,0.21500456668217616,0.21500456668217616,16.0,0.18412099454655045,0.125,0.125,0.0625,0.5,0.5625,0.375,0.5,0.0625,牡,先行,1勝クラス
2026-10-11|東京|7R|466f2ccef0cf2084|morning|NA,2026-10-11T08:41:08+09:00,base-1.12-calibrated,morning,2026-10-11,東京,7R,3歳以上1勝クラス,ダート,1600,良,9,ブルーミーティア,◇小林美,鈴木伸,True,automation_pre_race,ok,3,0.156062404546061,0.4106599028364763,64.99281669101717,0.156062404546061,0.4106599028364763,64.99281669101717,3,▲,,,,,,,5,3,54.0,,,4.6,0.4,3.0,5.8,4.4,0.21500456668217616,0.5,0.4,0.21500456668217616,0.21500456668217616,0.2029934518241347,7.0,,3.0,200.0,291.0,0.0,1.0,3,1.0,10.2,4.0,0.09803921568627452,2.322387720290225,0.6666666666666666,0.21500456668217616,0.21500456668217616,0.21500456668217616,0.21500456668217616,0.21500456668217616,0.21500456668217616,0.21500456668217616,0.21500456668217616,16.0,0.07761963495589874,0.25,0.25,0.28125,0.5,0.5625,0.375,0.21875,0.25,牡,逃げ,1勝クラス
2026-10-11|東京|7R|466f2ccef0cf2084|morning|NA,2026-10-11T08:41:08+09:00,base-1.12-calibrated,morning,2026-10-11,東京,7R,3歳以上1勝クラス,ダート,1600,良,4,アンシュウマト,三浦,中川,True,automation_pre_race,ok,3,0.12159403365931268,0.3682863203618919,48.729923100640235,0.12159403365931268,0.3682863203618919,48.729923100640235,4,△,,,,,,,2,3,56.0,,,6.0,0.0,3.4394014331558185,1.0,12.0,0.0,0.0,0.0,0.21500456668217616,0.21500456668217616,0.18637067630356222,6.0,,1.0,0.0,336.0,0.0,2.0,3,3.0,6.8,3.0,0.14705882352941177,1.916922612182061,0.0,0.21500456668217616,0.21500456668217616,0.21500456668217616,0.21500456668217616,0.21500456668217616,0.21500456668217616,0.21500456668217616,0.21500456668217616,16.0,0.1164294524338481,0.1875,0.1875,0.84375,0.5,0.5625,0.8125,0.8125,0.875,牡,差し,1勝クラス
2026-10-11|東京|7R|466f2ccef0cf2084|morning|NA,2026-10-11T08:41:08+09:00,base-1.12-calibrated,morning,2026-10-11,東京,7R,3歳以上1勝クラス,ダート,1600,良,3,ヴァンデスペランス,吉村,中舘,True,automation_pre_race,ok,3,0.1135373239923504,0.3167030914594585,44.821600043478604,0.1135373239923504,0.3167030914594585,44.821600043478604,5,△,,,,,,,2,3,56.0,,,4.0,0.0,3.4394014331558185,4.5,2.5,0.21500456668217616,0.0,0.0,0.21500456668217616,0.21500456668217616,0.18637067630356222,4.0,,4.0,-200.0,287.0,0.0,1.0,3,2.0,10.4,5.0,0.09615384615384615,2.341805806147327,0.0,0.21500456668217616,0.21500456668217616,0.21500456668217616,0.21500456668217616,0.21500456668217616,0.21500456668217616,0.21500456668217616,0.21500456668217616,16.0,0.07612694966828529,0.3125,0.3125,0.84375,0.5,0.5625,0.375,0.8125,0.875,牡,先行,1勝クラス
2026-10-11|東京|7R|466f2ccef0cf2084|morning|NA,2026-10-11T08:41:08+09:00,base-1.12-calibrated,morning,2026-10-11,東京,7R,3歳以上1勝クラス,ダート,1600,良,12,タケルムサシ,岩田康,斎藤誠,True,automation_pre_race,ok,3,0.07586289581236225,0.21060589666669396,29.923523490947268,0.07586289581236225,0.21060589666669396,29.923523490947268,6,☆,,,,,,,6,3,56.0,,,7.666666666666667,0.0,3.0,6.666666666666667,6.666666666666667,0.0,0.0,0.0,0.21500456668217616,0.257360959651036,0.2260430994956442,6.0,,4.0,-200.0,298.0,0.0,1.0,3,3.0,12.2,6.0,0.0819672131147541,2.501435951739211,0.0,0.21500456668217616,0.21500456668217616,0.21500456668217616,0.21500456668217616,0.21500456668217616,0.27382146439317956,0.2702857142857143,0.25896624472573837,16.0,0.06489510463525959,0.375,0.375,0.84375,0.5,0.0625,0.8125,0.8125,0.875,牡,差し,1勝クラス
2026-10-11|東京|7R|466f2ccef0cf2084|morning|NA,2026-10-11T08:41:08+09:00,base-1.12-calibrated,morning,2026-10-11,東京,7R,3歳以上1勝クラス,ダート,1600,良,14,マリブオレンジ,浜中,戸田,True,automation_pre_race,ok,2,0.04582912485554508,0.1501372760735954,20.649670487804972,0.04582912485554508,0.1501372760735954,20.649670487804972,7,☆,,,,,,,7,4,56.0,,,9.8,0.2,1.0,9.2,5.8,0.5,0.3333333333333333,0.2,0.21500456668217616,0.21500456668217616,0.20669380370872908,15.0,1.0,10.0,200.0,298.0,0.0,0.0,3,2.0,20.2,7.0,0.04950495049504951,3.005682604407159,0.0,0.21500456668217616,0.21500456668217616,0.21500456668217616,0.21500456668217616,0.21500456668217616,0.21500456668217616,0.21500456668217616,0.21500456668217616,16.0,0.03919407309654292,0.4375,0.4375,0.53125,0.5,0.5625,0.15625,0.3125,0.5,牝,先行,1勝クラス
2026-10-11|東京|7R|466f2ccef0cf2084|morning|NA,2026-10-11T08:41:08+09:00,base-1.12-calibrated,morning,2026-10-11,東京,7R,3歳以上1勝クラス,ダート,1600,良,7,ブレスドナイル,佐々木,金成,True,automation_pre_race,ok,3,0.03359498825182964,0.13708953490600526,16.346909255944297,0.03359498825182964,0.13708953490600526,16.346909255944297,8,注,,,,,,,4,4,56.0,,,6.4,0.2,2.0,7.4,5.2,0.21500456668217616,0.21500456668217616,0.125,0.21500456668217616,0.21500456668217616,0.19161105815061963,11.0,,11.0,-200.0,397.0,0.0,1.0,3,2.0,25.0,8.0,0.04,3.2188758248682006,0.2,0.21500456668217616,0.21500456668217616,0.21500456668217616,0.21500456668217616,0.21500456668217616,0.21500456668217616,0.21500456668217616,0.21500456668217616,16.0,0.03166881106200668,0.5,0.5,0.53125,0.5,0.5625,0.375,0.5,0.625,牝,先行,1勝クラス
2026-10-11|東京|7R|466f2ccef0cf2084|morning|NA,2026-10-11T08:41:08+09:00,base-1.12-calibrated,morning,2026-10-11,東京,7R,3歳以上1勝クラス,ダート,1600,良,13,ムーランオランジュ,小崎,小崎,True,automation_pre_race,ok,3,0.02135405952634132,0.11307567148201493,14.767787265328158,0.02135405952634132,0.11307567148201493,14.767787265328158,9,注,,,,,,,7,3,56.0,,,2.5,0.5,3.4394014331558185,3.5,4.5,1.0,1.0,0.5,0.21500456668217616,0.21500456668217616,0.20669380370872908,1.0,,2.0,0.0,356.0,0.0,1.0,3,2.0,35.0,10.0,0.02857142857142857,3.5553480614894135,1.0,0.21500456668217616,0.21500456668217616,0.21500456668217616,0.21500456668217616,0.21500456668217616,0.21500456668217616,0.21500456668217616,0.21500456668217616,16.0,0.022620579330004772,0.625,0.625,0.1875,0.5,0.5625,0.0625,0.09375,0.15625,牡,先行,1勝クラス
2026-10-11|東京|7R|466f2ccef0cf2084|morning|NA,2026-10-11T08:41:08+09:00,base-1.12-calibrated,morning,2026-10-11,東京,7R,3歳以上1勝クラス,ダート,1600,良,10,タイキプレジール,原,矢野,True,automation_pre_race,ok,3,0.013963581755810148,0.07902392955967992,6.514302523763209,0.013963581755810148,0.07902392955967992,6.514302523763209,10,注,,,,,,,5,3,56.0,,,7.333333333333333,0.0,3.4394014331558185,9.0,3.6666666666666665,0.0,0.0,0.0,0.21500456668217616,0.21500456668217616,0.2029934518241347,7.0,,9.0,400.0,298.0,0.0,1.0,3,2.0,41.1,12.0,0.024330900243309,3.716008121502189,0.0,0.21500456668217616,0.21500456668217616,0.21500456668217616,0.21500456668217616,0.21500456668217616,0.21500456668217616,0.21500456668217616,0.21500456668217616,16.0,0.019263267069347126,0.75,0.75,0.84375,0.5,0.5625,0.8125,0.8125,0.875,牡,先行,1勝クラス
2026-10-11|東京|7R|466f2ccef0cf2084|morning|NA,2026-10-11T08:41:08+09:00,base-1.12-calibrated,morning,2026-10-11,東京,7R,3歳以上1勝クラス,ダート,1600,良,8,ライカ,大野,杉浦,True,automation_pre_race,ok,3,0.010635751982530072,0.0867636242307455,8.959454802604258,0.010635751982530072,0.0867636242307455,8.959454802604258,11,×,,,,,,,4,3,56.0,,,6.666666666666667,0.3333333333333333,3.4394014331558185,6.0,9.0,0.5,0.5,0.5,0.21500456668217616,0.21500456668217616,0.19161105815061963,7.0,,7.0,0.0,339.0,0.0,1.0,3,3.0,28.9,9.0,0.03460207612456748,3.3638415951183864,0.5,0.21500456668217616,0.21500456668217616,0.21500456668217616,0.21500456668217616,0.21500456668217616,0.21500456668217616,0.21500456668217616,0.21500456668217616,16.0,0.027395165278552493,0.5625,0.5625,0.375,0.5,0.5625,0.15625,0.21875,0.15625,牡,差し,1勝クラス
2026-10-11|東京|7R|466f2ccef0cf2084|morning|NA,2026-10-11T08:41:08+09:00,base-1.12-calibrated,morning,2026-10-11,東京,7R,3歳以上1勝クラス,ダート,1600,良,11,ロジリッキー,野中,新開,True,automation_pre_race,ok,2,0.00886390912381671,0.06832556112557207,6.589252414634844,0.00886390912381671,0.06832556112557207,6.589252414634844,12,×,,,,,,,6,4,58.0,,,8.6,0.2,8.0,7.0,6.4,0.0,0.0,0.2,0.21500456668217616,0.21500456668217616,0.2260430994956442,13.0,8.0,13.0,0.0,380.0,0.0,0.0,3,2.0,73.7,15.0,0.013568521031207597,4.300002799195291,0.25,0.21500456668217616,0.21500456668217616,0.21500456668217616,0.21500456668217616,0.21500456668217616,0.21500456668217616,0.21500456668217616,0.21500456668217616,16.0,0.010742473223204436,0.9375,0.9375,0.53125,0.5,0.5625,0.8125,0.8125,0.5,牡,先行,1勝クラス
2026-10-11|東京|7R|466f2ccef0cf2084|morning|NA,2026-10-11T08:41:08+09:00,base-1.12-calibrated,morning,2026-10-11,東京,7R,3歳以上1勝クラス,ダート,1600,良,5,カーマンライン,江田照,小島,True,automation_pre_race,ok,2,0.007371402599152506,0.06654282925729171,6.059561756272754,0.007371402599152506,0.06654282925729171,6.059561756272754,13,×,,,,,,,3,5,58.0,,,5.2,0.2,1.5,6.8,5.8,0.0,0.0,0.2222222222222222,0.21500456668217616,0.21500456668217616,0.1814137419673752,6.0,2.0,9.0,-200.0,377.0,0.0,0.0,3,3.0,40.0,11.0,0.025,3.6888794541139363,0.3333333333333333,0.21500456668217616,0.21500456668217616,0.21500456668217616,0.21500456668217616,0.21500456668217616,0.21500456668217616,0.21500456668217616,0.21500456668217616,16.0,0.019793006913754175,0.6875,0.6875,0.53125,0.5,0.5625,0.8125,0.8125,0.3125,せん,差し,1勝クラス
2026-10-11|東京|7R|466f2ccef0cf2084|morning|NA,2026-10-11T08:41:08+09:00,base-1.12-calibrated,morning,2026-10-11,東京,7R,3歳以上1勝クラス,ダート,1600,良,6,ワルトシュタイン,△石田,佐藤悠,True,automation_pre_race,ok,2,0.005579152593527097,0.05355718236367867,3.1523699946806003,0.005579152593527097,0.05355718236367867,3.1523699946806003,14,×,,,,,,,3,3,54.0,,,5.0,0.0,6.5,7.5,5.5,0.21500456668217616,0.21500456668217616,0.0,0.21500456668217616,0.21500456668217616,0.1814137419673752,4.0,10.0,5.0,-200.0,349.0,0.0,1.0,3,3.0,45.2,13.0,0.022123893805309734,3.8110970868381857,0.0,0.21500456668217616,0.21500456668217616,0.21500456668217616,0.21500456668217616,0.21500456668217616,0.21500456668217616,0.21500456668217616,0.21500456668217616,16.0,0.01751593532190635,0.8125,0.8125,0.84375,0.5,0.5625,0.375,0.5,0.875,牡,差し,1勝クラス
2026-10-11|東京|7R|466f2ccef0cf2084|morning|NA,2026-10-11T08:41:08+09:00,base-1.12-calibrated,morning,2026-10-11,東京,7R,3歳以上1勝クラス,ダート,1600,良,1,サムワンライクユー,内田博,佐藤吉,True,automation_pre_race,ok,2,0.0017557125190398523,0.03865013253439607,5.5369278059324785,0.0017557125190398523,0.03865013253439607,5.5369278059324785,15,×,,,,,,,1,6,58.0,,,6.0,0.4,2.5,7.2,9.6,0.1875,0.2222222222222222,0.2,0.21500456668217616,0.21500456668217616,0.1548140043763676,6.0,1.0,10.0,0.0,315.0,0.0,0.0,3,3.0,64.0,14.0,0.015625,4.1588830833596715,0.09090909090909091,0.21500456668217616,0.21500456668217616,0.21500456668217616,0.21500456668217616,0.21500456668217616,0.21500456668217616,0.21500456668217616,0.21500456668217616,16.0,0.012370629321096359,0.875,0.875,0.28125,0.5,0.5625,0.5625,0.375,0.5,牡,差し,1勝クラス
2026-10-11|東京|7R|466f2ccef0cf2084|morning|NA,2026-10-11T08:41:08+09:00,base-1.12-calibrated,morning,2026-10-11,東京,7R,3歳以上1勝クラス,ダート,1600,良,16,オブシディアン,菅原隆,石栗,True,automation_pre_race,ok,2,0.000903639590777366,0.02178771684825871,0.8384107476404765,0.000903639590777366,0.02178771684825871,0.8384107476404765,16,×,,,,,,,8,6,58.0,,,12.2,0.0,3.6666666666666665,8.4,14.8,0.0,0.0,0.0625,0.21500456668217616,0.21500456668217616,0.2494341330918968,14.0,7.0,14.0,-200.0,284.0,0.0,0.0,3,4.0,109.4,16.0,0.009140767824497258,4.695010889987881,0.05,0.21500456668217616,0.21500456668217616,0.21500456668217616,0.21500456668217616,0.21500456668217616,0.21500456668217616,0.21500456668217616,0.21500456668217616,16.0,0.007236931229891838,1.0,1.0,0.84375,0.5,0.5625,0.8125,0.8125,0.6875,牡,追込,1勝クラス
2026-10-11|東京|8R|a17ef45c0e55d270|morning|NA,2026-10-11T08:41:09+09:00,base-1.12-calibrated,morning,2026-10-11,東京,8R,3歳以上1勝クラス,芝,2400,良,1,イブキ,原,矢野,True,automation_pre_race,ok,3,0.2818987952879059,0.5139455548698929,81.84863887174733,0.2818987952879059,0.5139455548698929,81.84863887174733,1,◎,,,,,,,1,3,55.0,,,6.2,0.4,3.4394014331558185,5.8,6.2,0.0,0.75,0.625,0.21500456668217616,0.21500456668217616,0.2524752475247525,3.0,,4.0,400.0,370.0,0.0,1.0,3,3.0,2.9,1.0,0.3448275862068966,1.0647107369924282,0.5714285714285714,0.21500456668217616,0.21500456668217616,0.21500456668217616,0.21500456668217616,0.21500456668217616,0.21500456668217616,0.21500456668217616,0.21500456668217616,17.0,0.2729692203051508,0.058823529411764705,0.058823529411764705,0.35294117647058826,0.5588235294117647,0.5588235294117647,0.9411764705882353,0.20588235294117646,0.17647058823529413,牡,差し,1勝クラス
2026-10-11|東京|8R|a17ef45c0e55d270|morning|NA,2026-10-11T08:41:09+09:00,base-1.12-calibrated,morning,2026-10-11,東京,8R,3歳以上1勝クラス,芝,2400,良,9,ゴンファロニエーレ,ルメール,田中博,True,automation_pre_race,feature_missing,8,0.24812920364844215,0.48846824888289825,71.57518630842289,0.24812920364844215,0.48846824888289825,71.57518630842289,2,○,,,,,,,5,3,55.0,,,8.025185683020558,0.21500456668217616,3.4394014331558185,7.494719668074899,7.75818987058195,0.21500456668217616,0.21500456668217616,0.21500456668217616,0.5467532467532468,0.21500456668217616,0.23877551020408164,,,,0.0,,0.0,0.0,3,,3.5,2.0,0.2857142857142857,1.252762968495368,0.22133347244199458,0.597892176732874,0.57177148343735,0.6534653465346535,0.5753715498938429,0.5467532467532468,0.21500456668217616,0.21500456668217616,0.21500456668217616,17.0,0.2261744968242678,0.11764705882352941,0.11764705882352941,0.5,0.058823529411764705,0.5588235294117647,0.5588235294117647,0.6470588235294118,0.6176470588235294,牡,,1勝クラス
2026-10-11|東京|8R|a17ef45c0e55d270|morning|NA,2026-10-11T08:41:09+09:00,base-1.12-calibrated,morning,2026-10-11,東京,8R,3歳以上1勝クラス,芝,2400,良,8,ポッドクロス,荻野極,大竹,True,automation_pre_race,ok,3,0.15001194380980065,0.2829989109913587,51.66460746151075,0.15001194380980065,0.2829989109913587,51.66460746151075,3,▲,,,,,,,4,3,55.0,,,2.5,1.0,3.4394014331558185,4.0,2.5,0.21500456668217616,1.0,1.0,0.18305597579425115,0.21500456668217616,0.24618736383442266,3.0,,7.0,400.0,370.0,0.0,1.0,3,2.0,7.1,3.0,0.14084507042253522,1.9600947840472698,1.0,0.1945288753799392,0.17983767620674926,0.24528301886792453,0.18231144872490504,0.18305597579425115,0.21500456668217616,0.21500456668217616,0.21500456668217616,17.0,0.11149447026548413,0.17647058823529413,0.17647058823529413,0.08823529411764706,1.0,0.5588235294117647,0.5588235294117647,0.08823529411764706,0.08823529411764706,牡,先行,1勝クラス
2026-10-11|東京|8R|a17ef45c0e55d270|morning|NA,2026-10-11T08:41:09+09:00,base-1.12-calibrated,morning,2026-10-11,東京,8R,3歳以上1勝クラス,芝,2400,良,14,ウルフマン,津村,手塚久,True,automation_pre_race,ok,3,0.07746788604817377,0.22385236982507614,23.45879279398184,0.07746788604817377,0.22385236982507614,23.45879279398184,4,△,,,,,,,7,3,55.0,,,4.0,0.0,3.4394014331558185,2.0,4.0,0.21500456668217616,0.0,0.0,0.21500456668217616,0.21500456668217616,0.22885572139303484,4.0,,2.0,600.0,336.0,0.0,2.0,3,3.0,13.7,4.0,0.07299270072992702,2.617395832834079,0.0,0.21500456668217616,0.21500456668217616,0.21500456668217616,0.21500456668217616,0.21500456668217616,0.21500456668217616,0.21500456668217616,0.21500456668217616,17.0,0.05778180575802463,0.23529411764705882,0.23529411764705882,0.8529411764705882,0.5588235294117647,0.5588235294117647,0.5588235294117647,0.9117647058823529,0.9117647058823529,牡,差し,1勝クラス
2026-10-11|東京|8R|a17ef45c0e55d270|morning|NA,2026-10-11T08:41:09+09:00,base-1.12-calibrated,morning,2026-10-11,東京,8R,3歳以上1勝クラス,芝,2400,良,4,マイネルアウルム,三浦,伊藤伸,True,automation_pre_race,ok,2,0.06175341036435703,0.1807600471943128,20.75805342406376,0.06175341036435703,0.1807600471943128,20.75805342406376,5,△,,,,,,,2,4,58.0,,,5.8,0.2,1.0,5.6,4.6,0.0,0.3333333333333333,0.36363636363636365,0.21500456668217616,0.21500456668217616,0.2293144208037825,7.0,1.0,5.0,0.0,339.0,0.0,0.0,3,3.0,15.3,5.0,0.06535947712418301,2.72785282839839,0.3,0.21500456668217616,0.21500456668217616,0.21500456668217616,0.21500456668217616,0.21500456668217616,0.21500456668217616,0.21500456668217616,0.21500456668217616,17.0,0.051739263979407674,0.29411764705882354,0.29411764705882354,0.6176470588235294,0.5588235294117647,0.5588235294117647,0.9411764705882353,0.4411764705882353,0.4117647058823529,牡,差し,1勝クラス
2026-10-11|東京|8R|a17ef45c0e55d270|morning|NA,2026-10-11T08:41:09+09:00,base-1.12-calibrated,morning,2026-10-11,東京,8R,3歳以上1勝クラス,芝,2400,良,10,ヴォートセレスト,石川,奥村武,True,automation_pre_race,ok,3,0.03973958342403325,0.12487644541825622,22.28503267318431,0.03973958342403325,0.12487644541825622,22.28503267318431,6,☆,,,,,,,5,3,55.0,,,1.0,1.0,3.4394014331558185,1.0,3.0,0.21500456668217616,1.0,1.0,0.21500456668217616,0.2337719298245614,0.23877551020408164,1.0,,1.0,400.0,360.0,0.0,2.0,3,3.0,16.8,7.0,0.05952380952380952,2.8213788864092133,1.0,0.21500456668217616,0.21500456668217616,0.21500456668217616,0.21500456668217616,0.21500456668217616,0.25273010920436817,0.25018450184501845,0.248,17.0,0.04711968683838912,0.4117647058823529,0.4117647058823529,0.08823529411764706,0.5588235294117647,0.058823529411764705,0.5588235294117647,0.08823529411764706,0.08823529411764706,牡,差し,1勝クラス
2026-10-11|東京|8R|a17ef45c0e55d270|morning|NA,2026-10-11T08:41:09+09:00,base-1.12-calibrated,morning,2026-10-11,東京,8R,3歳以上1勝クラス,芝,2400,良,3,サンセットビュー,岩田康,新谷,True,automation_pre_race,ok,3,0.03791974845450411,0.11850373160871501,15.706098728137396,0.03791974845450411,0.11850373160871501,15.706098728137396,7,☆,,,,,,,2,5,56.0,,,6.8,0.4,2.0,6.2,5.6,0.42857142857142855,0.3333333333333333,0.3,0.21500456668217616,0.21500456668217616,0.2293144208037825,14.0,,15.0,200.0,284.0,0.0,0.0,3,3.0,16.5,6.0,0.06060606060606061,2.803360380906535,0.25,0.21500456668217616,0.21500456668217616,0.21500456668217616,0.21500456668217616,0.21500456668217616,0.21500456668217616,0.21500456668217616,0.21500456668217616,17.0,0.04797640841726893,0.35294117647058826,0.35294117647058826,0.35294117647058826,0.5588235294117647,0.5588235294117647,0.17647058823529413,0.4411764705882353,0.47058823529411764,牝,差し,1勝クラス
2026-10-11|東京|8R|a17ef45c0e55d270|morning|NA,2026-10-11T08:41:09+09:00,base-1.12-calibrated,morning,2026-10-11,東京,8R,3歳以上1勝クラス,芝,2400,良,13,ボンボンベイビー,西村淳,矢作,True,automation_pre_race,ok,3,0.03310949577168603,0.08919111116276009,9.864138979377127,0.03310949577168603,0.08919111116276009,9.864138979377127,8,注,,,,,,,7,3,55.0,,,6.5,0.0,3.4394014331558185,6.0,3.5,0.21500456668217616,0.21500456668217616,0.0,0.21500456668217616,0.21500456668217616,0.22885572139303484,5.0,,2.0,600.0,411.0,0.0,1.0,3,3.0,27.3,9.0,0.03663003663003663,3.3068867021909143,0.0,0.21500456668217616,0.21500456668217616,0.21500456668217616,0.21500456668217616,0.21500456668217616,0.21500456668217616,0.21500456668217616,0.21500456668217616,17.0,0.02899673036208562,0.5294117647058824,0.5294117647058824,0.8529411764705882,0.5588235294117647,0.5588235294117647,0.5588235294117647,0.6470588235294118,0.9117647058823529,牡,差し,1勝クラス
2026-10-11|東京|8R|a17ef45c0e55d270|morning|NA,2026-10-11T08:41:09+09:00,base-1.12-calibrated,morning,2026-10-11,東京,8R,3歳以上1勝クラス,芝,2400,良,16,パーヴォ,菊沢,吉田,True,automation_pre_race,ok,3,0.019982833811940354,0.09561543281884614,11.998011746823767,0.019982833811940354,0.09561543281884614,11.998011746823767,9,注,,,,,,,8,3,55.0,,,3.25,0.5,6.0,1.75,4.5,0.21500456668217616,0.21500456668217616,0.5,0.21500456668217616,0.21500456668217616,0.24879614767255218,5.0,,3.0,400.0,294.0,0.0,1.0,3,4.0,24.8,8.0,0.04032258064516129,3.2108436531709366,0.5,0.21500456668217616,0.21500456668217616,0.21500456668217616,0.21500456668217616,0.21500456668217616,0.21500456668217616,0.21500456668217616,0.21500456668217616,17.0,0.031919787858263604,0.47058823529411764,0.47058823529411764,0.23529411764705882,0.5588235294117647,0.5588235294117647,0.5588235294117647,0.6470588235294118,0.23529411764705882,牡,追込,1勝クラス
2026-10-11|東京|8R|a17ef45c0e55d270|morning|NA,2026-10-11T08:41:09+09:00,base-1.12-calibrated,morning,2026-10-11,東京,8R,3歳以上1勝クラス,芝,2400,良,6,ピースヒロフェイス,石橋脩,牧,True,automation_pre_race,ok,3,0.010723663423812197,0.07399249834230943,6.322466241401687,0.010723663423812197,0.07399249834230943,6.322466241401687,10,注,,,,,,,3,5,56.0,,,5.0,0.2,1.0,4.4,5.0,0.0,0.5,0.22727272727272727,0.24945855483362867,0.21500456668217616,0.22727272727272727,7.0,,6.0,0.0,421.0,0.0,0.0,3,3.0,42.1,12.0,0.023752969121140142,3.7400477406883357,0.21052631578947367,0.2291545189504373,0.24157516092389247,0.27615062761506276,0.2442528735632184,0.24945855483362867,0.21500456668217616,0.21500456668217616,0.21500456668217616,17.0,0.01880310543669685,0.7058823529411765,0.7058823529411765,0.6176470588235294,0.11764705882352941,0.5588235294117647,0.9411764705882353,0.35294117647058826,0.5294117647058824,牝,差し,1勝クラス
2026-10-11|東京|8R|a17ef45c0e55d270|morning|NA,2026-10-11T08:41:09+09:00,base-1.12-calibrated,morning,2026-10-11,東京,8R,3歳以上1勝クラス,芝,2400,良,15,シェンロン,黛,尾関,True,automation_pre_race,feature_missing,8,0.010655165796575801,0.08192546405414912,6.655041922613114,0.010655165796575801,0.08192546405414912,6.655041922613114,11,×,,,,,,,8,3,55.0,,,8.025185683020558,0.21500456668217616,3.4394014331558185,7.494719668074899,7.75818987058195,0.21500456668217616,0.21500456668217616,0.21500456668217616,0.21500456668217616,0.21500456668217616,0.24879614767255218,,,,0.0,,0.0,0.0,3,,44.7,13.0,0.022371364653243846,3.7999735016195233,0.22133347244199458,0.21500456668217616,0.21500456668217616,0.21500456668217616,0.21500456668217616,0.21500456668217616,0.21500456668217616,0.21500456668217616,0.21500456668217616,17.0,0.01770941250301873,0.7647058823529411,0.7647058823529411,0.5,0.5588235294117647,0.5588235294117647,0.5588235294117647,0.6470588235294118,0.6176470588235294,牡,,1勝クラス
2026-10-11|東京|8R|a17ef45c0e55d270|morning|NA,2026-10-11T08:41:09+09:00,base-1.12-calibrated,morning,2026-10-11,東京,8R,3歳以上1勝クラス,芝,2400,良,17,トラストボス,江田照,高橋文,True,automation_pre_race,ok,3,0.0082838614618088,0.06583589668026163,7.555983604028543,0.0082838614618088,0.06583589668026163,7.555983604028543,12,×,,,,,,,8,5,58.0,,,4.4,0.4,3.0,4.0,4.6,0.625,0.5454545454545454,0.4375,0.21500456668217616,0.21500456668217616,0.24879614767255218,4.0,,4.0,400.0,401.0,0.0,0.0,3,4.0,36.8,10.0,0.027173913043478264,3.6054978451748854,0.42857142857142855,0.21500456668217616,0.21500456668217616,0.21500456668217616,0.21500456668217616,0.21500456668217616,0.21500456668217616,0.21500456668217616,0.21500456668217616,17.0,0.021511161382742866,0.5882352941176471,0.5882352941176471,0.35294117647058826,0.5588235294117647,0.5588235294117647,0.11764705882352941,0.29411764705882354,0.29411764705882354,牡,追込,1勝クラス
2026-10-11|東京|8R|a17ef45c0e55d270|morning|NA,2026-10-11T08:41:09+09:00,base-1.12-calibrated,morning,2026-10-11,東京,8R,3歳以上1勝クラス,芝,2400,良,5,ペネトレイトゴー,丹内,戸田,True,automation_pre_race,ok,3,0.007607168753716562,0.05940139973395587,3.239089913968809,0.007607168753716562,0.05940139973395587,3.239089913968809,13,×,,,,,,,3,6,58.0,,,6.0,0.0,3.0,4.0,3.4,0.2222222222222222,0.0,0.21052631578947367,0.21500456668217616,0.21500456668217616,0.22727272727272727,6.0,,2.0,600.0,380.0,0.0,0.0,3,4.0,37.9,11.0,0.026385224274406333,3.634951112088381,0.1875,0.21500456668217616,0.21500456668217616,0.21500456668217616,0.21500456668217616,0.21500456668217616,0.21500456668217616,0.21500456668217616,0.21500456668217616,17.0,0.020886826883507584,0.6470588235294118,0.6470588235294118,0.8529411764705882,0.5588235294117647,0.5588235294117647,0.23529411764705882,0.9117647058823529,0.7058823529411765,せん,追込,1勝クラス
2026-10-11|東京|8R|a17ef45c0e55d270|morning|NA,2026-10-11T08:41:09+09:00,base-1.12-calibrated,morning,2026-10-11,東京,8R,3歳以上1勝クラス,芝,2400,良,12,オメガストリーム,△石田,田中勝,True,automation_pre_race,ok,3,0.005639070768873898,0.03322687820463995,2.1309244077824,0.005639070768873898,0.03322687820463995,2.1309244077824,14,×,,,,,,,6,4,54.0,,,10.75,0.0,3.4394014331558185,7.5,11.75,0.21500456668217616,0.21500456668217616,0.0,0.21500456668217616,0.21500456668217616,0.23809523809523808,16.0,,14.0,1200.0,301.0,0.0,0.0,3,3.0,60.4,14.0,0.016556291390728478,4.100989104940769,0.0,0.21500456668217616,0.21500456668217616,0.21500456668217616,0.21500456668217616,0.21500456668217616,0.21500456668217616,0.21500456668217616,0.21500456668217616,17.0,0.013106138061008897,0.8235294117647058,0.8235294117647058,0.8529411764705882,0.5588235294117647,0.5588235294117647,0.5588235294117647,0.6470588235294118,0.9117647058823529,牝,差し,1勝クラス
2026-10-11|東京|8R|a17ef45c0e55d270|morning|NA,2026-10-11T08:41:09+09:00,base-1.12-calibrated,morning,2026-10-11,東京,8R,3歳以上1勝クラス,芝,2400,良,2,イフルジャンス,▲水沼,金成,True,automation_pre_race,ok,3,0.004386967469338148,0.044118878588820194,8.114515434481524,0.004386967469338148,0.044118878588820194,8.114515434481524,15,×,,,,,,,1,4,55.0,,,4.0,0.6,3.0,3.2,4.0,1.0,0.75,0.4166666666666667,0.21500456668217616,0.21500456668217616,0.2524752475247525,9.0,,8.0,400.0,301.0,0.0,0.0,3,3.0,60.7,15.0,0.016474464579901153,4.1059436980654525,0.4,0.21500456668217616,0.21500456668217616,0.21500456668217616,0.21500456668217616,0.21500456668217616,0.21500456668217616,0.21500456668217616,0.21500456668217616,17.0,0.01304136307882928,0.8823529411764706,0.8823529411764706,0.17647058823529413,0.5588235294117647,0.5588235294117647,0.058823529411764705,0.20588235294117646,0.35294117647058826,せん,差し,1勝クラス
2026-10-11|東京|8R|a17ef45c0e55d270|morning|NA,2026-10-11T08:41:09+09:00,base-1.12-calibrated,morning,2026-10-11,東京,8R,3歳以上1勝クラス,芝,2400,良,11,アンビアンス,吉村,清水久,True,automation_pre_race,ok,3,0.002296426619977334,0.03536788080710464,1.413705243673492,0.002296426619977334,0.03536788080710464,1.413705243673492,16,×,,,,,,,6,4,56.0,,,8.4,0.0,2.0,5.6,7.0,0.21500456668217616,0.0,0.09090909090909091,0.21500456668217616,0.21500456668217616,0.23809523809523808,10.0,,3.0,400.0,287.0,0.0,0.0,3,4.0,65.6,16.0,0.015243902439024392,4.183575695950044,0.1111111111111111,0.21500456668217616,0.21500456668217616,0.21500456668217616,0.21500456668217616,0.21500456668217616,0.21500456668217616,0.21500456668217616,0.21500456668217616,17.0,0.012067236873245997,0.9411764705882353,0.9411764705882353,0.8529411764705882,0.5588235294117647,0.5588235294117647,0.5588235294117647,0.9117647058823529,0.7647058823529411,牝,追込,1勝クラス
2026-10-11|東京|8R|a17ef45c0e55d270|morning|NA,2026-10-11T08:41:09+09:00,base-1.12-calibrated,morning,2026-10-11,東京,8R,3歳以上1勝クラス,芝,2400,良,7,オニノウタゲ,原田和,和田雄,True,automation_pre_race,ok,2,0.00039477508505419214,0.01767691252987215,0.5329497383612417,0.00039477508505419214,0.01767691252987215,0.5329497383612417,17,×,,,,,,,4,3,53.0,,,9.0,0.0,2.0,11.0,3.0,0.21500456668217616,0.0,0.0,0.21500456668217616,0.21500456668217616,0.24618736383442266,9.0,2.0,11.0,800.0,353.0,0.0,2.0,3,3.0,118.1,17.0,0.00846740050804403,4.771531723203316,0.0,0.21500456668217616,0.21500456668217616,0.21500456668217616,0.21500456668217616,0.21500456668217616,0.21500456668217616,0.21500456668217616,0.21500456668217616,17.0,0.006702885172607429,1.0,1.0,0.8529411764705882,0.5588235294117647,0.5588235294117647,0.5588235294117647,0.9117647058823529,0.9117647058823529,牝,差し,1勝クラス
2026-10-11|東京|9R|96dfabd298e67c46|morning|NA,2026-10-11T08:41:10+09:00,base-1.12-calibrated,morning,2026-10-11,東京,9R,鷹巣山特別,芝,1600,良,9,クレパスキュラー,ルメール,栗田,True,automation_pre_race,ok,3,0.2493795913231971,0.5747316412161955,89.36829103040489,0.2493795913231971,0.5747316412161955,89.36829103040489,1,◎,,,,,,,7,3,56.0,,,1.0,1.0,3.4394014331558185,1.5,1.5,1.0,0.21500456668217616,1.0,0.5467532467532468,0.21500456668217616,0.2209752321981424,1.0,,1.0,0.0,287.0,0.0,1.0,4,3.0,2.9,1.0,0.3448275862068966,1.0647107369924282,1.0,0.597892176732874,0.57177148343735,0.553587786259542,0.5753715498938429,0.5467532467532468,0.21500456668217616,0.21500456668217616,0.21500456668217616,12.0,0.27244238198105764,0.08333333333333333,0.08333333333333333,0.08333333333333333,0.08333333333333333,0.5416666666666666,0.16666666666666666,0.7916666666666666,0.08333333333333333,牡,差し,2勝クラス
2026-10-11|東京|9R|96dfabd298e67c46|morning|NA,2026-10-11T08:41:10+09:00,base-1.12-calibrated,morning,2026-10-11,東京,9R,鷹巣山特別,芝,1600,良,4,エーデルヴェーグ,川田,田中克,True,automation_pre_race,ok,3,0.15970759630601622,0.35326897622014647,55.45900314475398,0.15970759630601622,0.35326897622014647,55.45900314475398,2,○,,,,,,,4,4,56.0,,,4.0,0.5,3.4394014331558185,2.25,1.5,0.3333333333333333,0.21500456668217616,0.5,0.21500456668217616,0.21500456668217616,0.21980676328502416,9.0,,4.0,0.0,370.0,0.0,1.0,4,2.0,7.5,4.0,0.13333333333333333,2.0149030205422647,0.5,0.21500456668217616,0.21500456668217616,0.21500456668217616,0.21500456668217616,0.21500456668217616,0.21500456668217616,0.21500456668217616,0.21500456668217616,12.0,0.10534438769934228,0.3333333333333333,0.3333333333333333,0.3333333333333333,0.5,0.5416666666666666,0.6666666666666666,0.7916666666666666,0.4583333333333333,牝,先行,2勝クラス
2026-10-11|東京|9R|96dfabd298e67c46|morning|NA,2026-10-11T08:41:10+09:00,base-1.12-calibrated,morning,2026-10-11,東京,9R,鷹巣山特別,芝,1600,良,12,エラルディーク,荻野極,宮田,True,automation_pre_race,ok,2,0.14438774360047368,0.3321491927163793,45.93793751001979,0.14438774360047368,0.3321491927163793,45.93793751001979,3,▲,,,,,,,8,3,54.0,,,7.0,0.0,1.0,8.0,3.0,0.21500456668217616,0.21500456668217616,0.21500456668217616,0.18305597579425115,0.21500456668217616,0.22505543237250555,7.0,1.0,8.0,-200.0,298.0,0.0,3.0,4,3.0,4.5,2.0,0.2222222222222222,1.5040773967762742,0.22133347244199458,0.1945288753799392,0.17983767620674926,0.176657824933687,0.18231144872490504,0.18305597579425115,0.21500456668217616,0.21500456668217616,0.21500456668217616,12.0,0.1755739794989038,0.16666666666666666,0.16666666666666666,0.9166666666666666,0.9166666666666666,0.5416666666666666,0.75,0.7916666666666666,0.8333333333333334,牝,差し,2勝クラス
2026-10-11|東京|9R|96dfabd298e67c46|morning|NA,2026-10-11T08:41:10+09:00,base-1.12-calibrated,morning,2026-10-11,東京,9R,鷹巣山特別,芝,1600,良,11,フジガイフウ,横山武,岩戸,True,automation_pre_race,ok,3,0.13389987166355793,0.3694737774498855,51.63742155224498,0.13389987166355793,0.3694737774498855,51.63742155224498,4,△,,,,,,,8,3,56.0,,,2.75,0.75,1.0,2.25,5.0,1.0,1.0,0.75,0.21500456668217616,0.21500456668217616,0.22505543237250555,3.0,,1.0,0.0,287.0,0.0,1.0,4,3.0,5.7,3.0,0.17543859649122806,1.7404661748405046,0.75,0.21500456668217616,0.21500456668217616,0.21500456668217616,0.21500456668217616,0.21500456668217616,0.21500456668217616,0.21500456668217616,0.21500456668217616,12.0,0.138611036446503,0.25,0.25,0.16666666666666666,0.5,0.5416666666666666,0.16666666666666666,0.125,0.16666666666666666,牡,差し,2勝クラス
2026-10-11|東京|9R|96dfabd298e67c46|morning|NA,2026-10-11T08:41:10+09:00,base-1.12-calibrated,morning,2026-10-11,東京,9R,鷹巣山特別,芝,1600,良,5,クールデイトナ,吉村,宮地,True,automation_pre_race,ok,3,0.12317530688785494,0.2924512275341661,44.41653399007381,0.12317530688785494,0.2924512275341661,44.41653399007381,5,△,,,,,,,5,3,56.0,,,3.0,0.5,3.4394014331558185,3.5,5.5,0.6666666666666666,0.21500456668217616,0.5,0.21500456668217616,0.21500456668217616,0.2224760164458657,1.0,,2.0,0.0,301.0,0.0,1.0,4,2.0,10.3,5.0,0.0970873786407767,2.33214389523559,0.6666666666666666,0.21500456668217616,0.21500456668217616,0.21500456668217616,0.21500456668217616,0.21500456668217616,0.21500456668217616,0.21500456668217616,0.21500456668217616,12.0,0.07670707842185118,0.4166666666666667,0.4166666666666667,0.3333333333333333,0.5,0.5416666666666666,0.3333333333333333,0.7916666666666666,0.4583333333333333,牡,先行,2勝クラス
2026-10-11|東京|9R|96dfabd298e67c46|morning|NA,2026-10-11T08:41:10+09:00,base-1.12-calibrated,morning,2026-10-11,東京,9R,鷹巣山特別,芝,1600,良,6,ソニックライン,岩田康,浅利,True,automation_pre_race,ok,3,0.06988203248320896,0.23067298430651814,25.981354863756362,0.06988203248320896,0.23067298430651814,25.981354863756362,6,☆,,,,,,,5,5,58.0,,,5.2,0.2,7.0,7.2,3.4,0.5,0.5,0.6666666666666666,0.21500456668217616,0.21500456668217616,0.2224760164458657,5.0,,6.0,200.0,356.0,0.0,1.0,4,2.0,13.2,6.0,0.07575757575757576,2.580216829592325,0.6666666666666666,0.21500456668217616,0.21500456668217616,0.21500456668217616,0.21500456668217616,0.21500456668217616,0.21500456668217616,0.21500456668217616,0.21500456668217616,12.0,0.059854765738262664,0.5,0.5,0.625,0.5,0.5416666666666666,0.5,0.375,0.25,せん,先行,2勝クラス
2026-10-11|東京|9R|96dfabd298e67c46|morning|NA,2026-10-11T08:41:10+09:00,base-1.12-calibrated,morning,2026-10-11,東京,9R,鷹巣山特別,芝,1600,良,3,ポペット,永島,高橋康,True,automation_pre_race,ok,3,0.036628020095800275,0.17470472438448664,18.91459544482426,0.036628020095800275,0.17470472438448664,18.91459544482426,7,☆,,,,,,,3,3,54.0,,,4.5,0.5,3.4394014331558185,2.5,4.5,1.0,1.0,0.5,0.21500456668217616,0.21500456668217616,0.22006141248720573,2.0,,1.0,0.0,346.0,0.0,1.0,4,3.0,15.7,7.0,0.06369426751592357,2.7536607123542622,0.5,0.21500456668217616,0.21500456668217616,0.21500456668217616,0.21500456668217616,0.21500456668217616,0.21500456668217616,0.21500456668217616,0.21500456668217616,12.0,0.050323752085673065,0.5833333333333334,0.5833333333333334,0.3333333333333333,0.5,0.5416666666666666,0.16666666666666666,0.125,0.4583333333333333,牝,差し,2勝クラス
2026-10-11|東京|9R|96dfabd298e67c46|morning|NA,2026-10-11T08:41:10+09:00,base-1.12-calibrated,morning,2026-10-11,東京,9R,鷹巣山特別,芝,1600,良,7,フミサウンド,ミシェル,鹿戸,True,automation_pre_race,ok,3,0.0282123149609272,0.09997791796373127,11.85289841683286,0.0282123149609272,0.09997791796373127,11.85289841683286,8,注,,,,,,,6,6,58.0,,,8.4,0.2,3.4394014331558185,6.8,11.0,0.0,0.1111111111111111,0.3333333333333333,0.16666666666666666,0.21500456668217616,0.22683566433566432,14.0,,13.0,400.0,318.0,0.0,0.0,4,3.0,25.8,9.0,0.03875968992248062,3.250374491927572,0.23076923076923078,0.0,0.0,0.3333333333333333,0.0,0.16666666666666666,0.21500456668217616,0.21500456668217616,0.21500456668217616,12.0,0.030623368517250664,0.75,0.75,0.625,1.0,0.5416666666666666,1.0,1.0,0.75,牡,差し,2勝クラス
2026-10-11|東京|9R|96dfabd298e67c46|morning|NA,2026-10-11T08:41:10+09:00,base-1.12-calibrated,morning,2026-10-11,東京,9R,鷹巣山特別,芝,1600,良,8,レッドレナート,横山和,手塚徳,True,automation_pre_race,ok,3,0.024510404274331116,0.1334123051703813,11.723866810779558,0.024510404274331116,0.1334123051703813,11.723866810779558,9,注,,,,,,,6,5,58.0,,,7.4,0.2,4.0,10.6,5.2,0.4444444444444444,0.5,0.375,0.21500456668217616,0.21500456668217616,0.22683566433566432,4.0,,9.0,0.0,291.0,0.0,1.0,4,2.0,24.4,8.0,0.04098360655737705,3.1945831322991562,0.6,0.21500456668217616,0.21500456668217616,0.21500456668217616,0.21500456668217616,0.21500456668217616,0.21500456668217616,0.21500456668217616,0.21500456668217616,12.0,0.03238044703873226,0.6666666666666666,0.6666666666666666,0.625,0.5,0.5416666666666666,0.5833333333333334,0.375,0.6666666666666666,牡,先行,2勝クラス
2026-10-11|東京|9R|96dfabd298e67c46|morning|NA,2026-10-11T08:41:10+09:00,base-1.12-calibrated,morning,2026-10-11,東京,9R,鷹巣山特別,芝,1600,良,10,シャンパンマーク,大野,蛯名正,True,automation_pre_race,ok,3,0.016745142160192326,0.08032020367812294,8.372573317593822,0.016745142160192326,0.08032020367812294,8.372573317593822,10,注,,,,,,,7,5,58.0,,,8.2,0.2,3.4394014331558185,7.2,5.2,0.2,0.2857142857142857,0.16666666666666666,0.21500456668217616,0.21500456668217616,0.2209752321981424,15.0,,14.0,0.0,373.0,0.0,0.0,4,3.0,27.8,10.0,0.03597122302158273,3.3250360206965914,0.2,0.21500456668217616,0.21500456668217616,0.21500456668217616,0.21500456668217616,0.21500456668217616,0.21500456668217616,0.21500456668217616,0.21500456668217616,12.0,0.028420248480038383,0.8333333333333334,0.8333333333333334,0.625,0.5,0.5416666666666666,0.8333333333333334,0.5,0.9166666666666666,せん,差し,2勝クラス
2026-10-11|東京|9R|96dfabd298e67c46|morning|NA,2026-10-11T08:41:10+09:00,base-1.12-calibrated,morning,2026-10-11,東京,9R,鷹巣山特別,芝,1600,良,1,ツルマウカタチ,嶋田,手塚久,True,automation_pre_race,ok,3,0.011782396277386562,0.09050871892435498,5.333762215207956,0.011782396277386562,0.09050871892435498,5.333762215207956,11,×,,,,,,,1,5,58.0,,,5.2,0.0,3.4394014331558185,3.6,5.8,0.5384615384615384,0.5714285714285714,0.5,0.21500456668217616,0.21500456668217616,0.2226584408300617,4.0,,5.0,0.0,339.0,0.0,0.0,4,3.0,40.2,11.0,0.02487562189054726,3.6938669956249757,0.47058823529411764,0.21500456668217616,0.21500456668217616,0.21500456668217616,0.21500456668217616,0.21500456668217616,0.21500456668217616,0.21500456668217616,0.21500456668217616,12.0,0.019653803675250422,0.9166666666666666,0.9166666666666666,0.9166666666666666,0.5,0.5416666666666666,0.4166666666666667,0.25,0.4583333333333333,牡,差し,2勝クラス
2026-10-11|東京|9R|96dfabd298e67c46|morning|NA,2026-10-11T08:41:10+09:00,base-1.12-calibrated,morning,2026-10-11,東京,9R,鷹巣山特別,芝,1600,良,2,ジッピーレーサー,木幡巧,天間,True,automation_pre_race,ok,3,0.0016895799670536753,0.037148893004362624,1.3691059879251546,0.0016895799670536753,0.037148893004362624,1.3691059879251546,12,×,,,,,,,2,9,58.0,,,9.0,0.0,2.0,10.2,12.0,0.1111111111111111,0.23529411764705882,0.125,0.21500456668217616,0.21500456668217616,0.20396145610278374,10.0,,9.0,-200.0,418.0,0.0,0.0,4,3.0,78.5,12.0,0.012738853503184714,4.363098624788363,0.07407407407407407,0.21500456668217616,0.21500456668217616,0.21500456668217616,0.21500456668217616,0.21500456668217616,0.21500456668217616,0.21500456668217616,0.21500456668217616,12.0,0.010064750417134614,1.0,1.0,0.9166666666666666,0.5,0.5416666666666666,0.9166666666666666,0.5833333333333334,1.0,せん,差し,2勝クラス
2026-10-11|東京|10R|0b17f604565e438f|morning|NA,2026-10-11T08:41:11+09:00,base-1.12-calibrated,morning,2026-10-11,東京,10R,テレビ静岡賞,ダート,1400,良,8,セギレエルビエント,荻野極,伊坂,True,automation_pre_race,ok,2,0.1760040150194395,0.33227910447495995,83.306977611874,0.1760040150194395,0.33227910447495995,83.306977611874,1,◎,,,,,,,4,4,56.0,,,1.6,1.0,2.0,4.6,2.0,1.0,1.0,0.7777777777777778,0.18305597579425115,0.21500456668217616,0.19932001699957502,2.0,2.0,9.0,0.0,325.0,0.0,2.0,5,2.0,4.7,1.0,0.2127659574468085,1.547562508716013,0.7142857142857143,0.1945288753799392,0.18571428571428572,0.17207415990730013,0.19555873925501432,0.18305597579425115,0.21500456668217616,0.21500456668217616,0.21500456668217616,16.0,0.1690421769283331,0.0625,0.0625,0.0625,0.9375,0.53125,0.09375,0.0625,0.0625,牝,先行,3勝クラス
2026-10-11|東京|10R|0b17f604565e438f|morning|NA,2026-10-11T08:41:11+09:00,base-1.12-calibrated,morning,2026-10-11,東京,10R,テレビ静岡賞,ダート,1400,良,7,カルパ,ルメール,須貝,True,automation_pre_race,ok,3,0.1432861599819009,0.3917803410730518,66.71148543667054,0.1432861599819009,0.3917803410730518,66.71148543667054,2,○,,,,,,,4,5,58.0,,,4.2,0.4,3.4394014331558185,3.4,2.4,0.6,0.0,0.6,0.5467532467532468,0.21500456668217616,0.19932001699957502,5.0,,2.0,0.0,408.0,0.0,1.0,5,3.0,5.4,3.0,0.18518518518518517,1.6863989535702288,0.8,0.597892176732874,0.5087145969498911,0.49690721649484537,0.500590318772137,0.5467532467532468,0.21500456668217616,0.21500456668217616,0.21500456668217616,16.0,0.14712930214132694,0.1875,0.1875,0.53125,0.0625,0.53125,0.3125,0.9375,0.25,牡,差し,3勝クラス
2026-10-11|東京|10R|0b17f604565e438f|morning|NA,2026-10-11T08:41:11+09:00,base-1.12-calibrated,morning,2026-10-11,東京,10R,テレビ静岡賞,ダート,1400,良,15,ヤマニンアストロン,岩田康,石橋,True,automation_pre_race,ok,3,0.13954709962396955,0.3198339063303589,61.53195309628654,0.13954709962396955,0.3198339063303589,61.53195309628654,3,▲,,,,,,,8,5,58.0,,,6.6,0.2,3.4394014331558185,6.4,6.4,0.6666666666666666,0.21500456668217616,0.21500456668217616,0.21500456668217616,0.21500456668217616,0.19756200084068937,6.0,,9.0,0.0,332.0,0.0,0.0,5,3.0,4.9,2.0,0.2040816326530612,1.589235205116581,0.20929242414002838,0.21500456668217616,0.21500456668217616,0.21500456668217616,0.21500456668217616,0.21500456668217616,0.21500456668217616,0.21500456668217616,0.21500456668217616,16.0,0.16214249623738072,0.125,0.125,0.84375,0.5,0.53125,0.25,0.71875,0.9375,牡,差し,3勝クラス
2026-10-11|東京|10R|0b17f604565e438f|morning|NA,2026-10-11T08:41:11+09:00,base-1.12-calibrated,morning,2026-10-11,東京,10R,テレビ静岡賞,ダート,1400,良,2,アスクアイルビゼア,横山武,矢作,True,automation_pre_race,ok,3,0.07639839869415352,0.21572447352266094,35.60778588724375,0.07639839869415352,0.21572447352266094,35.60778588724375,4,△,,,,,,,1,5,58.0,,,4.6,0.2,2.0,4.0,4.2,0.4,0.21500456668217616,0.45454545454545453,0.21500456668217616,0.21500456668217616,0.17566954153427145,2.0,,1.0,200.0,493.0,0.0,1.0,5,3.0,12.7,5.0,0.07874015748031496,2.5416019934645457,0.5555555555555556,0.21500456668217616,0.21500456668217616,0.21500456668217616,0.21500456668217616,0.21500456668217616,0.21500456668217616,0.21500456668217616,0.21500456668217616,16.0,0.0625589158711154,0.3125,0.3125,0.84375,0.5,0.53125,0.5625,0.71875,0.5625,牡,差し,3勝クラス
2026-10-11|東京|10R|0b17f604565e438f|morning|NA,2026-10-11T08:41:11+09:00,base-1.12-calibrated,morning,2026-10-11,東京,10R,テレビ静岡賞,ダート,1400,良,1,キョウエイカンセ,津村,萱野,True,automation_pre_race,ok,3,0.0671885725737371,0.18723776667737174,35.49433957050251,0.0671885725737371,0.18723776667737174,35.49433957050251,5,△,,,,,,,1,5,58.0,,,4.0,0.6,3.4394014331558185,3.2,6.8,0.2,0.2857142857142857,0.42857142857142855,0.21500456668217616,0.21500456668217616,0.17566954153427145,1.0,,1.0,0.0,291.0,0.0,2.0,5,3.0,13.8,7.0,0.07246376811594203,2.624668592163159,0.4,0.21500456668217616,0.21500456668217616,0.21500456668217616,0.21500456668217616,0.21500456668217616,0.21500456668217616,0.21500456668217616,0.21500456668217616,16.0,0.05757233562051925,0.4375,0.4375,0.21875,0.5,0.53125,0.875,0.5625,0.625,牡,差し,3勝クラス
2026-10-11|東京|10R|0b17f604565e438f|morning|NA,2026-10-11T08:41:11+09:00,base-1.12-calibrated,morning,2026-10-11,東京,10R,テレビ静岡賞,ダート,1400,良,6,メイショウタムシバ,横山和,飯田,True,automation_pre_race,ok,3,0.06543253212350508,0.1552762622135588,32.046779087127966,0.06543253212350508,0.1552762622135588,32.046779087127966,6,☆,,,,,,,3,5,56.0,,,4.2,0.4,3.4394014331558185,7.0,4.6,0.21500456668217616,0.21500456668217616,0.5,0.21500456668217616,0.21500456668217616,0.18768833405079638,5.0,,9.0,-400.0,360.0,0.0,1.0,5,2.0,17.3,9.0,0.057803468208092484,2.8507065015037334,0.625,0.21500456668217616,0.21500456668217616,0.21500456668217616,0.21500456668217616,0.21500456668217616,0.21500456668217616,0.21500456668217616,0.21500456668217616,16.0,0.04592475326954714,0.5625,0.5625,0.53125,0.5,0.53125,0.75,0.71875,0.46875,牝,先行,3勝クラス
2026-10-11|東京|10R|0b17f604565e438f|morning|NA,2026-10-11T08:41:11+09:00,base-1.12-calibrated,morning,2026-10-11,東京,10R,テレビ静岡賞,ダート,1400,良,5,ガンウルフ,Ｍデムーロ,藤岡健,True,automation_pre_race,ok,3,0.06201157135514664,0.21633580173366387,32.309873385408615,0.06201157135514664,0.21633580173366387,32.309873385408615,7,☆,,,,,,,3,6,58.0,,,6.8,0.4,3.4394014331558185,11.0,4.8,0.3333333333333333,0.5555555555555556,0.30434782608695654,0.21500456668217616,0.21500456668217616,0.18768833405079638,12.0,,15.0,0.0,284.0,0.0,0.0,5,2.0,12.5,4.0,0.08,2.5257286443082556,0.2727272727272727,0.21500456668217616,0.21500456668217616,0.21500456668217616,0.21500456668217616,0.21500456668217616,0.21500456668217616,0.21500456668217616,0.21500456668217616,16.0,0.06355985852505325,0.25,0.25,0.53125,0.5,0.53125,0.625,0.375,0.875,牡,先行,3勝クラス
2026-10-11|東京|10R|0b17f604565e438f|morning|NA,2026-10-11T08:41:11+09:00,base-1.12-calibrated,morning,2026-10-11,東京,10R,テレビ静岡賞,ダート,1400,良,11,フウセツ,大野,鈴木慎,True,automation_pre_race,ok,3,0.06180323227857762,0.19805392763330873,33.775884879179564,0.06180323227857762,0.19805392763330873,33.775884879179564,8,注,,,,,,,6,4,58.0,,,3.0,0.6,1.0,6.2,2.2,0.75,0.75,0.75,0.21500456668217616,0.21500456668217616,0.19712959054453355,1.0,,3.0,0.0,311.0,0.0,2.0,5,2.0,12.8,6.0,0.078125,2.5494451709255714,0.6666666666666666,0.21500456668217616,0.21500456668217616,0.21500456668217616,0.21500456668217616,0.21500456668217616,0.21500456668217616,0.21500456668217616,0.21500456668217616,16.0,0.06207017434087231,0.375,0.375,0.21875,0.5,0.53125,0.1875,0.15625,0.125,牡,先行,3勝クラス
2026-10-11|東京|10R|0b17f604565e438f|morning|NA,2026-10-11T08:41:11+09:00,base-1.12-calibrated,morning,2026-10-11,東京,10R,テレビ静岡賞,ダート,1400,良,4,スペイドアン,菊沢,加藤士,True,automation_pre_race,ok,2,0.057055811588933435,0.1911770293037881,31.85069364015385,0.057055811588933435,0.1911770293037881,31.85069364015385,9,注,,,,,,,2,5,58.0,,,5.4,0.6,2.6666666666666665,8.0,3.6,0.21500456668217616,0.75,0.5294117647058824,0.21500456668217616,0.21500456668217616,0.19001325673884226,13.0,3.0,14.0,-400.0,298.0,0.0,0.0,5,1.0,35.7,14.0,0.028011204481792715,3.5751506887855933,0.36363636363636365,0.21500456668217616,0.21500456668217616,0.21500456668217616,0.21500456668217616,0.21500456668217616,0.21500456668217616,0.21500456668217616,0.21500456668217616,16.0,0.02225485242473853,0.875,0.875,0.21875,0.5,0.53125,0.75,0.15625,0.375,牡,逃げ,3勝クラス
2026-10-11|東京|10R|0b17f604565e438f|morning|NA,2026-10-11T08:41:11+09:00,base-1.12-calibrated,morning,2026-10-11,東京,10R,テレビ静岡賞,ダート,1400,良,3,クインズデネブ,吉田豊,小島,True,automation_pre_race,ok,3,0.05177783886620241,0.16784744788149766,25.318247281447555,0.05177783886620241,0.16784744788149766,25.318247281447555,10,注,,,,,,,2,5,56.0,,,4.4,0.2,1.0,2.2,3.8,0.5,0.4444444444444444,0.5454545454545454,0.179940325912325,0.21500456668217616,0.19001325673884226,4.0,,2.0,0.0,311.0,0.0,1.0,5,3.0,16.7,8.0,0.059880239520958084,2.8154087194227095,0.5555555555555556,0.1841286307053942,0.19297503173931443,0.18339100346020762,0.1874569262577533,0.179940325912325,0.21500456668217616,0.21500456668217616,0.21500456668217616,16.0,0.047574744404979975,0.5,0.5,0.84375,1.0,0.53125,0.4375,0.5,0.3125,牝,差し,3勝クラス
2026-10-11|東京|10R|0b17f604565e438f|morning|NA,2026-10-11T08:41:11+09:00,base-1.12-calibrated,morning,2026-10-11,東京,10R,テレビ静岡賞,ダート,1400,良,14,サンドブラスト,丹内,鈴木慎,True,automation_pre_race,ok,3,0.03932112911674299,0.12399880181686523,21.62164668050294,0.03932112911674299,0.12399880181686523,21.62164668050294,11,×,,,,,,,7,5,58.0,,,6.0,0.4,3.0,9.2,4.0,0.21500456668217616,0.21500456668217616,0.3333333333333333,0.21500456668217616,0.21500456668217616,0.20033741037536903,12.0,,15.0,-300.0,360.0,0.0,1.0,5,2.0,24.5,11.0,0.04081632653061224,3.1986731175506815,0.16666666666666666,0.21500456668217616,0.21500456668217616,0.21500456668217616,0.21500456668217616,0.21500456668217616,0.21500456668217616,0.21500456668217616,0.21500456668217616,16.0,0.03242849924747614,0.6875,0.6875,0.53125,0.5,0.53125,0.75,0.71875,0.8125,牡,先行,3勝クラス
2026-10-11|東京|10R|0b17f604565e438f|morning|NA,2026-10-11T08:41:11+09:00,base-1.12-calibrated,morning,2026-10-11,東京,10R,テレビ静岡賞,ダート,1400,良,12,レッドラパルマ,原,平岩,True,automation_pre_race,ok,3,0.028489483773569618,0.10010113144569699,15.02397261272494,0.028489483773569618,0.10010113144569699,15.02397261272494,12,×,,,,,,,6,7,58.0,,,9.4,0.2,2.3333333333333335,12.2,9.6,0.0,0.0,0.4090909090909091,0.21500456668217616,0.21500456668217616,0.19712959054453355,7.0,,13.0,-200.0,322.0,0.0,0.0,5,2.0,30.7,12.0,0.03257328990228013,3.4242626545931514,0.47058823529411764,0.21500456668217616,0.21500456668217616,0.21500456668217616,0.21500456668217616,0.21500456668217616,0.21500456668217616,0.21500456668217616,0.21500456668217616,16.0,0.025879421223555882,0.75,0.75,0.84375,0.5,0.53125,0.96875,0.9375,0.75,せん,先行,3勝クラス
2026-10-11|東京|10R|0b17f604565e438f|morning|NA,2026-10-11T08:41:11+09:00,base-1.12-calibrated,morning,2026-10-11,東京,10R,テレビ静岡賞,ダート,1400,良,10,シャパリュ,三浦,菊沢,True,automation_pre_race,ok,3,0.01754178745889131,0.0913975867181069,12.763292929962061,0.01754178745889131,0.0913975867181069,12.763292929962061,13,×,,,,,,,5,5,58.0,,,6.0,0.4,3.4394014331558185,9.4,5.6,1.0,0.6666666666666666,0.5,0.21500456668217616,0.21500456668217616,0.1895093062605753,15.0,,16.0,-700.0,322.0,0.0,1.0,5,3.0,18.6,10.0,0.05376344086021505,2.9231615807191558,0.5555555555555556,0.21500456668217616,0.21500456668217616,0.21500456668217616,0.21500456668217616,0.21500456668217616,0.21500456668217616,0.21500456668217616,0.21500456668217616,16.0,0.04271495868619169,0.625,0.625,0.53125,0.5,0.53125,0.09375,0.25,0.46875,せん,差し,3勝クラス
2026-10-11|東京|10R|0b17f604565e438f|morning|NA,2026-10-11T08:41:11+09:00,base-1.12-calibrated,morning,2026-10-11,東京,10R,テレビ静岡賞,ダート,1400,良,9,ゴールデンオスカー,松岡,堀内,True,automation_pre_race,ok,3,0.005805657544542898,0.07606317482562736,8.045665347052124,0.005805657544542898,0.07606317482562736,8.045665347052124,14,×,,,,,,,5,5,58.0,,,6.2,0.4,3.4394014331558185,4.6,3.0,0.5,0.5714285714285714,0.4166666666666667,0.21500456668217616,0.21500456668217616,0.1895093062605753,1.0,,1.0,-200.0,325.0,0.0,1.0,5,3.0,43.5,15.0,0.022988505747126436,3.7727609380946383,0.4,0.21500456668217616,0.21500456668217616,0.21500456668217616,0.21500456668217616,0.21500456668217616,0.21500456668217616,0.21500456668217616,0.21500456668217616,16.0,0.018264327162371623,0.9375,0.9375,0.53125,0.5,0.53125,0.4375,0.3125,0.6875,牡,差し,3勝クラス
2026-10-11|東京|10R|0b17f604565e438f|morning|NA,2026-10-11T08:41:11+09:00,base-1.12-calibrated,morning,2026-10-11,東京,10R,テレビ静岡賞,ダート,1400,良,16,アジアミッション,丸田,緒方,True,automation_pre_race,ok,3,0.0042424098709370845,0.058068895778781764,3.0184857525693776,0.0042424098709370845,0.058068895778781764,3.0184857525693776,15,×,,,,,,,8,5,58.0,,,9.5,0.0,5.5,8.25,13.25,0.0,0.0,0.0,0.21500456668217616,0.21500456668217616,0.19756200084068937,7.0,,4.0,0.0,339.0,0.0,0.0,5,4.0,32.7,13.0,0.030581039755351678,3.487375077903208,0.0,0.21500456668217616,0.21500456668217616,0.21500456668217616,0.21500456668217616,0.21500456668217616,0.21500456668217616,0.21500456668217616,0.21500456668217616,16.0,0.02429658200498977,0.8125,0.8125,1.0,0.5,0.53125,0.96875,0.9375,1.0,牡,追込,3勝クラス
2026-10-11|東京|10R|0b17f604565e438f|morning|NA,2026-10-11T08:41:11+09:00,base-1.12-calibrated,morning,2026-10-11,東京,10R,テレビ静岡賞,ダート,1400,良,13,エイプリルインパリ,小崎,高橋忠,True,automation_pre_race,ok,3,0.004094300129750383,0.06401749081750605,9.112502256025515,0.004094300129750383,0.06401749081750605,9.112502256025515,16,×,,,,,,,7,4,56.0,,,3.4,0.6,3.0,6.8,4.0,0.5,0.5,0.6666666666666666,0.21500456668217616,0.21500456668217616,0.20033741037536903,6.0,,10.0,0.0,311.0,0.0,2.0,5,2.0,47.9,16.0,0.020876826722338204,3.8691155044168695,0.75,0.21500456668217616,0.21500456668217616,0.21500456668217616,0.21500456668217616,0.21500456668217616,0.21500456668217616,0.21500456668217616,0.21500456668217616,16.0,0.016586601911548343,1.0,1.0,0.21875,0.5,0.53125,0.4375,0.4375,0.1875,牝,先行,3勝クラス
2026-10-11|東京|11R|8b3314b2cb5fb8c1|morning|NA,2026-10-11T08:41:11+09:00,base-1.12-calibrated,morning,2026-10-11,東京,11R,アイルランドT,芝,1800,良,16,カムニャック,川田,友道,True,automation_pre_race,ok,3,0.22624970826976384,0.4174715587989747,81.43678896997437,0.22624970826976384,0.4174715587989747,81.43678896997437,1,◎,,,,,,,8,4,56.0,,,4.6,0.6,1.0,5.4,3.2,1.0,0.6666666666666666,0.5714285714285714,0.21500456668217616,0.21500456668217616,0.22505543237250555,1.0,,2.0,-600.0,377.0,0.0,3.0,9,3.0,3.7,1.0,0.27027027027027023,1.308332819650179,0.5714285714285714,0.21500456668217616,0.21500456668217616,0.21500456668217616,0.21500456668217616,0.21500456668217616,0.21500456668217616,0.21500456668217616,0.21500456668217616,16.0,0.21447806831005164,0.0625,0.0625,0.375,0.5625,0.53125,0.15625,0.5,0.40625,牝,差し,G2
2026-10-11|東京|11R|8b3314b2cb5fb8c1|morning|NA,2026-10-11T08:41:11+09:00,base-1.12-calibrated,morning,2026-10-11,東京,11R,アイルランドT,芝,1800,良,3,クイーンズウォーク,西村淳,中内田,True,automation_pre_race,ok,3,0.12698081139510192,0.22210904310702512,46.033448213416214,0.12698081139510192,0.22210904310702512,46.033448213416214,2,○,,,,,,,2,5,55.0,,,6.6,0.4,6.0,7.2,4.2,1.0,0.5,0.5454545454545454,0.21500456668217616,0.21500456668217616,0.20396145610278374,9.0,,8.0,-200.0,366.0,0.0,3.0,9,3.0,6.2,2.0,0.16129032258064516,1.824549292051046,0.375,0.21500456668217616,0.21500456668217616,0.21500456668217616,0.21500456668217616,0.21500456668217616,0.21500456668217616,0.21500456668217616,0.21500456668217616,16.0,0.12799497624954698,0.15625,0.125,0.65625,0.5625,0.53125,0.15625,0.6875,0.59375,牝,差し,G2
2026-10-11|東京|11R|8b3314b2cb5fb8c1|morning|NA,2026-10-11T08:41:11+09:00,base-1.12-calibrated,morning,2026-10-11,東京,11R,アイルランドT,芝,1800,良,1,ニシノティアモ,津村,上原佑,True,automation_pre_race,ok,3,0.11266871181745959,0.21201478797316814,45.669323118720584,0.11266871181745959,0.21201478797316814,45.669323118720584,3,▲,,,,,,,1,5,55.0,,,1.8,0.8,3.4394014331558185,4.6,2.6,0.6666666666666666,0.5714285714285714,0.6666666666666666,0.21500456668217616,0.21500456668217616,0.2226584408300617,1.0,,3.0,0.0,332.0,0.0,6.0,9,2.0,10.6,6.0,0.09433962264150944,2.3608540011180215,0.7,0.21500456668217616,0.21500456668217616,0.21500456668217616,0.21500456668217616,0.21500456668217616,0.21500456668217616,0.21500456668217616,0.21500456668217616,16.0,0.07486498610822559,0.375,0.375,0.15625,0.5625,0.53125,0.34375,0.5625,0.15625,牝,先行,G2
2026-10-11|東京|11R|8b3314b2cb5fb8c1|morning|NA,2026-10-11T08:41:11+09:00,base-1.12-calibrated,morning,2026-10-11,東京,11R,アイルランドT,芝,1800,良,15,ジョスラン,ルメール,鹿戸,True,automation_pre_race,ok,3,0.11086641093938897,0.2946850596980651,45.21829114663094,0.11086641093938897,0.2946850596980651,45.21829114663094,4,△,,,,,,,8,4,55.0,,,2.4,0.6,1.0,2.8,2.8,0.6666666666666666,1.0,0.6,0.5467532467532468,0.21500456668217616,0.22505543237250555,1.0,,1.0,0.0,380.0,0.0,6.0,9,3.0,6.6,4.0,0.15151515151515152,1.8870696490323797,0.6,0.597892176732874,0.57177148343735,0.553587786259542,0.5753715498938429,0.5467532467532468,0.21500456668217616,0.21500456668217616,0.21500456668217616,16.0,0.12023770496169564,0.25,0.25,0.375,0.0625,0.53125,0.34375,0.21875,0.3125,牝,差し,G2
2026-10-11|東京|11R|8b3314b2cb5fb8c1|morning|NA,2026-10-11T08:41:11+09:00,base-1.12-calibrated,morning,2026-10-11,東京,11R,アイルランドT,芝,1800,良,11,ラヴァンダ,横山和,中村,True,automation_pre_race,ok,3,0.10951143366800353,0.24874882907694693,45.68060964097677,0.10951143366800353,0.24874882907694693,45.68060964097677,5,△,,,,,,,6,5,56.0,,,5.0,0.8,3.4394014331558185,5.8,4.2,1.0,0.75,0.6470588235294118,0.21500456668217616,0.21500456668217616,0.22683566433566432,3.0,,4.0,0.0,311.0,0.0,3.0,9,3.0,6.2,3.0,0.16129032258064516,1.824549292051046,0.75,0.21500456668217616,0.21500456668217616,0.21500456668217616,0.21500456668217616,0.21500456668217616,0.21500456668217616,0.21500456668217616,0.21500456668217616,16.0,0.12799497624954698,0.15625,0.1875,0.15625,0.5625,0.53125,0.15625,0.4375,0.25,牝,差し,G2
2026-10-11|東京|11R|8b3314b2cb5fb8c1|morning|NA,2026-10-11T08:41:11+09:00,base-1.12-calibrated,morning,2026-10-11,東京,11R,アイルランドT,芝,1800,良,10,セキトバイースト,浜中,四位,True,automation_pre_race,ok,3,0.09998190733215005,0.19764325517901887,37.66520229122941,0.09998190733215005,0.19764325517901887,37.66520229122941,6,☆,,,,,,,5,5,55.0,,,5.6,0.4,3.4394014331558185,8.4,6.6,0.5,0.3333333333333333,0.5625,0.21500456668217616,0.21500456668217616,0.2224760164458657,1.0,,5.0,0.0,311.0,0.0,3.0,9,2.0,9.5,5.0,0.10526315789473684,2.2512917986064953,0.4166666666666667,0.21500456668217616,0.21500456668217616,0.21500456668217616,0.21500456668217616,0.21500456668217616,0.21500456668217616,0.21500456668217616,0.21500456668217616,16.0,0.08353356344707276,0.3125,0.3125,0.65625,0.5625,0.53125,0.5,0.8125,0.5,牝,先行,G2
2026-10-11|東京|11R|8b3314b2cb5fb8c1|morning|NA,2026-10-11T08:41:11+09:00,base-1.12-calibrated,morning,2026-10-11,東京,11R,アイルランドT,芝,1800,良,5,カネラフィーナ,石川,手塚久,True,automation_pre_race,ok,3,0.06439871254904717,0.14618963631404513,32.15605234687885,0.06439871254904717,0.14618963631404513,32.15605234687885,7,☆,,,,,,,3,4,55.0,,,1.2,1.0,3.4394014331558185,2.2,1.6,1.0,1.0,1.0,0.21500456668217616,0.21500456668217616,0.22006141248720573,1.0,,4.0,-200.0,308.0,0.0,5.0,9,2.0,17.7,7.0,0.05649717514124294,2.8735646395797834,1.0,0.21500456668217616,0.21500456668217616,0.21500456668217616,0.21500456668217616,0.21500456668217616,0.21500456668217616,0.21500456668217616,0.21500456668217616,16.0,0.04483439846029329,0.4375,0.4375,0.0625,0.5625,0.53125,0.15625,0.21875,0.0625,牝,先行,G2
2026-10-11|東京|11R|8b3314b2cb5fb8c1|morning|NA,2026-10-11T08:41:11+09:00,base-1.12-calibrated,morning,2026-10-11,東京,11R,アイルランドT,芝,1800,良,9,ウイントワイライト,横山典,西園翔,True,automation_pre_race,ok,3,0.04215173141524615,0.10750316306558276,20.797484379696073,0.04215173141524615,0.10750316306558276,20.797484379696073,8,注,,,,,,,5,4,55.0,,,5.6,0.6,3.4394014331558185,1.8,1.8,0.21500456668217616,1.0,0.5,0.21500456668217616,0.21500456668217616,0.2224760164458657,12.0,,2.0,400.0,284.0,0.0,4.0,9,4.0,18.2,8.0,0.054945054945054944,2.9014215940827497,0.5,0.21500456668217616,0.21500456668217616,0.21500456668217616,0.21500456668217616,0.21500456668217616,0.21500456668217616,0.21500456668217616,0.21500456668217616,16.0,0.043602684216878636,0.5,0.5,0.375,0.5625,0.53125,0.75,0.21875,0.71875,牝,追込,G2
2026-10-11|東京|11R|8b3314b2cb5fb8c1|morning|NA,2026-10-11T08:41:11+09:00,base-1.12-calibrated,morning,2026-10-11,東京,11R,アイルランドT,芝,1800,良,2,チェルビアット,吉村,高野,True,automation_pre_race,ok,3,0.03748935683519197,0.1080884394302879,17.472647831501124,0.03748935683519197,0.1080884394302879,17.472647831501124,9,注,,,,,,,1,4,55.0,,,7.2,0.4,3.4394014331558185,4.6,6.0,0.0,1.0,0.5,0.21500456668217616,0.21500456668217616,0.2226584408300617,13.0,,2.0,200.0,287.0,0.0,3.0,9,3.0,23.2,9.0,0.04310344827586207,3.1441522786722644,0.625,0.21500456668217616,0.21500456668217616,0.21500456668217616,0.21500456668217616,0.21500456668217616,0.21500456668217616,0.21500456668217616,0.21500456668217616,16.0,0.03420555399772376,0.5625,0.5625,0.65625,0.5625,0.53125,0.96875,0.21875,0.71875,牝,差し,G2
2026-10-11|東京|11R|8b3314b2cb5fb8c1|morning|NA,2026-10-11T08:41:11+09:00,base-1.12-calibrated,morning,2026-10-11,東京,11R,アイルランドT,芝,1800,良,8,ルージュソリテール,横山武,藤原,True,automation_pre_race,ok,3,0.02999591186415346,0.09226430644992514,14.924228811261955,0.02999591186415346,0.09226430644992514,14.924228811261955,10,注,,,,,,,4,4,55.0,,,5.2,0.4,3.4394014331558185,5.8,5.4,0.5,1.0,0.4,0.21500456668217616,0.21500456668217616,0.21980676328502416,1.0,,5.0,0.0,401.0,0.0,3.0,9,2.0,24.2,10.0,0.04132231404958678,3.186352633162641,0.25,0.21500456668217616,0.21500456668217616,0.21500456668217616,0.21500456668217616,0.21500456668217616,0.21500456668217616,0.21500456668217616,0.21500456668217616,16.0,0.03279210135318972,0.625,0.625,0.65625,0.5625,0.53125,0.5,0.21875,0.9375,牝,先行,G2
2026-10-11|東京|11R|8b3314b2cb5fb8c1|morning|NA,2026-10-11T08:41:11+09:00,base-1.12-calibrated,morning,2026-10-11,東京,11R,アイルランドT,芝,1800,良,13,ワタシマツワ,小林美,竹内,True,automation_pre_race,ok,3,0.015774046596895006,0.08765193299668432,8.723074461289695,0.015774046596895006,0.08765193299668432,8.723074461289695,11,×,,,,,,,7,4,55.0,,,8.6,0.2,3.4394014331558185,9.2,9.0,0.21500456668217616,0.21500456668217616,0.5714285714285714,0.21500456668217616,0.21500456668217616,0.2209752321981424,14.0,,16.0,400.0,284.0,0.0,5.0,9,2.0,27.2,11.0,0.03676470588235294,3.3032169733019514,0.6666666666666666,0.21500456668217616,0.21500456668217616,0.21500456668217616,0.21500456668217616,0.21500456668217616,0.21500456668217616,0.21500456668217616,0.21500456668217616,16.0,0.029175325468646734,0.6875,0.6875,0.875,0.5625,0.53125,0.75,0.90625,0.40625,牝,先行,G2
2026-10-11|東京|11R|8b3314b2cb5fb8c1|morning|NA,2026-10-11T08:41:11+09:00,base-1.12-calibrated,morning,2026-10-11,東京,11R,アイルランドT,芝,1800,良,12,ミアネーロ,大野,林,True,automation_pre_race,ok,2,0.012025888863194133,0.07004450074715758,5.206068470160638,0.012025888863194133,0.07004450074715758,5.206068470160638,12,×,,,,,,,6,5,55.0,,,7.4,0.0,1.0,3.6,3.4,0.5,0.0,0.3,0.21500456668217616,0.21500456668217616,0.22683566433566432,11.0,1.0,8.0,0.0,311.0,0.0,3.0,9,3.0,37.1,12.0,0.026954177897574122,3.6136169696133895,0.3,0.21500456668217616,0.21500456668217616,0.21500456668217616,0.21500456668217616,0.21500456668217616,0.21500456668217616,0.21500456668217616,0.21500456668217616,16.0,0.021389996030921593,0.75,0.75,1.0,0.5625,0.53125,0.5,1.0,1.0,牝,差し,G2
2026-10-11|東京|11R|8b3314b2cb5fb8c1|morning|NA,2026-10-11T08:41:11+09:00,base-1.12-calibrated,morning,2026-10-11,東京,11R,アイルランドT,芝,1800,良,4,クランフォード,菊沢,杉山晴,True,automation_pre_race,ok,3,0.005569696856369002,0.06238708257584684,5.159813031123369,0.005569696856369002,0.06238708257584684,5.159813031123369,13,×,,,,,,,2,5,55.0,,,8.8,0.2,3.4394014331558185,11.6,3.0,0.21500456668217616,1.0,0.5454545454545454,0.21500456668217616,0.21500456668217616,0.20396145610278374,7.0,,9.0,200.0,294.0,0.0,3.0,9,2.0,55.2,14.0,0.018115942028985508,4.01096295328305,0.5555555555555556,0.21500456668217616,0.21500456668217616,0.21500456668217616,0.21500456668217616,0.21500456668217616,0.21500456668217616,0.21500456668217616,0.21500456668217616,16.0,0.014376247332376652,0.875,0.875,0.875,0.5625,0.53125,0.75,0.21875,0.59375,牝,先行,G2
2026-10-11|東京|11R|8b3314b2cb5fb8c1|morning|NA,2026-10-11T08:41:11+09:00,base-1.12-calibrated,morning,2026-10-11,東京,11R,アイルランドT,芝,1800,良,7,ミラビリスマジック,戸崎圭,千葉,True,automation_pre_race,ok,3,0.004803314960887673,0.05898990283583744,8.854707239552992,0.004803314960887673,0.05898990283583744,8.854707239552992,14,×,,,,,,,4,5,55.0,,,3.6,0.6,3.4394014331558185,5.4,2.4,0.21500456668217616,0.5,0.6666666666666666,0.21500456668217616,0.21500456668217616,0.21980676328502416,8.0,,10.0,200.0,394.0,0.0,4.0,9,2.0,54.8,13.0,0.018248175182481754,4.00369019395397,1.0,0.21500456668217616,0.21500456668217616,0.21500456668217616,0.21500456668217616,0.21500456668217616,0.21500456668217616,0.21500456668217616,0.21500456668217616,16.0,0.014481183444291812,0.8125,0.8125,0.375,0.5625,0.53125,0.75,0.6875,0.15625,牝,先行,G2
2026-10-11|東京|11R|8b3314b2cb5fb8c1|morning|NA,2026-10-11T08:41:11+09:00,base-1.12-calibrated,morning,2026-10-11,東京,11R,アイルランドT,芝,1800,良,14,ハワイアンティアレ,Ｍデムーロ,松永幹,True,automation_pre_race,ok,2,0.0013914338765072896,0.0329017756992955,7.222293866922088,0.0013914338765072896,0.0329017756992955,7.222293866922088,15,×,,,,,,,7,5,55.0,,,3.6,0.6,1.0,4.2,3.6,0.0,0.5,0.42857142857142855,0.21500456668217616,0.21500456668217616,0.2209752321981424,6.0,1.0,6.0,400.0,301.0,0.0,4.0,9,3.0,77.2,15.0,0.012953367875647668,4.3463994570307305,0.36363636363636365,0.21500456668217616,0.21500456668217616,0.21500456668217616,0.21500456668217616,0.21500456668217616,0.21500456668217616,0.21500456668217616,0.21500456668217616,16.0,0.010279389284290041,0.9375,0.9375,0.375,0.5625,0.53125,0.96875,0.6875,0.84375,牝,差し,G2
2026-10-11|東京|11R|8b3314b2cb5fb8c1|morning|NA,2026-10-11T08:41:11+09:00,base-1.12-calibrated,morning,2026-10-11,東京,11R,アイルランドT,芝,1800,良,6,ムイ,木幡巧,笹田,True,automation_pre_race,ok,3,0.00014092276064017403,0.012644832278398483,2.3566069561429246,0.00014092276064017403,0.012644832278398483,2.3566069561429246,16,×,,,,,,,3,4,55.0,,,9.8,0.2,3.4394014331558185,6.0,7.6,0.21500456668217616,0.21500456668217616,0.42857142857142855,0.21500456668217616,0.21500456668217616,0.22006141248720573,10.0,,1.0,600.0,298.0,0.0,3.0,9,4.0,137.8,16.0,0.007256894049346879,4.925803358579558,0.42857142857142855,0.21500456668217616,0.21500456668217616,0.21500456668217616,0.21500456668217616,0.21500456668217616,0.21500456668217616,0.21500456668217616,0.21500456668217616,16.0,0.005758845085248121,1.0,1.0,0.875,0.5625,0.53125,0.75,0.90625,0.84375,牝,追込,G2
2026-10-11|東京|12R|72895afa7bde17dd|morning|NA,2026-10-11T08:41:12+09:00,base-1.12-calibrated,morning,2026-10-11,東京,12R,3歳以上2勝クラス,ダート,1300,良,6,ジャスティンルマン,戸崎圭,杉山晴,True,automation_pre_race,ok,3,0.29196866198948873,0.5858671921840574,87.14667980460145,0.29196866198948873,0.5858671921840574,87.14667980460145,1,◎,,,,,,,3,3,57.0,,,3.75,0.75,3.4394014331558185,4.0,2.0,0.21500456668217616,0.21500456668217616,0.5,0.21500456668217616,0.21500456668217616,0.18768833405079638,10.0,,10.0,-500.0,287.0,0.0,-2.0,4,3.0,2.8,1.0,0.35714285714285715,1.0296194171811581,0.5,0.21500456668217616,0.21500456668217616,0.21500456668217616,0.21500456668217616,0.21500456668217616,0.21500456668217616,0.21500456668217616,0.21500456668217616,16.0,0.2836663923321542,0.0625,0.0625,0.40625,0.5,0.53125,0.625,0.625,0.4375,牡,差し,2勝クラス
2026-10-11|東京|12R|72895afa7bde17dd|morning|NA,2026-10-11T08:41:12+09:00,base-1.12-calibrated,morning,2026-10-11,東京,12R,3歳以上2勝クラス,ダート,1300,良,8,ジャックナダル,川田,伊坂,True,automation_pre_race,ok,3,0.17914115797426192,0.3512720682034521,53.6633944383031,0.17914115797426192,0.3512720682034521,53.6633944383031,2,○,,,,,,,4,3,57.0,,,5.5,0.5,3.4394014331558185,5.5,5.0,0.21500456668217616,0.0,0.5,0.21500456668217616,0.21500456668217616,0.19932001699957502,9.0,,9.0,-300.0,360.0,0.0,2.0,4,3.0,4.8,2.0,0.20833333333333334,1.5686159179138452,1.0,0.21500456668217616,0.21500456668217616,0.21500456668217616,0.21500456668217616,0.21500456668217616,0.21500456668217616,0.21500456668217616,0.21500456668217616,16.0,0.16547206219375662,0.125,0.125,0.6875,0.5,0.53125,0.625,0.90625,0.4375,牡,差し,2勝クラス
2026-10-11|東京|12R|72895afa7bde17dd|morning|NA,2026-10-11T08:41:12+09:00,base-1.12-calibrated,morning,2026-10-11,東京,12R,3歳以上2勝クラス,ダート,1300,良,7,ラインジーク,横山典,水野,True,automation_pre_race,ok,3,0.1481943277503039,0.35806562405551057,49.44364473680604,0.1481943277503039,0.35806562405551057,49.44364473680604,3,▲,,,,,,,4,3,57.0,,,3.0,0.75,2.0,3.25,4.75,1.0,0.6666666666666666,0.75,0.21500456668217616,0.21500456668217616,0.19932001699957502,3.0,,3.0,-100.0,336.0,0.0,2.0,4,2.0,8.2,3.0,0.12195121951219513,2.1041341542702074,0.75,0.21500456668217616,0.21500456668217616,0.21500456668217616,0.21500456668217616,0.21500456668217616,0.21500456668217616,0.21500456668217616,0.21500456668217616,16.0,0.0968616949426868,0.1875,0.1875,0.40625,0.5,0.53125,0.09375,0.125,0.125,牡,先行,2勝クラス
2026-10-11|東京|12R|72895afa7bde17dd|morning|NA,2026-10-11T08:41:12+09:00,base-1.12-calibrated,morning,2026-10-11,東京,12R,3歳以上2勝クラス,ダート,1300,良,1,ピコテンダー,荻野極,上原佑,True,automation_pre_race,ok,2,0.11755978314845587,0.19908364364259762,39.149029725097975,0.11755978314845587,0.19908364364259762,39.149029725097975,4,△,,,,,,,1,4,56.0,,,2.6,0.8,4.0,4.6,1.0,0.21500456668217616,0.6666666666666666,0.8888888888888888,0.18305597579425115,0.21500456668217616,0.17566954153427145,2.0,4.0,3.0,100.0,287.0,0.0,1.0,4,2.0,10.4,4.0,0.09615384615384615,2.341805806147327,0.875,0.1945288753799392,0.18571428571428572,0.17207415990730013,0.19555873925501432,0.18305597579425115,0.21500456668217616,0.21500456668217616,0.21500456668217616,16.0,0.07637172101250304,0.25,0.25,0.1875,1.0,0.53125,0.625,0.125,0.0625,牝,先行,2勝クラス
2026-10-11|東京|12R|72895afa7bde17dd|morning|NA,2026-10-11T08:41:12+09:00,base-1.12-calibrated,morning,2026-10-11,東京,12R,3歳以上2勝クラス,ダート,1300,良,13,ドントゥザムーン,三浦,高木,True,automation_pre_race,ok,3,0.07936096728074897,0.25410517353847034,30.020494232244076,0.07936096728074897,0.25410517353847034,30.020494232244076,5,△,,,,,,,7,4,58.0,,,3.6,0.6,1.0,6.4,3.4,1.0,0.6666666666666666,0.5,0.21500456668217616,0.21500456668217616,0.20033741037536903,4.0,,4.0,100.0,287.0,0.0,0.0,4,2.0,13.4,5.0,0.07462686567164178,2.5952547069568657,0.42857142857142855,0.21500456668217616,0.21500456668217616,0.21500456668217616,0.21500456668217616,0.21500456668217616,0.21500456668217616,0.21500456668217616,0.21500456668217616,16.0,0.05927357451716654,0.3125,0.3125,0.59375,0.5,0.53125,0.09375,0.125,0.4375,牡,先行,2勝クラス
2026-10-11|東京|12R|72895afa7bde17dd|morning|NA,2026-10-11T08:41:12+09:00,base-1.12-calibrated,morning,2026-10-11,東京,12R,3歳以上2勝クラス,ダート,1300,良,14,ベルビースタローン,◇小林美,戸田,True,automation_pre_race,ok,2,0.04161306295141504,0.13906753017594858,14.740864325251673,0.04161306295141504,0.13906753017594858,14.740864325251673,6,☆,,,,,,,7,4,54.0,,,5.6,0.2,1.0,7.8,3.0,0.21500456668217616,0.21500456668217616,0.21500456668217616,0.21500456668217616,0.21500456668217616,0.20033741037536903,6.0,1.0,12.0,-100.0,325.0,0.0,1.0,4,2.0,22.5,9.0,0.044444444444444446,3.1135153092103742,0.20929242414002838,0.21500456668217616,0.21500456668217616,0.21500456668217616,0.21500456668217616,0.21500456668217616,0.21500456668217616,0.21500456668217616,0.21500456668217616,16.0,0.03530070660133475,0.5625,0.5625,0.875,0.5,0.53125,0.625,0.625,0.9375,牝,先行,2勝クラス
2026-10-11|東京|12R|72895afa7bde17dd|morning|NA,2026-10-11T08:41:12+09:00,base-1.12-calibrated,morning,2026-10-11,東京,12R,3歳以上2勝クラス,ダート,1300,良,12,マサノユニコーン,Ｍデムーロ,小島,True,automation_pre_race,ok,3,0.025546510064233335,0.11348377500315908,16.52442788155971,0.025546510064233335,0.11348377500315908,16.52442788155971,7,☆,,,,,,,6,4,58.0,,,3.0,0.8,2.0,6.0,4.0,0.5,0.5,0.7142857142857143,0.21500456668217616,0.21500456668217616,0.19712959054453355,2.0,,6.0,100.0,339.0,0.0,0.0,4,3.0,14.7,6.0,0.06802721088435375,2.6878474937846906,0.6,0.21500456668217616,0.21500456668217616,0.21500456668217616,0.21500456668217616,0.21500456668217616,0.21500456668217616,0.21500456668217616,0.21500456668217616,16.0,0.05403169377755319,0.375,0.375,0.1875,0.5,0.53125,0.21875,0.25,0.1875,牡,差し,2勝クラス
2026-10-11|東京|12R|72895afa7bde17dd|morning|NA,2026-10-11T08:41:12+09:00,base-1.12-calibrated,morning,2026-10-11,東京,12R,3歳以上2勝クラス,ダート,1300,良,10,オカメノコイ,吉村,小笠,True,automation_pre_race,ok,3,0.021229842819030467,0.08671576906485305,10.894222640890185,0.021229842819030467,0.08671576906485305,10.894222640890185,8,注,,,,,,,5,4,56.0,,,7.0,0.4,3.4394014331558185,4.0,8.2,0.21500456668217616,0.0,0.36363636363636365,0.21500456668217616,0.21500456668217616,0.1895093062605753,15.0,,13.0,-500.0,284.0,0.0,0.0,4,4.0,15.9,7.0,0.06289308176100629,2.766319109226186,0.25,0.21500456668217616,0.21500456668217616,0.21500456668217616,0.21500456668217616,0.21500456668217616,0.21500456668217616,0.21500456668217616,0.21500456668217616,16.0,0.04995383009622841,0.4375,0.4375,0.75,0.5,0.53125,0.625,0.90625,0.65625,牝,追込,2勝クラス
2026-10-11|東京|12R|72895afa7bde17dd|morning|NA,2026-10-11T08:41:12+09:00,base-1.12-calibrated,morning,2026-10-11,東京,12R,3歳以上2勝クラス,ダート,1300,良,15,レイアポポ,原,青木,True,automation_pre_race,ok,2,0.01751409185240136,0.0753416967571955,13.78264570847085,0.01751409185240136,0.0753416967571955,13.78264570847085,9,注,,,,,,,8,4,56.0,,,2.8,0.8,2.0,6.6,4.4,0.0,0.0,0.36363636363636365,0.21500456668217616,0.21500456668217616,0.19756200084068937,5.0,1.0,7.0,150.0,363.0,0.0,1.0,4,2.0,39.2,13.0,0.02551020408163265,3.6686767467964168,0.2222222222222222,0.21500456668217616,0.21500456668217616,0.21500456668217616,0.21500456668217616,0.21500456668217616,0.21500456668217616,0.21500456668217616,0.21500456668217616,16.0,0.02026188516658244,0.8125,0.8125,0.1875,0.5,0.53125,1.0,0.90625,0.65625,牝,先行,2勝クラス
2026-10-11|東京|12R|72895afa7bde17dd|morning|NA,2026-10-11T08:41:12+09:00,base-1.12-calibrated,morning,2026-10-11,東京,12R,3歳以上2勝クラス,ダート,1300,良,16,キョウエイカンフ,横山和,勢司,True,automation_pre_race,ok,3,0.01652170919850667,0.08060247646127082,13.693234392733183,0.01652170919850667,0.08060247646127082,13.693234392733183,10,注,,,,,,,8,6,58.0,,,3.6,0.8,3.4394014331558185,3.4,3.8,0.5,0.3333333333333333,0.47368421052631576,0.21500456668217616,0.21500456668217616,0.19756200084068937,6.0,,4.0,100.0,294.0,0.0,0.0,4,4.0,18.9,8.0,0.052910052910052914,2.9391619220655967,0.46153846153846156,0.21500456668217616,0.21500456668217616,0.21500456668217616,0.21500456668217616,0.21500456668217616,0.21500456668217616,0.21500456668217616,0.21500456668217616,16.0,0.042024650715874697,0.5,0.5,0.1875,0.5,0.53125,0.21875,0.4375,0.5625,牡,追込,2勝クラス
2026-10-11|東京|12R|72895afa7bde17dd|morning|NA,2026-10-11T08:41:12+09:00,base-1.12-calibrated,morning,2026-10-11,東京,12R,3歳以上2勝クラス,ダート,1300,良,9,メイショウドライブ,◇永島,鈴木孝,True,automation_pre_race,ok,3,0.016384100133660612,0.07616496627012846,13.551661195253189,0.016384100133660612,0.07616496627012846,13.551661195253189,11,×,,,,,,,5,4,54.0,,,2.6,0.8,3.5,6.2,2.2,0.21500456668217616,0.21500456668217616,0.5555555555555556,0.21500456668217616,0.21500456668217616,0.1895093062605753,1.0,,7.0,100.0,287.0,0.0,1.0,4,2.0,31.9,11.0,0.031347962382445145,3.462606009790799,0.5,0.21500456668217616,0.21500456668217616,0.21500456668217616,0.21500456668217616,0.21500456668217616,0.21500456668217616,0.21500456668217616,0.21500456668217616,16.0,0.024898617508778427,0.6875,0.6875,0.1875,0.5,0.53125,0.625,0.625,0.3125,牝,先行,2勝クラス
2026-10-11|東京|12R|72895afa7bde17dd|morning|NA,2026-10-11T08:41:12+09:00,base-1.12-calibrated,morning,2026-10-11,東京,12R,3歳以上2勝クラス,ダート,1300,良,5,アルジェンタージョ,▲佐藤,伊藤圭,True,automation_pre_race,ok,3,0.015749838386887597,0.06909082198823198,5.2336040314290875,0.015749838386887597,0.06909082198823198,5.2336040314290875,12,×,,,,,,,3,5,53.0,,,8.2,0.0,1.0,8.0,9.0,0.21500456668217616,0.42857142857142855,0.2857142857142857,0.21500456668217616,0.21500456668217616,0.18768833405079638,11.0,,11.0,-100.0,349.0,0.0,0.0,4,3.0,27.2,10.0,0.03676470588235294,3.3032169733019514,0.4,0.21500456668217616,0.21500456668217616,0.21500456668217616,0.21500456668217616,0.21500456668217616,0.21500456668217616,0.21500456668217616,0.21500456668217616,16.0,0.029200952151839404,0.625,0.625,1.0,0.5,0.53125,0.625,0.3125,0.8125,牝,差し,2勝クラス
2026-10-11|東京|12R|72895afa7bde17dd|morning|NA,2026-10-11T08:41:12+09:00,base-1.12-calibrated,morning,2026-10-11,東京,12R,3歳以上2勝クラス,ダート,1300,良,2,ズバットマサムネ,小崎,杉山佳,True,automation_pre_race,ok,3,0.012815536879983937,0.10092696763266666,7.376254009461538,0.012815536879983937,0.10092696763266666,7.376254009461538,13,×,,,,,,,1,5,58.0,,,6.0,0.2,5.0,9.8,8.0,0.21500456668217616,0.21500456668217616,0.2631578947368421,0.21500456668217616,0.21500456668217616,0.17566954153427145,8.0,,11.0,100.0,298.0,0.0,0.0,4,2.0,35.2,12.0,0.028409090909090908,3.5610460826040513,0.1875,0.21500456668217616,0.21500456668217616,0.21500456668217616,0.21500456668217616,0.21500456668217616,0.21500456668217616,0.21500456668217616,0.21500456668217616,16.0,0.022564372117330447,0.75,0.75,0.875,0.5,0.53125,0.625,0.625,0.875,せん,先行,2勝クラス
2026-10-11|東京|12R|72895afa7bde17dd|morning|NA,2026-10-11T08:41:12+09:00,base-1.12-calibrated,morning,2026-10-11,東京,12R,3歳以上2勝クラス,ダート,1300,良,11,イノキ,菊沢,岩戸,True,automation_pre_race,ok,3,0.0089890202174441,0.07412270407715754,5.854262901974193,0.0089890202174441,0.07412270407715754,5.854262901974193,14,×,,,,,,,6,4,58.0,,,6.6,0.2,2.0,6.0,9.6,0.21500456668217616,0.0,0.14285714285714285,0.21500456668217616,0.21500456668217616,0.19712959054453355,5.0,,4.0,100.0,291.0,0.0,1.0,4,3.0,42.4,14.0,0.02358490566037736,3.7471483622379123,0.5,0.21500456668217616,0.21500456668217616,0.21500456668217616,0.21500456668217616,0.21500456668217616,0.21500456668217616,0.21500456668217616,0.21500456668217616,16.0,0.018732686286085657,0.875,0.875,0.875,0.5,0.53125,0.625,0.90625,1.0,牡,差し,2勝クラス
2026-10-11|東京|12R|72895afa7bde17dd|morning|NA,2026-10-11T08:41:12+09:00,base-1.12-calibrated,morning,2026-10-11,東京,12R,3歳以上2勝クラス,ダート,1300,良,4,レディサン,杉原,栗田,True,automation_pre_race,ok,3,0.0045488797681838,0.05660145738329929,9.094404885465265,0.0045488797681838,0.05660145738329929,9.094404885465265,15,×,,,,,,,2,3,55.0,,,2.6666666666666665,0.6666666666666666,3.0,3.6666666666666665,4.0,0.21500456668217616,0.21500456668217616,0.6666666666666666,0.21500456668217616,0.21500456668217616,0.19001325673884226,1.0,,1.0,100.0,408.0,0.0,2.0,4,2.0,88.5,16.0,0.011299435028248588,4.483002552013883,1.0,0.21500456668217616,0.21500456668217616,0.21500456668217616,0.21500456668217616,0.21500456668217616,0.21500456668217616,0.21500456668217616,0.21500456668217616,16.0,0.00897475591559358,1.0,1.0,0.5,0.5,0.53125,0.625,0.625,0.25,牝,先行,2勝クラス
2026-10-11|東京|12R|72895afa7bde17dd|morning|NA,2026-10-11T08:41:12+09:00,base-1.12-calibrated,morning,2026-10-11,東京,12R,3歳以上2勝クラス,ダート,1300,良,3,キョウエイスレーヴ,☆長浜,萱野,True,automation_pre_race,ok,3,0.0028625095849938356,0.046905400014714375,7.809905869634294,0.0028625095849938356,0.046905400014714375,7.809905869634294,16,×,,,,,,,2,4,57.0,,,3.4,0.6,3.5,4.6,4.2,0.21500456668217616,0.4,0.3333333333333333,0.21500456668217616,0.21500456668217616,0.19001325673884226,4.0,,6.0,-100.0,311.0,0.0,1.0,4,3.0,64.0,15.0,0.015625,4.1588830833596715,0.2,0.21500456668217616,0.21500456668217616,0.21500456668217616,0.21500456668217616,0.21500456668217616,0.21500456668217616,0.21500456668217616,0.21500456668217616,16.0,0.012410404664531745,0.9375,0.9375,0.59375,0.5,0.53125,0.625,0.375,0.75,牡,差し,2勝クラス
2026-10-11|京都|1R|9ab30a380cd982bc|morning|NA,2026-10-11T08:41:13+09:00,base-1.12-calibrated,morning,2026-10-11,京都,1R,2歳未勝利,ダート,1200,良,6,グランモンターナ,古川吉,井上,True,automation_pre_race,feature_missing,8,0.29256434303771384,0.5312992982699593,80.43252812357075,0.29256434303771384,0.5312992982699593,80.43252812357075,1,◎,,,,,,,4,2,56.0,,,8.025185683020558,0.21500456668217616,3.4394014331558185,7.494719668074899,7.75818987058195,0.21500456668217616,0.21500456668217616,0.21500456668217616,0.21500456668217616,0.21500456668217616,0.1890648952478283,,,,0.0,,0.0,0.0,2,,2.9,1.0,0.3448275862068966,1.0647107369924282,0.20929242414002838,0.21500456668217616,0.21500456668217616,0.21500456668217616,0.21500456668217616,0.21500456668217616,0.21500456668217616,0.21500456668217616,0.21500456668217616,15.0,0.2741895841062517,0.06666666666666667,0.06666666666666667,0.5333333333333333,0.5333333333333333,0.5333333333333333,0.5333333333333333,0.5333333333333333,0.5333333333333333,牡,,未勝利
2026-10-11|京都|1R|9ab30a380cd982bc|morning|NA,2026-10-11T08:41:13+09:00,base-1.12-calibrated,morning,2026-10-11,京都,1R,2歳未勝利,ダート,1200,良,13,テリオスベラ,松山,松下,True,automation_pre_race,feature_missing,8,0.1908251635164888,0.393577260865995,54.385742911710665,0.1908251635164888,0.393577260865995,54.385742911710665,2,○,,,,,,,7,2,55.0,,,8.025185683020558,0.21500456668217616,3.4394014331558185,7.494719668074899,7.75818987058195,0.21500456668217616,0.21500456668217616,0.21500456668217616,0.21500456668217616,0.21500456668217616,0.20925747348119575,,,,0.0,,0.0,0.0,2,,4.8,2.0,0.20833333333333334,1.5686159179138452,0.20929242414002838,0.21500456668217616,0.21500456668217616,0.21500456668217616,0.21500456668217616,0.21500456668217616,0.21500456668217616,0.21500456668217616,0.21500456668217616,15.0,0.16565620706419376,0.13333333333333333,0.13333333333333333,0.5333333333333333,0.5333333333333333,0.5333333333333333,0.5333333333333333,0.5333333333333333,0.5333333333333333,牝,,未勝利
2026-10-11|京都|1R|9ab30a380cd982bc|morning|NA,2026-10-11T08:41:13+09:00,base-1.12-calibrated,morning,2026-10-11,京都,1R,2歳未勝利,ダート,1200,良,7,タガノレクシア,幸,鈴木孝,True,automation_pre_race,feature_missing,8,0.13857721974490228,0.3369893060240836,41.36294337504165,0.13857721974490228,0.3369893060240836,41.36294337504165,3,▲,,,,,,,4,2,56.0,,,8.025185683020558,0.21500456668217616,3.4394014331558185,7.494719668074899,7.75818987058195,0.21500456668217616,0.21500456668217616,0.21500456668217616,0.21500456668217616,0.21500456668217616,0.1890648952478283,,,,0.0,,0.0,0.0,2,,6.1,3.0,0.1639344262295082,1.8082887711792655,0.20929242414002838,0.21500456668217616,0.21500456668217616,0.21500456668217616,0.21500456668217616,0.21500456668217616,0.21500456668217616,0.21500456668217616,0.21500456668217616,15.0,0.13035242523084098,0.2,0.2,0.5333333333333333,0.5333333333333333,0.5333333333333333,0.5333333333333333,0.5333333333333333,0.5333333333333333,牡,,未勝利
2026-10-11|京都|1R|9ab30a380cd982bc|morning|NA,2026-10-11T08:41:13+09:00,base-1.12-calibrated,morning,2026-10-11,京都,1R,2歳未勝利,ダート,1200,良,4,スティルラブハー,斎藤,杉山佳,True,automation_pre_race,feature_missing,8,0.0978726815853642,0.3039350631285356,31.49312372503949,0.0978726815853642,0.3039350631285356,31.49312372503949,4,△,,,,,,,3,2,56.0,,,8.025185683020558,0.21500456668217616,3.4394014331558185,7.494719668074899,7.75818987058195,0.21500456668217616,0.21500456668217616,0.21500456668217616,0.21500456668217616,0.21500456668217616,0.19470899470899472,,,,0.0,,0.0,0.0,2,,7.7,4.0,0.12987012987012986,2.0412203288596382,0.20929242414002838,0.21500456668217616,0.21500456668217616,0.21500456668217616,0.21500456668217616,0.21500456668217616,0.21500456668217616,0.21500456668217616,0.21500456668217616,15.0,0.10326620700105583,0.26666666666666666,0.26666666666666666,0.5333333333333333,0.5333333333333333,0.5333333333333333,0.5333333333333333,0.5333333333333333,0.5333333333333333,牡,,未勝利
2026-10-11|京都|1R|9ab30a380cd982bc|morning|NA,2026-10-11T08:41:13+09:00,base-1.12-calibrated,morning,2026-10-11,京都,1R,2歳未勝利,ダート,1200,良,10,トリオハピネス,川又,佐藤悠,True,automation_pre_race,feature_missing,8,0.08754801800771081,0.26375570470907866,28.194774676349336,0.08754801800771081,0.26375570470907866,28.194774676349336,5,△,,,,,,,6,2,56.0,,,8.025185683020558,0.21500456668217616,3.4394014331558185,7.494719668074899,7.75818987058195,0.21500456668217616,0.21500456668217616,0.21500456668217616,0.21500456668217616,0.21500456668217616,0.2037037037037037,,,,0.0,,0.0,0.0,2,,11.0,5.0,0.09090909090909091,2.3978952727983707,0.20929242414002838,0.21500456668217616,0.21500456668217616,0.21500456668217616,0.21500456668217616,0.21500456668217616,0.21500456668217616,0.21500456668217616,0.21500456668217616,15.0,0.07228634490073908,0.3333333333333333,0.3333333333333333,0.5333333333333333,0.5333333333333333,0.5333333333333333,0.5333333333333333,0.5333333333333333,0.5333333333333333,牡,,未勝利
2026-10-11|京都|1R|9ab30a380cd982bc|morning|NA,2026-10-11T08:41:13+09:00,base-1.12-calibrated,morning,2026-10-11,京都,1R,2歳未勝利,ダート,1200,良,3,コパノキャンペーン,★河原田,渡辺,True,automation_pre_race,feature_missing,8,0.061316984003708296,0.21091359298612894,21.045885201071393,0.061316984003708296,0.21091359298612894,21.045885201071393,6,☆,,,,,,,2,2,52.0,,,8.025185683020558,0.21500456668217616,3.4394014331558185,7.494719668074899,7.75818987058195,0.21500456668217616,0.21500456668217616,0.21500456668217616,0.21500456668217616,0.21500456668217616,0.1943207126948775,,,,0.0,,0.0,0.0,2,,13.0,6.0,0.07692307692307693,2.5649493574615367,0.20929242414002838,0.21500456668217616,0.21500456668217616,0.21500456668217616,0.21500456668217616,0.21500456668217616,0.21500456668217616,0.21500456668217616,0.21500456668217616,15.0,0.061165368762163844,0.4,0.4,0.5333333333333333,0.5333333333333333,0.5333333333333333,0.5333333333333333,0.5333333333333333,0.5333333333333333,牡,,未勝利
2026-10-11|京都|1R|9ab30a380cd982bc|morning|NA,2026-10-11T08:41:13+09:00,base-1.12-calibrated,morning,2026-10-11,京都,1R,2歳未勝利,ダート,1200,良,11,ジーティーキャメル,☆田山,宮地,True,automation_pre_race,feature_missing,8,0.05520352701834955,0.20628524535499135,19.571929295603866,0.05520352701834955,0.20628524535499135,19.571929295603866,7,☆,,,,,,,6,2,55.0,,,8.025185683020558,0.21500456668217616,3.4394014331558185,7.494719668074899,7.75818987058195,0.21500456668217616,0.21500456668217616,0.21500456668217616,0.21500456668217616,0.21500456668217616,0.2037037037037037,,,,0.0,,0.0,0.0,2,,15.1,7.0,0.06622516556291391,2.714694743820879,0.20929242414002838,0.21500456668217616,0.21500456668217616,0.21500456668217616,0.21500456668217616,0.21500456668217616,0.21500456668217616,0.21500456668217616,0.21500456668217616,15.0,0.052658926748882784,0.4666666666666667,0.4666666666666667,0.5333333333333333,0.5333333333333333,0.5333333333333333,0.5333333333333333,0.5333333333333333,0.5333333333333333,牡,,未勝利
2026-10-11|京都|1R|9ab30a380cd982bc|morning|NA,2026-10-11T08:41:13+09:00,base-1.12-calibrated,morning,2026-10-11,京都,1R,2歳未勝利,ダート,1200,良,14,シガレス,◇今村,武幸,True,automation_pre_race,feature_missing,8,0.02667839362417254,0.13368414294944642,11.419377307949844,0.02667839362417254,0.13368414294944642,11.419377307949844,8,注,,,,,,,8,2,53.0,,,8.025185683020558,0.21500456668217616,3.4394014331558185,7.494719668074899,7.75818987058195,0.21500456668217616,0.21500456668217616,0.21500456668217616,0.21500456668217616,0.21500456668217616,0.22035525684109458,,,,0.0,,0.0,0.0,2,,25.1,8.0,0.0398406374501992,3.2228678461377385,0.20929242414002838,0.21500456668217616,0.21500456668217616,0.21500456668217616,0.21500456668217616,0.21500456668217616,0.21500456668217616,0.21500456668217616,0.21500456668217616,15.0,0.03167927465769442,0.5333333333333333,0.5333333333333333,0.5333333333333333,0.5333333333333333,0.5333333333333333,0.5333333333333333,0.5333333333333333,0.5333333333333333,牝,,未勝利
2026-10-11|京都|1R|9ab30a380cd982bc|morning|NA,2026-10-11T08:41:13+09:00,base-1.12-calibrated,morning,2026-10-11,京都,1R,2歳未勝利,ダート,1200,良,12,ヤマトデュノール,▲森田,安達,True,automation_pre_race,feature_missing,8,0.012922122724353943,0.09930263354157043,7.503562792048518,0.012922122724353943,0.09930263354157043,7.503562792048518,9,注,,,,,,,7,2,53.0,,,8.025185683020558,0.21500456668217616,3.4394014331558185,7.494719668074899,7.75818987058195,0.21500456668217616,0.21500456668217616,0.21500456668217616,0.21500456668217616,0.21500456668217616,0.20925747348119575,,,,0.0,,0.0,0.0,2,,36.7,10.0,0.02724795640326975,3.6027767550605247,0.20929242414002838,0.21500456668217616,0.21500456668217616,0.21500456668217616,0.21500456668217616,0.21500456668217616,0.21500456668217616,0.21500456668217616,0.21500456668217616,15.0,0.021666206918477652,0.6666666666666666,0.6666666666666666,0.5333333333333333,0.5333333333333333,0.5333333333333333,0.5333333333333333,0.5333333333333333,0.5333333333333333,牡,,未勝利
2026-10-11|京都|1R|9ab30a380cd982bc|morning|NA,2026-10-11T08:41:13+09:00,base-1.12-calibrated,morning,2026-10-11,京都,1R,2歳未勝利,ダート,1200,良,1,サウンドエフォート,吉田隼,安達,True,automation_pre_race,feature_missing,8,0.011067641320664443,0.10203803118900542,7.159931388425488,0.011067641320664443,0.10203803118900542,7.159931388425488,10,注,,,,,,,1,2,56.0,,,8.025185683020558,0.21500456668217616,3.4394014331558185,7.494719668074899,7.75818987058195,0.21500456668217616,0.21500456668217616,0.21500456668217616,0.21500456668217616,0.21500456668217616,0.19655581947743467,,,,0.0,,0.0,0.0,2,,36.5,9.0,0.0273972602739726,3.597312260588446,0.20929242414002838,0.21500456668217616,0.21500456668217616,0.21500456668217616,0.21500456668217616,0.21500456668217616,0.21500456668217616,0.21500456668217616,0.21500456668217616,15.0,0.02178492586049671,0.6,0.6,0.5333333333333333,0.5333333333333333,0.5333333333333333,0.5333333333333333,0.5333333333333333,0.5333333333333333,牡,,未勝利
2026-10-11|京都|1R|9ab30a380cd982bc|morning|NA,2026-10-11T08:41:13+09:00,base-1.12-calibrated,morning,2026-10-11,京都,1R,2歳未勝利,ダート,1200,良,5,スイートモンブラン,田口,松下,True,automation_pre_race,feature_missing,8,0.010633082547096155,0.09650213562230758,6.924986621034655,0.010633082547096155,0.09650213562230758,6.924986621034655,11,×,,,,,,,3,2,55.0,,,8.025185683020558,0.21500456668217616,3.4394014331558185,7.494719668074899,7.75818987058195,0.21500456668217616,0.21500456668217616,0.21500456668217616,0.21500456668217616,0.21500456668217616,0.19470899470899472,,,,0.0,,0.0,0.0,2,,39.1,11.0,0.02557544757033248,3.66612246699132,0.20929242414002838,0.21500456668217616,0.21500456668217616,0.21500456668217616,0.21500456668217616,0.21500456668217616,0.21500456668217616,0.21500456668217616,0.21500456668217616,15.0,0.020336311864658056,0.7333333333333333,0.7333333333333333,0.5333333333333333,0.5333333333333333,0.5333333333333333,0.5333333333333333,0.5333333333333333,0.5333333333333333,牝,,未勝利
2026-10-11|京都|1R|9ab30a380cd982bc|morning|NA,2026-10-11T08:41:13+09:00,base-1.12-calibrated,morning,2026-10-11,京都,1R,2歳未勝利,ダート,1200,良,8,ナムラモモタロー,小沢,羽月,True,automation_pre_race,feature_missing,8,0.007700126325476902,0.08119722823306035,5.890739228979943,0.007700126325476902,0.08119722823306035,5.890739228979943,12,×,,,,,,,5,2,56.0,,,8.025185683020558,0.21500456668217616,3.4394014331558185,7.494719668074899,7.75818987058195,0.21500456668217616,0.21500456668217616,0.21500456668217616,0.21500456668217616,0.21500456668217616,0.21343283582089553,,,,0.0,,0.0,0.0,2,,49.0,12.0,0.02040816326530612,3.8918202981106265,0.20929242414002838,0.21500456668217616,0.21500456668217616,0.21500456668217616,0.21500456668217616,0.21500456668217616,0.21500456668217616,0.21500456668217616,0.21500456668217616,15.0,0.01622754681445163,0.8,0.8,0.5333333333333333,0.5333333333333333,0.5333333333333333,0.5333333333333333,0.5333333333333333,0.5333333333333333,牡,,未勝利
2026-10-11|京都|1R|9ab30a380cd982bc|morning|NA,2026-10-11T08:41:13+09:00,base-1.12-calibrated,morning,2026-10-11,京都,1R,2歳未勝利,ダート,1200,良,9,アイルエクラ,松若,新谷,True,automation_pre_race,feature_missing,8,0.0026736183191836916,0.06330721396247864,4.326732752803605,0.0026736183191836916,0.06330721396247864,4.326732752803605,13,×,,,,,,,5,2,56.0,,,8.025185683020558,0.21500456668217616,3.4394014331558185,7.494719668074899,7.75818987058195,0.21500456668217616,0.21500456668217616,0.21500456668217616,0.21500456668217616,0.21500456668217616,0.21343283582089553,,,,0.0,,0.0,0.0,2,,69.8,13.0,0.014326647564469915,4.2456340097683265,0.20929242414002838,0.21500456668217616,0.21500456668217616,0.21500456668217616,0.21500456668217616,0.21500456668217616,0.21500456668217616,0.21500456668217616,0.21500456668217616,15.0,0.011391830858282664,0.8666666666666667,0.8666666666666667,0.5333333333333333,0.5333333333333333,0.5333333333333333,0.5333333333333333,0.5333333333333333,0.5333333333333333,牡,,未勝利
2026-10-11|京都|1R|9ab30a380cd982bc|morning|NA,2026-10-11T08:41:13+09:00,base-1.12-calibrated,morning,2026-10-11,京都,1R,2歳未勝利,ダート,1200,良,15,ユイパルティ,▲大久保,平田,True,automation_pre_race,feature_missing,8,0.0025569107817454777,0.049511380463898996,3.9559076108493114,0.0025569107817454777,0.049511380463898996,3.9559076108493114,14,×,,,,,,,8,2,52.0,,,8.025185683020558,0.21500456668217616,3.4394014331558185,7.494719668074899,7.75818987058195,0.21500456668217616,0.21500456668217616,0.21500456668217616,0.21500456668217616,0.21500456668217616,0.22035525684109458,,,,0.0,,0.0,0.0,2,,101.0,15.0,0.009900990099009901,4.61512051684126,0.20929242414002838,0.21500456668217616,0.21500456668217616,0.21500456668217616,0.21500456668217616,0.21500456668217616,0.21500456668217616,0.21500456668217616,0.21500456668217616,15.0,0.007872770236714158,1.0,1.0,0.5333333333333333,0.5333333333333333,0.5333333333333333,0.5333333333333333,0.5333333333333333,0.5333333333333333,牝,,未勝利
2026-10-11|京都|1R|9ab30a380cd982bc|morning|NA,2026-10-11T08:41:13+09:00,base-1.12-calibrated,morning,2026-10-11,京都,1R,2歳未勝利,ダート,1200,良,2,チョウサクラ,◇古川奈,羽月,True,automation_pre_race,feature_missing,8,0.0018601674430691422,0.05369798826632364,3.905775004702404,0.0018601674430691422,0.05369798826632364,3.905775004702404,15,×,,,,,,,2,2,53.0,,,8.025185683020558,0.21500456668217616,3.4394014331558185,7.494719668074899,7.75818987058195,0.21500456668217616,0.21500456668217616,0.21500456668217616,0.21500456668217616,0.21500456668217616,0.1943207126948775,,,,0.0,,0.0,0.0,2,,84.0,14.0,0.011904761904761904,4.430816798843313,0.20929242414002838,0.21500456668217616,0.21500456668217616,0.21500456668217616,0.21500456668217616,0.21500456668217616,0.21500456668217616,0.21500456668217616,0.21500456668217616,15.0,0.009466068975096784,0.9333333333333333,0.9333333333333333,0.5333333333333333,0.5333333333333333,0.5333333333333333,0.5333333333333333,0.5333333333333333,0.5333333333333333,牝,,未勝利
2026-10-11|京都|2R|a33fe5c410707c7a|morning|NA,2026-10-11T08:41:14+09:00,base-1.12-calibrated,morning,2026-10-11,京都,2R,2歳未勝利,芝,2000,良,3,オンユアマークス,武豊,松永幹,True,automation_pre_race,feature_missing,8,0.3120164390787951,0.6807183380458487,84.16800411796798,0.3120164390787951,0.6807183380458487,84.16800411796798,1,◎,,,,,,,3,2,56.0,,,8.025185683020558,0.21500456668217616,3.4394014331558185,7.494719668074899,7.75818987058195,0.21500456668217616,0.21500456668217616,0.21500456668217616,0.38317757009345793,0.21500456668217616,0.27347611202635913,,,,0.0,,0.0,0.0,2,,2.3,1.0,0.4347826086956522,0.8329091229351039,0.22133347244199458,0.41274658573596357,0.3637160385626643,0.39038031319910516,0.35685109543260307,0.38317757009345793,0.21500456668217616,0.21500456668217616,0.21500456668217616,10.0,0.3402966370776313,0.1,0.1,0.55,0.1,0.55,0.55,0.55,0.55,牡,,未勝利
2026-10-11|京都|2R|a33fe5c410707c7a|morning|NA,2026-10-11T08:41:14+09:00,base-1.12-calibrated,morning,2026-10-11,京都,2R,2歳未勝利,芝,2000,良,2,ロードフローリス,田口,小椋,True,automation_pre_race,feature_missing,8,0.28077587540851084,0.6381863292526588,76.59659604150166,0.28077587540851084,0.6381863292526588,76.59659604150166,2,○,,,,,,,2,2,56.0,,,8.025185683020558,0.21500456668217616,3.4394014331558185,7.494719668074899,7.75818987058195,0.21500456668217616,0.21500456668217616,0.21500456668217616,0.21500456668217616,0.21500456668217616,0.24784853700516352,,,,0.0,,0.0,0.0,2,,2.9,2.0,0.3448275862068966,1.0647107369924282,0.22133347244199458,0.21500456668217616,0.21500456668217616,0.21500456668217616,0.21500456668217616,0.21500456668217616,0.21500456668217616,0.21500456668217616,0.21500456668217616,10.0,0.26989043630294896,0.2,0.2,0.55,0.6,0.55,0.55,0.55,0.55,牡,,未勝利
2026-10-11|京都|2R|a33fe5c410707c7a|morning|NA,2026-10-11T08:41:14+09:00,base-1.12-calibrated,morning,2026-10-11,京都,2R,2歳未勝利,芝,2000,良,8,ウィナーズチェック,松山,和田勇,True,automation_pre_race,feature_missing,8,0.10909328066119539,0.3574444270408159,33.812725698974575,0.10909328066119539,0.3574444270408159,33.812725698974575,3,▲,,,,,,,7,2,55.0,,,8.025185683020558,0.21500456668217616,3.4394014331558185,7.494719668074899,7.75818987058195,0.21500456668217616,0.21500456668217616,0.21500456668217616,0.21500456668217616,0.21500456668217616,0.24351050679851668,,,,0.0,,0.0,0.0,2,,8.2,4.0,0.12195121951219513,2.1041341542702074,0.22133347244199458,0.21500456668217616,0.21500456668217616,0.21500456668217616,0.21500456668217616,0.21500456668217616,0.21500456668217616,0.21500456668217616,0.21500456668217616,10.0,0.09544905674128683,0.4,0.4,0.55,0.6,0.55,0.55,0.55,0.55,牝,,未勝利
2026-10-11|京都|2R|a33fe5c410707c7a|morning|NA,2026-10-11T08:41:14+09:00,base-1.12-calibrated,morning,2026-10-11,京都,2R,2歳未勝利,芝,2000,良,4,ルパドゥクール,北村友,上村,True,automation_pre_race,feature_missing,8,0.10406948360267192,0.3830128682886429,33.40536748603641,0.10406948360267192,0.3830128682886429,33.40536748603641,4,△,,,,,,,4,2,55.0,,,8.025185683020558,0.21500456668217616,3.4394014331558185,7.494719668074899,7.75818987058195,0.21500456668217616,0.21500456668217616,0.21500456668217616,0.21500456668217616,0.21500456668217616,0.2874806800618238,,,,0.0,,0.0,0.0,2,,8.0,3.0,0.125,2.0794415416798357,0.22133347244199458,0.21500456668217616,0.21500456668217616,0.21500456668217616,0.21500456668217616,0.21500456668217616,0.21500456668217616,0.21500456668217616,0.21500456668217616,10.0,0.097835283159819,0.3,0.3,0.55,0.6,0.55,0.55,0.55,0.55,牝,,未勝利
2026-10-11|京都|2R|a33fe5c410707c7a|morning|NA,2026-10-11T08:41:14+09:00,base-1.12-calibrated,morning,2026-10-11,京都,2R,2歳未勝利,芝,2000,良,9,ソウカイファンキー,松若,杉山佳,True,automation_pre_race,feature_missing,8,0.10212616881069661,0.3085400138286639,31.13871020675218,0.10212616881069661,0.3085400138286639,31.13871020675218,5,△,,,,,,,8,2,56.0,,,8.025185683020558,0.21500456668217616,3.4394014331558185,7.494719668074899,7.75818987058195,0.21500456668217616,0.21500456668217616,0.21500456668217616,0.21500456668217616,0.21500456668217616,0.25526932084309134,,,,0.0,,0.0,0.0,2,,9.7,5.0,0.10309278350515465,2.272125885509337,0.22133347244199458,0.21500456668217616,0.21500456668217616,0.21500456668217616,0.21500456668217616,0.21500456668217616,0.21500456668217616,0.21500456668217616,0.21500456668217616,10.0,0.08068889332768578,0.5,0.5,0.55,0.6,0.55,0.55,0.55,0.55,牡,,未勝利
2026-10-11|京都|2R|a33fe5c410707c7a|morning|NA,2026-10-11T08:41:14+09:00,base-1.12-calibrated,morning,2026-10-11,京都,2R,2歳未勝利,芝,2000,良,6,ハヤブサカツオー,吉田隼,岡田,True,automation_pre_race,feature_missing,8,0.05409259389584956,0.22933757461808724,19.152181686882912,0.05409259389584956,0.22933757461808724,19.152181686882912,6,☆,,,,,,,6,2,56.0,,,8.025185683020558,0.21500456668217616,3.4394014331558185,7.494719668074899,7.75818987058195,0.21500456668217616,0.21500456668217616,0.21500456668217616,0.21500456668217616,0.21500456668217616,0.24010914051841747,,,,0.0,,0.0,0.0,2,,17.8,6.0,0.056179775280898875,2.8791984572980396,0.22133347244199458,0.21500456668217616,0.21500456668217616,0.21500456668217616,0.21500456668217616,0.21500456668217616,0.21500456668217616,0.21500456668217616,0.21500456668217616,10.0,0.04397091377969393,0.6,0.6,0.55,0.6,0.55,0.55,0.55,0.55,牡,,未勝利
2026-10-11|京都|2R|a33fe5c410707c7a|morning|NA,2026-10-11T08:41:14+09:00,base-1.12-calibrated,morning,2026-10-11,京都,2R,2歳未勝利,芝,2000,良,5,ジーティールーナ,国分恭,緒方,True,automation_pre_race,feature_missing,8,0.01451787728852541,0.12254007341361453,8.237945917002838,0.01451787728852541,0.12254007341361453,8.237945917002838,7,☆,,,,,,,5,2,55.0,,,8.025185683020558,0.21500456668217616,3.4394014331558185,7.494719668074899,7.75818987058195,0.21500456668217616,0.21500456668217616,0.21500456668217616,0.21500456668217616,0.21500456668217616,0.25,,,,0.0,,0.0,0.0,2,,34.2,8.0,0.029239766081871343,3.5322256440685598,0.22133347244199458,0.21500456668217616,0.21500456668217616,0.21500456668217616,0.21500456668217616,0.21500456668217616,0.21500456668217616,0.21500456668217616,0.21500456668217616,10.0,0.022885446353174032,0.8,0.8,0.55,0.6,0.55,0.55,0.55,0.55,牝,,未勝利
2026-10-11|京都|2R|a33fe5c410707c7a|morning|NA,2026-10-11T08:41:14+09:00,base-1.12-calibrated,morning,2026-10-11,京都,2R,2歳未勝利,芝,2000,良,10,パーセンタイル,▲森田,前川,True,automation_pre_race,feature_missing,8,0.014422882889622138,0.12514247300960663,8.283216449824856,0.014422882889622138,0.12514247300960663,8.283216449824856,8,注,,,,,,,8,2,53.0,,,8.025185683020558,0.21500456668217616,3.4394014331558185,7.494719668074899,7.75818987058195,0.21500456668217616,0.21500456668217616,0.21500456668217616,0.21500456668217616,0.21500456668217616,0.25526932084309134,,,,0.0,,0.0,0.0,2,,33.0,7.0,0.030303030303030304,3.4965075614664802,0.22133347244199458,0.21500456668217616,0.21500456668217616,0.21500456668217616,0.21500456668217616,0.21500456668217616,0.21500456668217616,0.21500456668217616,0.21500456668217616,10.0,0.023717644402380365,0.7,0.7,0.55,0.6,0.55,0.55,0.55,0.55,牡,,未勝利
2026-10-11|京都|2R|a33fe5c410707c7a|morning|NA,2026-10-11T08:41:14+09:00,base-1.12-calibrated,morning,2026-10-11,京都,2R,2歳未勝利,芝,2000,良,7,ツーエムブレード,☆田山,東田,True,automation_pre_race,feature_missing,8,0.006695232207945181,0.09094840866340545,5.81852243737855,0.006695232207945181,0.09094840866340545,5.81852243737855,9,注,,,,,,,7,2,55.0,,,8.025185683020558,0.21500456668217616,3.4394014331558185,7.494719668074899,7.75818987058195,0.21500456668217616,0.21500456668217616,0.21500456668217616,0.21500456668217616,0.21500456668217616,0.24351050679851668,,,,0.0,,0.0,0.0,2,,51.3,9.0,0.019493177387914232,3.937690752176724,0.22133347244199458,0.21500456668217616,0.21500456668217616,0.21500456668217616,0.21500456668217616,0.21500456668217616,0.21500456668217616,0.21500456668217616,0.21500456668217616,10.0,0.015256964235449358,0.9,0.9,0.55,0.6,0.55,0.55,0.55,0.55,牡,,未勝利
2026-10-11|京都|2R|a33fe5c410707c7a|morning|NA,2026-10-11T08:41:14+09:00,base-1.12-calibrated,morning,2026-10-11,京都,2R,2歳未勝利,芝,2000,良,1,プラトーローザ,小沢,羽月,True,automation_pre_race,feature_missing,8,0.002190166156187707,0.06218450598274736,4.160918892187382,0.002190166156187707,0.06218450598274736,4.160918892187382,10,注,,,,,,,1,2,55.0,,,8.025185683020558,0.21500456668217616,3.4394014331558185,7.494719668074899,7.75818987058195,0.21500456668217616,0.21500456668217616,0.21500456668217616,0.21500456668217616,0.21500456668217616,0.27041742286751363,,,,0.0,,0.0,0.0,2,,78.2,10.0,0.01278772378516624,4.359269647551265,0.22133347244199458,0.21500456668217616,0.21500456668217616,0.21500456668217616,0.21500456668217616,0.21500456668217616,0.21500456668217616,0.21500456668217616,0.21500456668217616,10.0,0.010008724619930331,1.0,1.0,0.55,0.6,0.55,0.55,0.55,0.55,牝,,未勝利
2026-10-11|京都|3R|41b9f2361c84d5bb|morning|NA,2026-10-11T08:41:15+09:00,base-1.12-calibrated,morning,2026-10-11,京都,3R,2歳新馬,ダート,1400,良,11,マイエスタ,北村友,中村,True,automation_pre_race,feature_missing,8,0.13955892855488158,0.34645756578854464,75.81148481153538,0.13955892855488158,0.34645756578854464,75.81148481153538,1,◎,,,,,,,6,2,55.0,,,8.025185683020558,0.21500456668217616,3.4394014331558185,7.494719668074899,7.75818987058195,0.21500456668217616,0.21500456668217616,0.21500456668217616,0.21500456668217616,0.21500456668217616,0.2037037037037037,,,,0.0,,0.0,0.0,1,,5.4,1.0,0.18518518518518517,1.6863989535702288,0.20929242414002838,0.21500456668217616,0.21500456668217616,0.21500456668217616,0.21500456668217616,0.21500456668217616,0.21500456668217616,0.21500456668217616,0.21500456668217616,16.0,0.14733952691263086,0.0625,0.0625,0.53125,0.53125,0.53125,0.53125,0.53125,0.53125,牝,,新馬
2026-10-11|京都|3R|41b9f2361c84d5bb|morning|NA,2026-10-11T08:41:15+09:00,base-1.12-calibrated,morning,2026-10-11,京都,3R,2歳新馬,ダート,1400,良,4,ペプチドカトレア,斎藤,小椋,True,automation_pre_race,feature_missing,8,0.12924028036419857,0.3275814655185093,70.53364018886579,0.12924028036419857,0.3275814655185093,70.53364018886579,2,○,,,,,,,2,2,55.0,,,8.025185683020558,0.21500456668217616,3.4394014331558185,7.494719668074899,7.75818987058195,0.21500456668217616,0.21500456668217616,0.21500456668217616,0.21500456668217616,0.21500456668217616,0.1943207126948775,,,,0.0,,0.0,0.0,1,,6.0,2.0,0.16666666666666666,1.791759469228055,0.20929242414002838,0.21500456668217616,0.21500456668217616,0.21500456668217616,0.21500456668217616,0.21500456668217616,0.21500456668217616,0.21500456668217616,0.21500456668217616,16.0,0.13260557422136776,0.15625,0.125,0.53125,0.53125,0.53125,0.53125,0.53125,0.53125,牝,,新馬
2026-10-11|京都|3R|41b9f2361c84d5bb|morning|NA,2026-10-11T08:41:15+09:00,base-1.12-calibrated,morning,2026-10-11,京都,3R,2歳新馬,ダート,1400,良,6,ギョニソ,◇今村,須貝,True,automation_pre_race,feature_missing,8,0.12755548067702846,0.3238540535947217,69.65575425713882,0.12755548067702846,0.3238540535947217,69.65575425713882,3,▲,,,,,,,3,2,53.0,,,8.025185683020558,0.21500456668217616,3.4394014331558185,7.494719668074899,7.75818987058195,0.21500456668217616,0.21500456668217616,0.21500456668217616,0.21500456668217616,0.21500456668217616,0.19470899470899472,,,,0.0,,0.0,0.0,1,,6.0,3.0,0.16666666666666666,1.791759469228055,0.20929242414002838,0.21500456668217616,0.21500456668217616,0.21500456668217616,0.21500456668217616,0.21500456668217616,0.21500456668217616,0.21500456668217616,0.21500456668217616,16.0,0.13260557422136776,0.15625,0.1875,0.53125,0.53125,0.53125,0.53125,0.53125,0.53125,牝,,新馬
2026-10-11|京都|3R|41b9f2361c84d5bb|morning|NA,2026-10-11T08:41:15+09:00,base-1.12-calibrated,morning,2026-10-11,京都,3R,2歳新馬,ダート,1400,良,1,ヒメハッカ,松山,寺島,True,automation_pre_race,feature_missing,8,0.11600785511601028,0.30631691389699867,63.83898366047839,0.11600785511601028,0.30631691389699867,63.83898366047839,4,△,,,,,,,1,2,55.0,,,8.025185683020558,0.21500456668217616,3.4394014331558185,7.494719668074899,7.75818987058195,0.21500456668217616,0.21500456668217616,0.21500456668217616,0.21500456668217616,0.21500456668217616,0.19655581947743467,,,,0.0,,0.0,0.0,1,,6.9,4.0,0.14492753623188406,1.9315214116032138,0.20929242414002838,0.21500456668217616,0.21500456668217616,0.21500456668217616,0.21500456668217616,0.21500456668217616,0.21500456668217616,0.21500456668217616,0.21500456668217616,16.0,0.11530919497510242,0.25,0.25,0.53125,0.53125,0.53125,0.53125,0.53125,0.53125,牝,,新馬
2026-10-11|京都|3R|41b9f2361c84d5bb|morning|NA,2026-10-11T08:41:15+09:00,base-1.12-calibrated,morning,2026-10-11,京都,3R,2歳新馬,ダート,1400,良,13,クレセンティア,坂井,田中克,True,automation_pre_race,feature_missing,8,0.10079789828987719,0.26372172176328,55.69001970762244,0.10079789828987719,0.26372172176328,55.69001970762244,5,△,,,,,,,7,2,55.0,,,8.025185683020558,0.21500456668217616,3.4394014331558185,7.494719668074899,7.75818987058195,0.21500456668217616,0.21500456668217616,0.21500456668217616,0.21500456668217616,0.21500456668217616,0.20925747348119575,,,,0.0,,0.0,0.0,1,,9.1,5.0,0.10989010989010989,2.2082744135228043,0.20929242414002838,0.21500456668217616,0.21500456668217616,0.21500456668217616,0.21500456668217616,0.21500456668217616,0.21500456668217616,0.21500456668217616,0.21500456668217616,16.0,0.08743224673936337,0.3125,0.3125,0.53125,0.53125,0.53125,0.53125,0.53125,0.53125,牝,,新馬
2026-10-11|京都|3R|41b9f2361c84d5bb|morning|NA,2026-10-11T08:41:15+09:00,base-1.12-calibrated,morning,2026-10-11,京都,3R,2歳新馬,ダート,1400,良,10,ウインブリーズ,☆田山,宮本,True,automation_pre_race,feature_missing,8,0.09127401964812352,0.25130771052267303,50.94389367134596,0.09127401964812352,0.25130771052267303,50.94389367134596,6,☆,,,,,,,5,2,54.0,,,8.025185683020558,0.21500456668217616,3.4394014331558185,7.494719668074899,7.75818987058195,0.21500456668217616,0.21500456668217616,0.21500456668217616,0.21500456668217616,0.21500456668217616,0.21343283582089553,,,,0.0,,0.0,0.0,1,,10.5,6.0,0.09523809523809523,2.3513752571634776,0.20929242414002838,0.21500456668217616,0.21500456668217616,0.21500456668217616,0.21500456668217616,0.21500456668217616,0.21500456668217616,0.21500456668217616,0.21500456668217616,16.0,0.07577461384078159,0.375,0.375,0.53125,0.53125,0.53125,0.53125,0.53125,0.53125,牝,,新馬
2026-10-11|京都|3R|41b9f2361c84d5bb|morning|NA,2026-10-11T08:41:15+09:00,base-1.12-calibrated,morning,2026-10-11,京都,3R,2歳新馬,ダート,1400,良,9,ルージュミスティカ,幸,大久保,True,automation_pre_race,feature_missing,8,0.0802883741691098,0.23436043810221566,45.40361370742376,0.0802883741691098,0.23436043810221566,45.40361370742376,7,☆,,,,,,,5,2,55.0,,,8.025185683020558,0.21500456668217616,3.4394014331558185,7.494719668074899,7.75818987058195,0.21500456668217616,0.21500456668217616,0.21500456668217616,0.21500456668217616,0.21500456668217616,0.21343283582089553,,,,0.0,,0.0,0.0,1,,12.3,7.0,0.08130081300813008,2.509599262378372,0.20929242414002838,0.21500456668217616,0.21500456668217616,0.21500456668217616,0.21500456668217616,0.21500456668217616,0.21500456668217616,0.21500456668217616,0.21500456668217616,16.0,0.06468564596164282,0.4375,0.4375,0.53125,0.53125,0.53125,0.53125,0.53125,0.53125,牝,,新馬
2026-10-11|京都|3R|41b9f2361c84d5bb|morning|NA,2026-10-11T08:41:15+09:00,base-1.12-calibrated,morning,2026-10-11,京都,3R,2歳新馬,ダート,1400,良,3,アルフェラッツ,★河原田,渡辺,True,automation_pre_race,feature_missing,8,0.043685551846117804,0.1488841174166907,26.21882867065901,0.043685551846117804,0.1488841174166907,26.21882867065901,8,注,,,,,,,2,2,51.0,,,8.025185683020558,0.21500456668217616,3.4394014331558185,7.494719668074899,7.75818987058195,0.21500456668217616,0.21500456668217616,0.21500456668217616,0.21500456668217616,0.21500456668217616,0.1943207126948775,,,,0.0,,0.0,0.0,1,,19.2,8.0,0.052083333333333336,2.954910279033736,0.20929242414002838,0.21500456668217616,0.21500456668217616,0.21500456668217616,0.21500456668217616,0.21500456668217616,0.21500456668217616,0.21500456668217616,0.21500456668217616,16.0,0.04143924194417743,0.5,0.5,0.53125,0.53125,0.53125,0.53125,0.53125,0.53125,牝,,新馬
2026-10-11|京都|3R|41b9f2361c84d5bb|morning|NA,2026-10-11T08:41:15+09:00,base-1.12-calibrated,morning,2026-10-11,京都,3R,2歳新馬,ダート,1400,良,16,テーオーローズ,菱田,岡田,True,automation_pre_race,feature_missing,8,0.04295741425322642,0.15705355767807358,26.083932354897716,0.04295741425322642,0.15705355767807358,26.083932354897716,9,注,,,,,,,8,2,55.0,,,8.025185683020558,0.21500456668217616,3.4394014331558185,7.494719668074899,7.75818987058195,0.21500456668217616,0.21500456668217616,0.21500456668217616,0.21500456668217616,0.21500456668217616,0.22035525684109458,,,,0.0,,0.0,0.0,1,,21.5,9.0,0.046511627906976744,3.068052935133617,0.20929242414002838,0.21500456668217616,0.21500456668217616,0.21500456668217616,0.21500456668217616,0.21500456668217616,0.21500456668217616,0.21500456668217616,0.21500456668217616,16.0,0.037006206759451474,0.5625,0.5625,0.53125,0.53125,0.53125,0.53125,0.53125,0.53125,牝,,新馬
2026-10-11|京都|3R|41b9f2361c84d5bb|morning|NA,2026-10-11T08:41:15+09:00,base-1.12-calibrated,morning,2026-10-11,京都,3R,2歳新馬,ダート,1400,良,7,ダノンエポナ,角田和,千田,True,automation_pre_race,feature_missing,8,0.03709495498642528,0.15805824148760855,23.378591024523985,0.03709495498642528,0.15805824148760855,23.378591024523985,10,注,,,,,,,4,2,55.0,,,8.025185683020558,0.21500456668217616,3.4394014331558185,7.494719668074899,7.75818987058195,0.21500456668217616,0.21500456668217616,0.21500456668217616,0.21500456668217616,0.21500456668217616,0.1890648952478283,,,,0.0,,0.0,0.0,1,,21.8,10.0,0.04587155963302752,3.0819099697950434,0.20929242414002838,0.21500456668217616,0.21500456668217616,0.21500456668217616,0.21500456668217616,0.21500456668217616,0.21500456668217616,0.21500456668217616,0.21500456668217616,16.0,0.03649694703340397,0.625,0.625,0.53125,0.53125,0.53125,0.53125,0.53125,0.53125,牝,,新馬
2026-10-11|京都|3R|41b9f2361c84d5bb|morning|NA,2026-10-11T08:41:15+09:00,base-1.12-calibrated,morning,2026-10-11,京都,3R,2歳新馬,ダート,1400,良,12,アンジュエール,鮫島駿,前川,True,automation_pre_race,feature_missing,8,0.029343965872269062,0.13656948746146902,19.23132516622219,0.029343965872269062,0.13656948746146902,19.23132516622219,11,×,,,,,,,6,2,55.0,,,8.025185683020558,0.21500456668217616,3.4394014331558185,7.494719668074899,7.75818987058195,0.21500456668217616,0.21500456668217616,0.21500456668217616,0.21500456668217616,0.21500456668217616,0.2037037037037037,,,,0.0,,0.0,0.0,1,,25.5,11.0,0.0392156862745098,3.2386784521643803,0.20929242414002838,0.21500456668217616,0.21500456668217616,0.21500456668217616,0.21500456668217616,0.21500456668217616,0.21500456668217616,0.21500456668217616,0.21500456668217616,16.0,0.0312013115814983,0.6875,0.6875,0.53125,0.53125,0.53125,0.53125,0.53125,0.53125,牝,,新馬
2026-10-11|京都|3R|41b9f2361c84d5bb|morning|NA,2026-10-11T08:41:15+09:00,base-1.12-calibrated,morning,2026-10-11,京都,3R,2歳新馬,ダート,1400,良,8,メイショウノゾミ,太宰,本田,True,automation_pre_race,feature_missing,8,0.02408925738772199,0.11941868153111261,16.35515838750518,0.02408925738772199,0.11941868153111261,16.35515838750518,12,×,,,,,,,4,2,55.0,,,8.025185683020558,0.21500456668217616,3.4394014331558185,7.494719668074899,7.75818987058195,0.21500456668217616,0.21500456668217616,0.21500456668217616,0.21500456668217616,0.21500456668217616,0.1890648952478283,,,,0.0,,0.0,0.0,1,,27.8,13.0,0.03597122302158273,3.3250360206965914,0.20929242414002838,0.21500456668217616,0.21500456668217616,0.21500456668217616,0.21500456668217616,0.21500456668217616,0.21500456668217616,0.21500456668217616,0.21500456668217616,16.0,0.028619908105331174,0.8125,0.8125,0.53125,0.53125,0.53125,0.53125,0.53125,0.53125,牝,,新馬
2026-10-11|京都|3R|41b9f2361c84d5bb|morning|NA,2026-10-11T08:41:15+09:00,base-1.12-calibrated,morning,2026-10-11,京都,3R,2歳新馬,ダート,1400,良,5,ノーブルヴィジョン,松若,今野,True,automation_pre_race,feature_missing,8,0.02185060769822651,0.11865229342901848,15.293340710117606,0.02185060769822651,0.11865229342901848,15.293340710117606,13,×,,,,,,,3,2,55.0,,,8.025185683020558,0.21500456668217616,3.4394014331558185,7.494719668074899,7.75818987058195,0.21500456668217616,0.21500456668217616,0.21500456668217616,0.21500456668217616,0.21500456668217616,0.19470899470899472,,,,0.0,,0.0,0.0,1,,27.5,12.0,0.03636363636363636,3.3141860046725258,0.20929242414002838,0.21500456668217616,0.21500456668217616,0.21500456668217616,0.21500456668217616,0.21500456668217616,0.21500456668217616,0.21500456668217616,0.21500456668217616,16.0,0.028932125284662057,0.75,0.75,0.53125,0.53125,0.53125,0.53125,0.53125,0.53125,牝,,新馬
2026-10-11|京都|3R|41b9f2361c84d5bb|morning|NA,2026-10-11T08:41:15+09:00,base-1.12-calibrated,morning,2026-10-11,京都,3R,2歳新馬,ダート,1400,良,14,メネルブ,川須,中尾,True,automation_pre_race,feature_missing,8,0.006410176159484253,0.07713172862755999,7.063898134655809,0.006410176159484253,0.07713172862755999,7.063898134655809,14,×,,,,,,,7,2,55.0,,,8.025185683020558,0.21500456668217616,3.4394014331558185,7.494719668074899,7.75818987058195,0.21500456668217616,0.21500456668217616,0.21500456668217616,0.21500456668217616,0.21500456668217616,0.20925747348119575,,,,0.0,,0.0,0.0,1,,55.2,15.0,0.018115942028985508,4.01096295328305,0.20929242414002838,0.21500456668217616,0.21500456668217616,0.21500456668217616,0.21500456668217616,0.21500456668217616,0.21500456668217616,0.21500456668217616,0.21500456668217616,16.0,0.014413649371887802,0.9375,0.9375,0.53125,0.53125,0.53125,0.53125,0.53125,0.53125,牝,,新馬
2026-10-11|京都|3R|41b9f2361c84d5bb|morning|NA,2026-10-11T08:41:15+09:00,base-1.12-calibrated,morning,2026-10-11,京都,3R,2歳新馬,ダート,1400,良,2,テムバンヴァン,高倉,畑端,True,automation_pre_race,feature_missing,8,0.005627881881195076,0.07665727226962929,6.68768076070169,0.005627881881195076,0.07665727226962929,6.68768076070169,15,×,,,,,,,1,2,55.0,,,8.025185683020558,0.21500456668217616,3.4394014331558185,7.494719668074899,7.75818987058195,0.21500456668217616,0.21500456668217616,0.21500456668217616,0.21500456668217616,0.21500456668217616,0.19655581947743467,,,,0.0,,0.0,0.0,1,,54.1,14.0,0.018484288354898334,3.9908341858524357,0.20929242414002838,0.21500456668217616,0.21500456668217616,0.21500456668217616,0.21500456668217616,0.21500456668217616,0.21500456668217616,0.21500456668217616,0.21500456668217616,16.0,0.014706718028247811,0.875,0.875,0.53125,0.53125,0.53125,0.53125,0.53125,0.53125,牝,,新馬
2026-10-11|京都|3R|41b9f2361c84d5bb|morning|NA,2026-10-11T08:41:15+09:00,base-1.12-calibrated,morning,2026-10-11,京都,3R,2歳新馬,ダート,1400,良,15,リバティサンライズ,国分優,羽月,True,automation_pre_race,feature_missing,8,0.004217353096104242,0.060642478087750924,5.630352788316722,0.004217353096104242,0.060642478087750924,5.630352788316722,16,×,,,,,,,8,2,55.0,,,8.025185683020558,0.21500456668217616,3.4394014331558185,7.494719668074899,7.75818987058195,0.21500456668217616,0.21500456668217616,0.21500456668217616,0.21500456668217616,0.21500456668217616,0.22035525684109458,,,,0.0,,0.0,0.0,1,,69.6,16.0,0.014367816091954025,4.242764567340374,0.20929242414002838,0.21500456668217616,0.21500456668217616,0.21500456668217616,0.21500456668217616,0.21500456668217616,0.21500456668217616,0.21500456668217616,0.21500456668217616,16.0,0.01143151501908343,1.0,1.0,0.53125,0.53125,0.53125,0.53125,0.53125,0.53125,牝,,新馬
2026-10-11|京都|5R|3a61e1179a7d8767|morning|NA,2026-10-11T08:41:17+09:00,base-1.12-calibrated,morning,2026-10-11,京都,5R,2歳新馬,芝,2000,良,6,ゴルトクリーガー,松山,西園翔,True,automation_pre_race,feature_missing,8,0.2882994322191537,0.652044255215789,83.4511520472165,0.2882994322191537,0.652044255215789,83.4511520472165,1,◎,,,,,,,6,2,56.0,,,8.025185683020558,0.21500456668217616,3.4394014331558185,7.494719668074899,7.75818987058195,0.21500456668217616,0.21500456668217616,0.21500456668217616,0.21500456668217616,0.21500456668217616,0.24010914051841747,,,,0.0,,0.0,0.0,1,,2.4,1.0,0.4166666666666667,0.8754687373538999,0.22133347244199458,0.21500456668217616,0.21500456668217616,0.21500456668217616,0.21500456668217616,0.21500456668217616,0.21500456668217616,0.21500456668217616,0.21500456668217616,11.0,0.33017470556575573,0.09090909090909091,0.09090909090909091,0.5454545454545454,0.5909090909090909,0.5909090909090909,0.5454545454545454,0.5454545454545454,0.5454545454545454,牡,,新馬
2026-10-11|京都|5R|3a61e1179a7d8767|morning|NA,2026-10-11T08:41:17+09:00,base-1.12-calibrated,morning,2026-10-11,京都,5R,2歳新馬,芝,2000,良,1,ジャスティンニース,北村友,杉山晴,True,automation_pre_race,feature_missing,8,0.16158786780069517,0.44496444687856085,49.70576312464577,0.16158786780069517,0.44496444687856085,49.70576312464577,2,○,,,,,,,1,2,56.0,,,8.025185683020558,0.21500456668217616,3.4394014331558185,7.494719668074899,7.75818987058195,0.21500456668217616,0.21500456668217616,0.21500456668217616,0.21500456668217616,0.21500456668217616,0.27041742286751363,,,,0.0,,0.0,0.0,1,,5.3,2.0,0.18867924528301888,1.667706820558076,0.22133347244199458,0.21500456668217616,0.21500456668217616,0.21500456668217616,0.21500456668217616,0.21500456668217616,0.21500456668217616,0.21500456668217616,0.21500456668217616,11.0,0.14951307421845544,0.18181818181818182,0.18181818181818182,0.5454545454545454,0.5909090909090909,0.5909090909090909,0.5454545454545454,0.5454545454545454,0.5454545454545454,牡,,新馬
2026-10-11|京都|5R|3a61e1179a7d8767|morning|NA,2026-10-11T08:41:17+09:00,base-1.12-calibrated,morning,2026-10-11,京都,5R,2歳新馬,芝,2000,良,10,シャカニセッポウ,秋山稔,北出,True,automation_pre_race,feature_missing,8,0.10273532702822534,0.35750729328103115,34.25043839835486,0.10273532702822534,0.35750729328103115,34.25043839835486,3,▲,,,,,,,8,2,56.0,,,8.025185683020558,0.21500456668217616,3.4394014331558185,7.494719668074899,7.75818987058195,0.21500456668217616,0.21500456668217616,0.21500456668217616,0.21500456668217616,0.21500456668217616,0.25526932084309134,,,,0.0,,0.0,0.0,1,,8.4,4.0,0.11904761904761904,2.128231705849268,0.22133347244199458,0.21500456668217616,0.21500456668217616,0.21500456668217616,0.21500456668217616,0.21500456668217616,0.21500456668217616,0.21500456668217616,0.21500456668217616,11.0,0.0943356301616445,0.3181818181818182,0.36363636363636365,0.5454545454545454,0.5909090909090909,0.5909090909090909,0.5454545454545454,0.5454545454545454,0.5454545454545454,牡,,新馬
2026-10-11|京都|5R|3a61e1179a7d8767|morning|NA,2026-10-11T08:41:17+09:00,base-1.12-calibrated,morning,2026-10-11,京都,5R,2歳新馬,芝,2000,良,2,シルクウォード,武豊,庄野,True,automation_pre_race,feature_missing,8,0.09962183075276286,0.32120621923350234,32.640942568777454,0.09962183075276286,0.32120621923350234,32.640942568777454,4,△,,,,,,,2,2,56.0,,,8.025185683020558,0.21500456668217616,3.4394014331558185,7.494719668074899,7.75818987058195,0.21500456668217616,0.21500456668217616,0.21500456668217616,0.38317757009345793,0.21500456668217616,0.24784853700516352,,,,0.0,,0.0,0.0,1,,8.7,5.0,0.1149425287356322,2.163323025660538,0.22133347244199458,0.41274658573596357,0.3637160385626643,0.39038031319910516,0.35685109543260307,0.38317757009345793,0.21500456668217616,0.21500456668217616,0.21500456668217616,11.0,0.09108267739744987,0.45454545454545453,0.45454545454545453,0.5454545454545454,0.09090909090909091,0.5909090909090909,0.5454545454545454,0.5454545454545454,0.5454545454545454,牡,,新馬
2026-10-11|京都|5R|3a61e1179a7d8767|morning|NA,2026-10-11T08:41:17+09:00,base-1.12-calibrated,morning,2026-10-11,京都,5R,2歳新馬,芝,2000,良,8,アーケントレイル,坂井,矢作,True,automation_pre_race,feature_missing,8,0.09962101242444549,0.37675017356198415,34.02935692665864,0.09962101242444549,0.37675017356198415,34.02935692665864,5,△,,,,,,,7,2,56.0,,,8.025185683020558,0.21500456668217616,3.4394014331558185,7.494719668074899,7.75818987058195,0.21500456668217616,0.21500456668217616,0.21500456668217616,0.21500456668217616,0.21500456668217616,0.24351050679851668,,,,0.0,,0.0,0.0,1,,8.4,3.0,0.11904761904761904,2.128231705849268,0.22133347244199458,0.21500456668217616,0.21500456668217616,0.21500456668217616,0.21500456668217616,0.21500456668217616,0.21500456668217616,0.21500456668217616,0.21500456668217616,11.0,0.0943356301616445,0.3181818181818182,0.2727272727272727,0.5454545454545454,0.5909090909090909,0.5909090909090909,0.5454545454545454,0.5454545454545454,0.5454545454545454,牡,,新馬
2026-10-11|京都|5R|3a61e1179a7d8767|morning|NA,2026-10-11T08:41:17+09:00,base-1.12-calibrated,morning,2026-10-11,京都,5R,2歳新馬,芝,2000,良,5,レガーメフォルテ,☆田山,新谷,True,automation_pre_race,feature_missing,8,0.09859199453855759,0.3078202576382142,32.07410662027707,0.09859199453855759,0.3078202576382142,32.07410662027707,6,☆,,,,,,,5,2,55.0,,,8.025185683020558,0.21500456668217616,3.4394014331558185,7.494719668074899,7.75818987058195,0.21500456668217616,0.21500456668217616,0.21500456668217616,0.21500456668217616,0.21500456668217616,0.25,,,,0.0,,0.0,0.0,1,,9.3,6.0,0.1075268817204301,2.2300144001592104,0.22133347244199458,0.21500456668217616,0.21500456668217616,0.21500456668217616,0.21500456668217616,0.21500456668217616,0.21500456668217616,0.21500456668217616,0.21500456668217616,11.0,0.08520637562987243,0.5454545454545454,0.5454545454545454,0.5454545454545454,0.5909090909090909,0.5909090909090909,0.5454545454545454,0.5454545454545454,0.5454545454545454,牡,,新馬
2026-10-11|京都|5R|3a61e1179a7d8767|morning|NA,2026-10-11T08:41:17+09:00,base-1.12-calibrated,morning,2026-10-11,京都,5R,2歳新馬,芝,2000,良,11,ルーモマカーリ,松若,今野,True,automation_pre_race,feature_missing,8,0.051484279819417104,0.20247939263073872,18.8196779985876,0.051484279819417104,0.20247939263073872,18.8196779985876,7,☆,,,,,,,8,2,56.0,,,8.025185683020558,0.21500456668217616,3.4394014331558185,7.494719668074899,7.75818987058195,0.21500456668217616,0.21500456668217616,0.21500456668217616,0.21500456668217616,0.21500456668217616,0.25526932084309134,,,,0.0,,0.0,0.0,1,,18.8,7.0,0.05319148936170213,2.9338568698359038,0.22133347244199458,0.21500456668217616,0.21500456668217616,0.21500456668217616,0.21500456668217616,0.21500456668217616,0.21500456668217616,0.21500456668217616,0.21500456668217616,11.0,0.042149962412649664,0.6363636363636364,0.6363636363636364,0.5454545454545454,0.5909090909090909,0.5909090909090909,0.5454545454545454,0.5454545454545454,0.5454545454545454,牡,,新馬
2026-10-11|京都|5R|3a61e1179a7d8767|morning|NA,2026-10-11T08:41:17+09:00,base-1.12-calibrated,morning,2026-10-11,京都,5R,2歳新馬,芝,2000,良,3,ボワノワール,斎藤,井上,True,automation_pre_race,feature_missing,8,0.04267936391523815,0.179839600319792,16.26852654528652,0.04267936391523815,0.179839600319792,16.26852654528652,8,注,,,,,,,3,2,55.0,,,8.025185683020558,0.21500456668217616,3.4394014331558185,7.494719668074899,7.75818987058195,0.21500456668217616,0.21500456668217616,0.21500456668217616,0.21500456668217616,0.21500456668217616,0.27347611202635913,,,,0.0,,0.0,0.0,1,,21.4,9.0,0.04672897196261683,3.0633909220278057,0.22133347244199458,0.21500456668217616,0.21500456668217616,0.21500456668217616,0.21500456668217616,0.21500456668217616,0.21500456668217616,0.21500456668217616,0.21500456668217616,11.0,0.037028938941953915,0.8181818181818182,0.8181818181818182,0.5454545454545454,0.5909090909090909,0.5909090909090909,0.5454545454545454,0.5454545454545454,0.5454545454545454,牝,,新馬
2026-10-11|京都|5R|3a61e1179a7d8767|morning|NA,2026-10-11T08:41:17+09:00,base-1.12-calibrated,morning,2026-10-11,京都,5R,2歳新馬,芝,2000,良,4,アルバドラータ,国分恭,小栗,True,automation_pre_race,feature_missing,8,0.037691627982245735,0.202042283994064,15.699058520480099,0.037691627982245735,0.202042283994064,15.699058520480099,9,注,,,,,,,4,2,56.0,,,8.025185683020558,0.21500456668217616,3.4394014331558185,7.494719668074899,7.75818987058195,0.21500456668217616,0.21500456668217616,0.21500456668217616,0.21500456668217616,0.21500456668217616,0.2874806800618238,,,,0.0,,0.0,0.0,1,,20.0,8.0,0.05,2.995732273553991,0.22133347244199458,0.21500456668217616,0.21500456668217616,0.21500456668217616,0.21500456668217616,0.21500456668217616,0.21500456668217616,0.21500456668217616,0.21500456668217616,11.0,0.03962096466789069,0.7272727272727273,0.7272727272727273,0.5454545454545454,0.5909090909090909,0.5909090909090909,0.5454545454545454,0.5454545454545454,0.5454545454545454,牡,,新馬
2026-10-11|京都|5R|3a61e1179a7d8767|morning|NA,2026-10-11T08:41:17+09:00,base-1.12-calibrated,morning,2026-10-11,京都,5R,2歳新馬,芝,2000,良,7,イムヴァブル,長岡,高橋亮,True,automation_pre_race,feature_missing,8,0.013431246610037115,0.12479008846960038,8.298007205692077,0.013431246610037115,0.12479008846960038,8.298007205692077,10,注,,,,,,,6,2,56.0,,,8.025185683020558,0.21500456668217616,3.4394014331558185,7.494719668074899,7.75818987058195,0.21500456668217616,0.21500456668217616,0.21500456668217616,0.21500456668217616,0.24098360655737705,0.24010914051841747,,,,0.0,,0.0,0.0,1,,35.7,10.0,0.028011204481792715,3.5751506887855933,0.22133347244199458,0.21500456668217616,0.21500456668217616,0.21500456668217616,0.21500456668217616,0.21500456668217616,0.22937625754527163,0.25295508274231676,0.25229357798165136,11.0,0.02219661886156341,0.9090909090909091,0.9090909090909091,0.5454545454545454,0.5909090909090909,0.09090909090909091,0.5454545454545454,0.5454545454545454,0.5454545454545454,牡,,新馬
2026-10-11|京都|5R|3a61e1179a7d8767|morning|NA,2026-10-11T08:41:17+09:00,base-1.12-calibrated,morning,2026-10-11,京都,5R,2歳新馬,芝,2000,良,9,テムルーラー,富田,宮地,True,automation_pre_race,feature_missing,8,0.004256016909221741,0.09183955342364354,5.405596222566089,0.004256016909221741,0.09183955342364354,5.405596222566089,11,×,,,,,,,7,2,56.0,,,8.025185683020558,0.21500456668217616,3.4394014331558185,7.494719668074899,7.75818987058195,0.21500456668217616,0.21500456668217616,0.21500456668217616,0.21500456668217616,0.21500456668217616,0.24351050679851668,,,,0.0,,0.0,0.0,1,,55.2,11.0,0.018115942028985508,4.01096295328305,0.22133347244199458,0.21500456668217616,0.21500456668217616,0.21500456668217616,0.21500456668217616,0.21500456668217616,0.21500456668217616,0.21500456668217616,0.21500456668217616,11.0,0.014355421981119814,1.0,1.0,0.5454545454545454,0.5909090909090909,0.5909090909090909,0.5454545454545454,0.5454545454545454,0.5454545454545454,牡,,新馬
2026-10-11|京都|6R|2d7e8ae8c765c9a4|morning|NA,2026-10-11T08:41:18+09:00,base-1.12-calibrated,morning,2026-10-11,京都,6R,3歳以上1勝クラス,ダート,1800,良,2,ココロヅヨサ,北村友,田中克,True,automation_pre_race,feature_missing,8,0.22301757770368855,0.4705643507802497,78.914154436328,0.22301757770368855,0.4705643507802497,78.914154436328,1,◎,,,,,,,1,3,56.0,,,8.025185683020558,0.21500456668217616,3.4394014331558185,7.494719668074899,7.75818987058195,0.21500456668217616,0.21500456668217616,0.21500456668217616,0.21500456668217616,0.21500456668217616,0.23772241992882562,,,,0.0,,0.0,0.0,3,,3.5,1.0,0.2857142857142857,1.252762968495368,0.20929242414002838,0.21500456668217616,0.21500456668217616,0.21500456668217616,0.21500456668217616,0.21500456668217616,0.21500456668217616,0.21500456668217616,0.21500456668217616,16.0,0.2267532639836686,0.0625,0.0625,0.53125,0.53125,0.53125,0.53125,0.625,0.65625,牡,,1勝クラス
2026-10-11|京都|6R|2d7e8ae8c765c9a4|morning|NA,2026-10-11T08:41:18+09:00,base-1.12-calibrated,morning,2026-10-11,京都,6R,3歳以上1勝クラス,ダート,1800,良,1,ブラックレジェンド,◇今村,寺島,True,automation_pre_race,ok,3,0.1496747260423549,0.3064381284606156,56.284676923909394,0.1496747260423549,0.3064381284606156,56.284676923909394,2,○,,,,,,,1,3,54.0,,,5.5,0.5,4.0,7.5,3.0,0.21500456668217616,0.0,0.5,0.21500456668217616,0.21500456668217616,0.23772241992882562,8.0,,10.0,400.0,339.0,0.0,1.0,3,2.0,7.0,2.0,0.14285714285714285,1.9459101490553132,0.5,0.21500456668217616,0.21500456668217616,0.21500456668217616,0.21500456668217616,0.21500456668217616,0.21500456668217616,0.21500456668217616,0.21500456668217616,16.0,0.1133766319918343,0.125,0.125,0.21875,0.53125,0.53125,0.53125,0.9375,0.21875,牡,先行,1勝クラス
2026-10-11|京都|6R|2d7e8ae8c765c9a4|morning|NA,2026-10-11T08:41:18+09:00,base-1.12-calibrated,morning,2026-10-11,京都,6R,3歳以上1勝クラス,ダート,1800,良,9,クリュギスト,松山,松下,True,automation_pre_race,feature_missing,8,0.12623177382407463,0.3208676291807705,46.96285117325104,0.12623177382407463,0.3208676291807705,46.96285117325104,3,▲,,,,,,,5,3,56.0,,,8.025185683020558,0.21500456668217616,3.4394014331558185,7.494719668074899,7.75818987058195,0.21500456668217616,0.21500456668217616,0.21500456668217616,0.21500456668217616,0.21500456668217616,0.223986856516977,,,,0.0,,0.0,0.0,3,,7.1,3.0,0.14084507042253522,1.9600947840472698,0.20929242414002838,0.21500456668217616,0.21500456668217616,0.21500456668217616,0.21500456668217616,0.21500456668217616,0.21500456668217616,0.21500456668217616,0.21500456668217616,16.0,0.11177977802011833,0.1875,0.1875,0.53125,0.53125,0.53125,0.53125,0.625,0.65625,牡,,1勝クラス
2026-10-11|京都|6R|2d7e8ae8c765c9a4|morning|NA,2026-10-11T08:41:18+09:00,base-1.12-calibrated,morning,2026-10-11,京都,6R,3歳以上1勝クラス,ダート,1800,良,16,ハイロード,斎藤,浜田,True,automation_pre_race,feature_missing,8,0.09436956657595985,0.25024441178066953,35.910812278551916,0.09436956657595985,0.25024441178066953,35.910812278551916,4,△,,,,,,,8,3,56.0,,,8.025185683020558,0.21500456668217616,3.4394014331558185,7.494719668074899,7.75818987058195,0.21500456668217616,0.21500456668217616,0.21500456668217616,0.21500456668217616,0.21500456668217616,0.2247081712062257,,,,0.0,,0.0,0.0,3,,11.2,5.0,0.08928571428571429,2.4159137783010487,0.20929242414002838,0.21500456668217616,0.21500456668217616,0.21500456668217616,0.21500456668217616,0.21500456668217616,0.21500456668217616,0.21500456668217616,0.21500456668217616,16.0,0.07086039499489644,0.3125,0.3125,0.53125,0.53125,0.53125,0.53125,0.625,0.65625,牡,,1勝クラス
2026-10-11|京都|6R|2d7e8ae8c765c9a4|morning|NA,2026-10-11T08:41:18+09:00,base-1.12-calibrated,morning,2026-10-11,京都,6R,3歳以上1勝クラス,ダート,1800,良,10,ジャスティンダラス,高杉,杉山晴,True,automation_pre_race,ok,3,0.09180175448834234,0.2523288107537394,43.06447017157732,0.09180175448834234,0.2523288107537394,43.06447017157732,5,△,,,,,,,5,3,56.0,,,1.5,1.0,2.0,1.5,1.0,1.0,1.0,1.0,0.21500456668217616,0.21500456668217616,0.223986856516977,1.0,,2.0,0.0,349.0,0.0,1.0,3,3.0,8.0,4.0,0.125,2.0794415416798357,1.0,0.21500456668217616,0.21500456668217616,0.21500456668217616,0.21500456668217616,0.21500456668217616,0.21500456668217616,0.21500456668217616,0.21500456668217616,16.0,0.09920455299285502,0.25,0.25,0.09375,0.53125,0.53125,0.15625,0.15625,0.09375,牡,差し,1勝クラス
2026-10-11|京都|6R|2d7e8ae8c765c9a4|morning|NA,2026-10-11T08:41:18+09:00,base-1.12-calibrated,morning,2026-10-11,京都,6R,3歳以上1勝クラス,ダート,1800,良,8,コルヴァス,坂井,矢作,True,automation_pre_race,feature_missing,8,0.0680706530746887,0.22205091431999865,27.5409764361523,0.0680706530746887,0.22205091431999865,27.5409764361523,6,☆,,,,,,,4,3,56.0,,,8.025185683020558,0.21500456668217616,3.4394014331558185,7.494719668074899,7.75818987058195,0.21500456668217616,0.21500456668217616,0.21500456668217616,0.21500456668217616,0.21500456668217616,0.23333333333333334,,,,0.0,,0.0,0.0,3,,14.0,7.0,0.07142857142857142,2.6390573296152584,0.20929242414002838,0.21500456668217616,0.21500456668217616,0.21500456668217616,0.21500456668217616,0.21500456668217616,0.21500456668217616,0.21500456668217616,0.21500456668217616,16.0,0.05668831599591715,0.4375,0.4375,0.53125,0.53125,0.53125,0.53125,0.625,0.65625,牡,,1勝クラス
2026-10-11|京都|6R|2d7e8ae8c765c9a4|morning|NA,2026-10-11T08:41:18+09:00,base-1.12-calibrated,morning,2026-10-11,京都,6R,3歳以上1勝クラス,ダート,1800,良,4,ミヤジオズ,田口,鈴木孝,True,automation_pre_race,ok,3,0.06165274523335524,0.16591994687735384,22.1171134001574,0.06165274523335524,0.16591994687735384,22.1171134001574,7,☆,,,,,,,2,3,56.0,,,4.0,0.0,3.4394014331558185,11.0,9.0,0.21500456668217616,0.21500456668217616,0.21500456668217616,0.21500456668217616,0.21500456668217616,0.23204787234042554,4.0,,11.0,200.0,298.0,0.0,2.0,3,2.0,13.9,6.0,0.07194244604316546,2.631888840136646,0.20929242414002838,0.21500456668217616,0.21500456668217616,0.21500456668217616,0.21500456668217616,0.21500456668217616,0.21500456668217616,0.21500456668217616,0.21500456668217616,16.0,0.05709614560739857,0.375,0.375,0.90625,0.53125,0.53125,0.53125,0.625,0.65625,牡,先行,1勝クラス
2026-10-11|京都|6R|2d7e8ae8c765c9a4|morning|NA,2026-10-11T08:41:18+09:00,base-1.12-calibrated,morning,2026-10-11,京都,6R,3歳以上1勝クラス,ダート,1800,良,11,ゴールデンスラム,小沢,池江,True,automation_pre_race,ok,3,0.03440077195693053,0.12640634083239152,18.186499046180415,0.03440077195693053,0.12640634083239152,18.186499046180415,8,注,,,,,,,6,3,56.0,,,3.5,0.5,3.4394014331558185,3.5,2.5,1.0,1.0,0.5,0.21500456668217616,0.21500456668217616,0.2278679937139864,1.0,,1.0,0.0,408.0,0.0,1.0,3,2.0,27.2,12.0,0.03676470588235294,3.3032169733019514,0.5,0.21500456668217616,0.21500456668217616,0.21500456668217616,0.21500456668217616,0.21500456668217616,0.21500456668217616,0.21500456668217616,0.21500456668217616,16.0,0.02917780970378089,0.75,0.75,0.21875,0.53125,0.53125,0.15625,0.15625,0.21875,牡,先行,1勝クラス
2026-10-11|京都|6R|2d7e8ae8c765c9a4|morning|NA,2026-10-11T08:41:18+09:00,base-1.12-calibrated,morning,2026-10-11,京都,6R,3歳以上1勝クラス,ダート,1800,良,6,ルファーダ,幸,大根田,True,automation_pre_race,ok,3,0.03382147026401348,0.13705831327082577,15.783956912321889,0.03382147026401348,0.13705831327082577,15.783956912321889,9,注,,,,,,,3,3,56.0,,,5.0,0.25,6.0,5.0,5.0,1.0,0.3333333333333333,0.25,0.21500456668217616,0.21500456668217616,0.22263914946841776,5.0,,3.0,600.0,311.0,0.0,2.0,3,3.0,15.1,8.0,0.06622516556291391,2.714694743820879,0.5,0.21500456668217616,0.21500456668217616,0.21500456668217616,0.21500456668217616,0.21500456668217616,0.21500456668217616,0.21500456668217616,0.21500456668217616,16.0,0.05255870357237352,0.5,0.5,0.375,0.53125,0.53125,0.15625,0.3125,0.40625,牡,差し,1勝クラス
2026-10-11|京都|6R|2d7e8ae8c765c9a4|morning|NA,2026-10-11T08:41:18+09:00,base-1.12-calibrated,morning,2026-10-11,京都,6R,3歳以上1勝クラス,ダート,1800,良,3,キタノシャカール,松若,吉田,True,automation_pre_race,ok,3,0.03123101753549867,0.14527506391544973,22.734370494150273,0.03123101753549867,0.14527506391544973,22.734370494150273,10,注,,,,,,,2,3,56.0,,,2.3333333333333335,1.0,2.0,2.3333333333333335,7.666666666666667,1.0,1.0,1.0,0.21500456668217616,0.21500456668217616,0.23204787234042554,2.0,,2.0,0.0,294.0,0.0,1.0,3,3.0,15.6,9.0,0.06410256410256411,2.747270914255491,1.0,0.21500456668217616,0.21500456668217616,0.21500456668217616,0.21500456668217616,0.21500456668217616,0.21500456668217616,0.21500456668217616,0.21500456668217616,16.0,0.05087412973992566,0.5625,0.5625,0.09375,0.53125,0.53125,0.15625,0.15625,0.09375,牡,差し,1勝クラス
2026-10-11|京都|6R|2d7e8ae8c765c9a4|morning|NA,2026-10-11T08:41:18+09:00,base-1.12-calibrated,morning,2026-10-11,京都,6R,3歳以上1勝クラス,ダート,1800,良,14,レザーアンドレース,☆田山,平田,True,automation_pre_race,ok,3,0.030463426133879097,0.06467209391796154,10.495576474592202,0.030463426133879097,0.06467209391796154,10.495576474592202,11,×,,,,,,,7,3,53.0,,,11.333333333333334,0.0,7.0,5.333333333333333,9.333333333333334,0.21500456668217616,0.21500456668217616,0.0,0.21500456668217616,0.21500456668217616,0.21691542288557214,13.0,,3.0,400.0,287.0,0.0,1.0,3,4.0,23.4,10.0,0.042735042735042736,3.152736022363656,0.0,0.21500456668217616,0.21500456668217616,0.21500456668217616,0.21500456668217616,0.21500456668217616,0.21500456668217616,0.21500456668217616,0.21500456668217616,16.0,0.033916086493283766,0.625,0.625,0.90625,0.53125,0.53125,0.53125,0.625,0.9375,牝,追込,1勝クラス
2026-10-11|京都|6R|2d7e8ae8c765c9a4|morning|NA,2026-10-11T08:41:18+09:00,base-1.12-calibrated,morning,2026-10-11,京都,6R,3歳以上1勝クラス,ダート,1800,良,15,ブレイジングスター,酒井,高橋康,True,automation_pre_race,ok,3,0.027617827814035,0.11963628856361302,13.04031222689791,0.027617827814035,0.11963628856361302,13.04031222689791,12,×,,,,,,,8,4,58.0,,,5.8,0.2,3.4394014331558185,8.0,4.6,0.0,1.0,0.3333333333333333,0.21500456668217616,0.21500456668217616,0.2247081712062257,7.0,,9.0,100.0,360.0,0.0,0.0,3,2.0,32.7,13.0,0.030581039755351678,3.487375077903208,0.3333333333333333,0.21500456668217616,0.21500456668217616,0.21500456668217616,0.21500456668217616,0.21500456668217616,0.21500456668217616,0.21500456668217616,0.21500456668217616,16.0,0.024270227031891134,0.8125,0.8125,0.71875,0.53125,0.53125,0.9375,0.15625,0.3125,牡,先行,1勝クラス
2026-10-11|京都|6R|2d7e8ae8c765c9a4|morning|NA,2026-10-11T08:41:18+09:00,base-1.12-calibrated,morning,2026-10-11,京都,6R,3歳以上1勝クラス,ダート,1800,良,13,ダイメイクマモト,太宰,秋山,True,automation_pre_race,ok,3,0.015176095938635,0.07211265708786453,6.225993497669117,0.015176095938635,0.07211265708786453,6.225993497669117,13,×,,,,,,,7,3,56.0,,,9.0,0.0,3.4394014331558185,11.0,5.0,0.21500456668217616,0.0,0.0,0.21500456668217616,0.21500456668217616,0.21691542288557214,9.0,,11.0,400.0,360.0,0.0,2.0,3,3.0,25.8,11.0,0.03875968992248062,3.250374491927572,0.20929242414002838,0.21500456668217616,0.21500456668217616,0.21500456668217616,0.21500456668217616,0.21500456668217616,0.21500456668217616,0.21500456668217616,0.21500456668217616,16.0,0.030761101703210857,0.6875,0.6875,0.90625,0.53125,0.53125,0.53125,0.9375,0.9375,牡,差し,1勝クラス
2026-10-11|京都|6R|2d7e8ae8c765c9a4|morning|NA,2026-10-11T08:41:18+09:00,base-1.12-calibrated,morning,2026-10-11,京都,6R,3歳以上1勝クラス,ダート,1800,良,12,メイショウオグマ,国分恭,安達,True,automation_pre_race,ok,3,0.006062685900025538,0.0693091113678288,7.499739100340701,0.006062685900025538,0.0693091113678288,7.499739100340701,14,×,,,,,,,6,7,58.0,,,4.6,0.4,2.0,3.4,8.4,0.2,0.0,0.25,0.21500456668217616,0.21500456668217616,0.2278679937139864,5.0,,3.0,0.0,287.0,0.0,0.0,3,4.0,40.7,14.0,0.02457002457002457,3.7062280924485496,0.42857142857142855,0.21500456668217616,0.21500456668217616,0.21500456668217616,0.21500456668217616,0.21500456668217616,0.21500456668217616,0.21500456668217616,0.21500456668217616,16.0,0.019499666435942017,0.875,0.875,0.3125,0.53125,0.53125,0.8125,0.9375,0.40625,せん,追込,1勝クラス
2026-10-11|京都|6R|2d7e8ae8c765c9a4|morning|NA,2026-10-11T08:41:18+09:00,base-1.12-calibrated,morning,2026-10-11,京都,6R,3歳以上1勝クラス,ダート,1800,良,7,アルビオン,西塚,笹田,True,automation_pre_race,ok,3,0.004652656889371704,0.03712392880175588,4.2841469267111965,0.004652656889371704,0.03712392880175588,4.2841469267111965,15,×,,,,,,,4,3,54.0,,,7.0,0.2,2.0,7.6,5.2,0.0,0.25,0.21500456668217616,0.21500456668217616,0.21500456668217616,0.23333333333333334,10.0,,8.0,600.0,284.0,0.0,2.0,3,3.0,51.4,15.0,0.019455252918287938,3.9396381724611196,0.20929242414002838,0.21500456668217616,0.21500456668217616,0.21500456668217616,0.21500456668217616,0.21500456668217616,0.21500456668217616,0.21500456668217616,0.21500456668217616,16.0,0.015440397352973544,0.9375,0.9375,0.71875,0.53125,0.53125,0.9375,0.375,0.65625,牝,差し,1勝クラス
2026-10-11|京都|6R|2d7e8ae8c765c9a4|morning|NA,2026-10-11T08:41:18+09:00,base-1.12-calibrated,morning,2026-10-11,京都,6R,3歳以上1勝クラス,ダート,1800,良,5,ブルーストレイル,城戸,荒川,True,automation_pre_race,ok,3,0.0017552506251467504,0.03782826700535702,1.4572864878522114,0.0017552506251467504,0.03782826700535702,1.4572864878522114,16,×,,,,,,,3,5,58.0,,,9.0,0.0,4.5,7.0,12.6,0.0,0.21500456668217616,0.0,0.21500456668217616,0.21500456668217616,0.22263914946841776,10.0,,6.0,0.0,284.0,0.0,0.0,3,3.0,102.5,16.0,0.00975609756097561,4.629862798578463,0.0,0.21500456668217616,0.21500456668217616,0.21500456668217616,0.21500456668217616,0.21500456668217616,0.21500456668217616,0.21500456668217616,0.21500456668217616,16.0,0.007742794379930148,1.0,1.0,0.90625,0.53125,0.53125,0.9375,0.625,0.9375,牡,差し,1勝クラス
2026-10-11|京都|7R|02b0e6fa23119ab3|morning|NA,2026-10-11T08:41:19+09:00,base-1.12-calibrated,morning,2026-10-11,京都,7R,3歳以上1勝クラス,芝,1800,良,6,ラヴェニュー,坂井,友道,True,automation_pre_race,ok,3,0.3717907275600071,0.8331287193594564,95.8282179839864,0.3717907275600071,0.8331287193594564,95.8282179839864,1,◎,,,,,,,6,3,56.0,,,1.0,1.0,3.4394014331558185,2.0,2.0,1.0,0.21500456668217616,1.0,0.21500456668217616,0.21500456668217616,0.21787296898079764,1.0,,2.0,0.0,363.0,0.0,2.0,3,2.0,1.5,1.0,0.6666666666666666,0.4054651081081644,1.0,0.21500456668217616,0.21500456668217616,0.21500456668217616,0.21500456668217616,0.21500456668217616,0.21500456668217616,0.21500456668217616,0.21500456668217616,11.0,0.5186521525178679,0.09090909090909091,0.09090909090909091,0.09090909090909091,0.5909090909090909,0.5454545454545454,0.22727272727272727,0.6818181818181818,0.09090909090909091,牡,先行,1勝クラス
2026-10-11|京都|7R|02b0e6fa23119ab3|morning|NA,2026-10-11T08:41:19+09:00,base-1.12-calibrated,morning,2026-10-11,京都,7R,3歳以上1勝クラス,芝,1800,良,10,マイリトルヒーロー,幸,高橋康,True,automation_pre_race,ok,4,0.1560681248595317,0.38687267553890625,43.623801245673306,0.1560681248595317,0.38687267553890625,43.623801245673306,2,○,,,,,,,8,3,56.0,,,34.333333333333336,0.6666666666666666,3.4394014331558185,1.5,4.0,0.21500456668217616,1.0,0.6666666666666666,0.21500456668217616,0.21500456668217616,0.24718397997496871,99.0,,,200.0,336.0,0.0,0.0,3,3.0,6.1,2.0,0.1639344262295082,1.8082887711792655,0.5,0.21500456668217616,0.21500456668217616,0.21500456668217616,0.21500456668217616,0.21500456668217616,0.21500456668217616,0.21500456668217616,0.21500456668217616,11.0,0.1275374145535741,0.18181818181818182,0.18181818181818182,0.22727272727272727,0.5909090909090909,0.5454545454545454,0.6818181818181818,0.13636363636363635,0.3181818181818182,牡,差し,1勝クラス
2026-10-11|京都|7R|02b0e6fa23119ab3|morning|NA,2026-10-11T08:41:19+09:00,base-1.12-calibrated,morning,2026-10-11,京都,7R,3歳以上1勝クラス,芝,1800,良,9,サラコスティ,松山,池添,True,automation_pre_race,ok,3,0.14487413649743333,0.3264472105959347,33.48945817579191,0.14487413649743333,0.3264472105959347,33.48945817579191,3,▲,,,,,,,7,4,58.0,,,6.8,0.0,1.6666666666666667,6.2,3.8,0.5,0.3333333333333333,0.2857142857142857,0.21500456668217616,0.21500456668217616,0.2301639344262295,6.0,,6.0,0.0,408.0,0.0,0.0,3,2.0,10.9,4.0,0.09174311926605504,2.388762789235098,0.16666666666666666,0.21500456668217616,0.21500456668217616,0.21500456668217616,0.21500456668217616,0.21500456668217616,0.21500456668217616,0.21500456668217616,0.21500456668217616,11.0,0.07137414942906438,0.36363636363636365,0.36363636363636365,0.9090909090909091,0.5909090909090909,0.5454545454545454,0.45454545454545453,0.4090909090909091,0.6363636363636364,牡,先行,1勝クラス
2026-10-11|京都|7R|02b0e6fa23119ab3|morning|NA,2026-10-11T08:41:19+09:00,base-1.12-calibrated,morning,2026-10-11,京都,7R,3歳以上1勝クラス,芝,1800,良,2,ダイチノナポリ,高倉,畑端,True,automation_pre_race,ok,3,0.11734500147672888,0.30643853794480586,34.84300215278957,0.11734500147672888,0.30643853794480586,34.84300215278957,4,△,,,,,,,2,3,54.0,,,3.0,0.6666666666666666,1.0,2.6666666666666665,3.6666666666666665,0.21500456668217616,0.21500456668217616,0.6666666666666666,0.21500456668217616,0.21500456668217616,0.20925925925925926,3.0,,4.0,600.0,308.0,0.0,2.0,3,2.0,9.3,3.0,0.1075268817204301,2.2300144001592104,0.6666666666666666,0.21500456668217616,0.21500456668217616,0.21500456668217616,0.21500456668217616,0.21500456668217616,0.21500456668217616,0.21500456668217616,0.21500456668217616,11.0,0.08365357298675288,0.2727272727272727,0.2727272727272727,0.22727272727272727,0.5909090909090909,0.5454545454545454,0.6818181818181818,0.6818181818181818,0.3181818181818182,牝,先行,1勝クラス
2026-10-11|京都|7R|02b0e6fa23119ab3|morning|NA,2026-10-11T08:41:19+09:00,base-1.12-calibrated,morning,2026-10-11,京都,7R,3歳以上1勝クラス,芝,1800,良,5,ラパンドール,武豊,藤原,True,automation_pre_race,ok,3,0.07710555129011623,0.21747540333719156,18.91721275795104,0.07710555129011623,0.21747540333719156,18.91721275795104,5,△,,,,,,,5,3,56.0,,,4.0,0.0,3.4394014331558185,1.0,2.0,0.0,0.21500456668217616,0.0,0.38317757009345793,0.21500456668217616,0.23809523809523808,4.0,,1.0,0.0,284.0,0.0,2.0,3,4.0,12.7,5.0,0.07874015748031496,2.5416019934645457,0.22133347244199458,0.41274658573596357,0.3637160385626643,0.3882121807465619,0.35685109543260307,0.38317757009345793,0.21500456668217616,0.21500456668217616,0.21500456668217616,11.0,0.061258128250141874,0.45454545454545453,0.45454545454545453,0.9090909090909091,0.09090909090909091,0.5454545454545454,0.9545454545454546,0.6818181818181818,1.0,牡,追込,1勝クラス
2026-10-11|京都|7R|02b0e6fa23119ab3|morning|NA,2026-10-11T08:41:19+09:00,base-1.12-calibrated,morning,2026-10-11,京都,7R,3歳以上1勝クラス,芝,1800,良,8,ブルーミングローズ,北村友,高野,True,automation_pre_race,ok,3,0.06805037883614073,0.15603720992154552,15.798146333491525,0.06805037883614073,0.15603720992154552,15.798146333491525,6,☆,,,,,,,7,4,56.0,,,7.6,0.0,1.0,8.2,7.8,0.0,0.3333333333333333,0.14285714285714285,0.21500456668217616,0.21500456668217616,0.2301639344262295,13.0,,15.0,0.0,339.0,0.0,0.0,3,2.0,20.5,6.0,0.04878048780487805,3.0204248861443626,0.14285714285714285,0.21500456668217616,0.21500456668217616,0.21500456668217616,0.21500456668217616,0.21500456668217616,0.21500456668217616,0.21500456668217616,0.21500456668217616,11.0,0.03795015750130741,0.5454545454545454,0.5454545454545454,0.9090909090909091,0.5909090909090909,0.5454545454545454,0.9545454545454546,0.4090909090909091,0.9090909090909091,牝,先行,1勝クラス
2026-10-11|京都|7R|02b0e6fa23119ab3|morning|NA,2026-10-11T08:41:19+09:00,base-1.12-calibrated,morning,2026-10-11,京都,7R,3歳以上1勝クラス,芝,1800,良,11,カーメルタザイト,斎藤,安田,True,automation_pre_race,ok,3,0.03773954811153267,0.1451462750347852,14.226644521631176,0.03773954811153267,0.1451462750347852,14.226644521631176,7,☆,,,,,,,8,5,58.0,,,5.6,0.4,3.4394014331558185,5.0,3.2,1.0,0.5,0.4,0.21500456668217616,0.21500456668217616,0.24718397997496871,10.0,,11.0,-800.0,813.0,0.0,0.0,3,2.0,24.6,7.0,0.04065040650406504,3.202746442938317,0.4,0.21500456668217616,0.21500456668217616,0.21500456668217616,0.21500456668217616,0.21500456668217616,0.21500456668217616,0.21500456668217616,0.21500456668217616,11.0,0.031625131251089504,0.6363636363636364,0.6363636363636364,0.45454545454545453,0.5909090909090909,0.5454545454545454,0.22727272727272727,0.2727272727272727,0.5,牡,先行,1勝クラス
2026-10-11|京都|7R|02b0e6fa23119ab3|morning|NA,2026-10-11T08:41:19+09:00,base-1.12-calibrated,morning,2026-10-11,京都,7R,3歳以上1勝クラス,芝,1800,良,7,メイショウハンター,☆田山,長谷川,True,automation_pre_race,feature_missing,8,0.011523663132977863,0.11522874785821205,7.045441029796849,0.011523663132977863,0.11522874785821205,7.045441029796849,8,注,,,,,,,6,3,55.0,,,8.025185683020558,0.21500456668217616,3.4394014331558185,7.494719668074899,7.75818987058195,0.21500456668217616,0.21500456668217616,0.21500456668217616,0.21500456668217616,0.21500456668217616,0.21787296898079764,,,,0.0,,0.0,0.0,3,,38.3,9.0,0.026109660574412535,3.6454498961866,0.22133347244199458,0.21500456668217616,0.21500456668217616,0.21500456668217616,0.21500456668217616,0.21500456668217616,0.21500456668217616,0.21500456668217616,0.21500456668217616,11.0,0.020312747487644958,0.8181818181818182,0.8181818181818182,0.6363636363636364,0.5909090909090909,0.5454545454545454,0.6818181818181818,0.6818181818181818,0.7272727272727273,牡,,1勝クラス
2026-10-11|京都|7R|02b0e6fa23119ab3|morning|NA,2026-10-11T08:41:19+09:00,base-1.12-calibrated,morning,2026-10-11,京都,7R,3歳以上1勝クラス,芝,1800,良,4,カフジキアッキエレ,田口,森田,True,automation_pre_race,ok,3,0.008402061466296625,0.07015599578773601,5.22282839351169,0.008402061466296625,0.07015599578773601,5.22282839351169,9,注,,,,,,,4,6,56.0,,,8.6,0.2,3.4394014331558185,5.0,9.0,0.21500456668217616,0.0,0.17647058823529413,0.21500456668217616,0.21500456668217616,0.2506203473945409,9.0,,7.0,600.0,284.0,0.0,0.0,3,3.0,39.5,10.0,0.02531645569620253,3.676300671907076,0.15384615384615385,0.21500456668217616,0.21500456668217616,0.21500456668217616,0.21500456668217616,0.21500456668217616,0.21500456668217616,0.21500456668217616,0.21500456668217616,11.0,0.01969565136143802,0.9090909090909091,0.9090909090909091,0.7272727272727273,0.5909090909090909,0.5454545454545454,0.6818181818181818,0.9545454545454546,0.8181818181818182,牝,差し,1勝クラス
2026-10-11|京都|7R|02b0e6fa23119ab3|morning|NA,2026-10-11T08:41:19+09:00,base-1.12-calibrated,morning,2026-10-11,京都,7R,3歳以上1勝クラス,芝,1800,良,3,オーシンエス,★河原田,宮,True,automation_pre_race,ok,2,0.00674019322748584,0.0707561123794769,6.947287656956978,0.00674019322748584,0.0707561123794769,6.947287656956978,10,注,,,,,,,3,4,54.0,,,4.8,0.4,3.0,6.2,6.4,1.0,0.0,0.4,0.21500456668217616,0.21500456668217616,0.24098504837291118,2.0,6.0,6.0,-200.0,318.0,0.0,0.0,3,3.0,37.1,8.0,0.026954177897574122,3.6136169696133895,0.375,0.21500456668217616,0.21500456668217616,0.21500456668217616,0.21500456668217616,0.21500456668217616,0.21500456668217616,0.21500456668217616,0.21500456668217616,11.0,0.020969763578889536,0.7272727272727273,0.7272727272727273,0.45454545454545453,0.5909090909090909,0.5454545454545454,0.22727272727272727,0.9545454545454546,0.5,牡,差し,1勝クラス
2026-10-11|京都|7R|02b0e6fa23119ab3|morning|NA,2026-10-11T08:41:19+09:00,base-1.12-calibrated,morning,2026-10-11,京都,7R,3歳以上1勝クラス,芝,1800,良,1,グリュイエール,▲森田,前川,True,automation_pre_race,ok,3,0.0003606135417488857,0.018949014842227958,4.5367712688582325,0.0003606135417488857,0.018949014842227958,4.5367712688582325,11,×,,,,,,,1,3,53.0,,,5.4,0.4,2.0,6.4,3.4,1.0,1.0,0.7142857142857143,0.21500456668217616,0.21500456668217616,0.22308438409311349,6.0,,10.0,600.0,291.0,0.0,2.0,3,3.0,111.6,11.0,0.00896057347670251,4.71492104994721,0.6666666666666666,0.21500456668217616,0.21500456668217616,0.21500456668217616,0.21500456668217616,0.21500456668217616,0.21500456668217616,0.21500456668217616,0.21500456668217616,11.0,0.006971131082229408,1.0,1.0,0.45454545454545453,0.5909090909090909,0.5454545454545454,0.22727272727272727,0.13636363636363635,0.18181818181818182,牡,差し,1勝クラス
2026-10-11|京都|8R|c151edd832ec5cab|morning|NA,2026-10-11T08:41:20+09:00,base-1.12-calibrated,morning,2026-10-11,京都,8R,3歳以上2勝クラス,ダート,1800,良,2,ヴンダーバール,斎藤,斎藤誠,True,automation_pre_race,ok,3,0.3484376179658707,0.6401814175252186,89.00453543813047,0.3484376179658707,0.6401814175252186,89.00453543813047,1,◎,,,,,,,1,3,54.0,,,2.2,0.8,7.0,3.2,1.6,1.0,0.21500456668217616,0.75,0.21500456668217616,0.257360959651036,0.23772241992882562,1.0,,1.0,200.0,336.0,0.0,2.0,4,1.0,2.4,1.0,0.4166666666666667,0.8754687373538999,1.0,0.21500456668217616,0.21500456668217616,0.21500456668217616,0.21500456668217616,0.21500456668217616,0.22142857142857142,0.2702857142857143,0.25896624472573837,16.0,0.32904675755569557,0.0625,0.0625,0.15625,0.53125,0.0625,0.09375,0.53125,0.1875,牝,逃げ,2勝クラス
2026-10-11|京都|8R|c151edd832ec5cab|morning|NA,2026-10-11T08:41:20+09:00,base-1.12-calibrated,morning,2026-10-11,京都,8R,3歳以上2勝クラス,ダート,1800,良,12,エアニゲラ,松山,池添,True,automation_pre_race,ok,3,0.14215826219464825,0.2777496239784412,37.462941070970444,0.14215826219464825,0.2777496239784412,37.462941070970444,2,○,,,,,,,6,4,56.0,,,5.2,0.4,4.0,6.6,6.6,0.5,0.0,0.5,0.21500456668217616,0.21500456668217616,0.2278679937139864,5.0,,9.0,0.0,301.0,0.0,1.0,4,2.0,8.7,3.0,0.1149425287356322,2.163323025660538,0.5,0.21500456668217616,0.21500456668217616,0.21500456668217616,0.21500456668217616,0.21500456668217616,0.21500456668217616,0.21500456668217616,0.21500456668217616,16.0,0.09077151932570912,0.1875,0.1875,0.53125,0.53125,0.5625,0.40625,0.90625,0.40625,牝,先行,2勝クラス
2026-10-11|京都|8R|c151edd832ec5cab|morning|NA,2026-10-11T08:41:20+09:00,base-1.12-calibrated,morning,2026-10-11,京都,8R,3歳以上2勝クラス,ダート,1800,良,13,ロイスター,西塚,笹田,True,automation_pre_race,feature_missing,8,0.10484452365789336,0.29985195198844283,29.204778132643433,0.10484452365789336,0.29985195198844283,29.204778132643433,3,▲,,,,,,,7,3,54.0,,,8.025185683020558,0.21500456668217616,3.4394014331558185,7.494719668074899,7.75818987058195,0.21500456668217616,0.21500456668217616,0.21500456668217616,0.21500456668217616,0.21500456668217616,0.21691542288557214,,,,0.0,,0.0,0.0,4,,8.1,2.0,0.1234567901234568,2.0918640616783932,0.20929242414002838,0.21500456668217616,0.21500456668217616,0.21500456668217616,0.21500456668217616,0.21500456668217616,0.21500456668217616,0.21500456668217616,0.21500456668217616,16.0,0.09749533557205795,0.125,0.125,0.6875,0.53125,0.5625,0.75,0.53125,0.75,牝,,2勝クラス
2026-10-11|京都|8R|c151edd832ec5cab|morning|NA,2026-10-11T08:41:20+09:00,base-1.12-calibrated,morning,2026-10-11,京都,8R,3歳以上2勝クラス,ダート,1800,良,3,ヴァンアグレアブル,幸,橋口,True,automation_pre_race,ok,3,0.08311855681857001,0.2202960363238228,29.01292015928114,0.08311855681857001,0.2202960363238228,29.01292015928114,4,△,,,,,,,2,4,56.0,,,2.6,0.8,3.4394014331558185,2.6,2.0,0.6363636363636364,0.8333333333333334,0.6363636363636364,0.21500456668217616,0.21500456668217616,0.23204787234042554,4.0,,5.0,0.0,284.0,0.0,0.0,4,3.0,10.1,4.0,0.09900990099009901,2.312535423847214,0.8333333333333334,0.21500456668217616,0.21500456668217616,0.21500456668217616,0.21500456668217616,0.21500456668217616,0.21500456668217616,0.21500456668217616,0.21500456668217616,16.0,0.07818932852808608,0.25,0.25,0.15625,0.53125,0.5625,0.25,0.0625,0.3125,牝,差し,2勝クラス
2026-10-11|京都|8R|c151edd832ec5cab|morning|NA,2026-10-11T08:41:20+09:00,base-1.12-calibrated,morning,2026-10-11,京都,8R,3歳以上2勝クラス,ダート,1800,良,10,オーケアニス,北村友,松永幹,True,automation_pre_race,ok,3,0.05746212354784151,0.14845070411594272,22.43065563113249,0.05746212354784151,0.14845070411594272,22.43065563113249,5,△,,,,,,,5,4,56.0,,,2.8,0.8,1.0,5.2,1.2,0.8,0.0,0.75,0.21500456668217616,0.21500456668217616,0.223986856516977,1.0,,2.0,0.0,315.0,0.0,2.0,4,2.0,16.6,8.0,0.06024096385542168,2.8094026953624978,0.75,0.21500456668217616,0.21500456668217616,0.21500456668217616,0.21500456668217616,0.21500456668217616,0.21500456668217616,0.21500456668217616,0.21500456668217616,16.0,0.04757302518877525,0.5,0.5,0.15625,0.53125,0.5625,0.1875,0.90625,0.1875,牝,先行,2勝クラス
2026-10-11|京都|8R|c151edd832ec5cab|morning|NA,2026-10-11T08:41:20+09:00,base-1.12-calibrated,morning,2026-10-11,京都,8R,3歳以上2勝クラス,ダート,1800,良,11,ステアハート,☆田山,新谷,True,automation_pre_race,ok,3,0.05363206850336206,0.16840407938126195,22.21500464994925,0.05363206850336206,0.16840407938126195,22.21500464994925,6,☆,,,,,,,6,4,55.0,,,2.8,0.8,6.0,4.8,2.2,1.0,0.75,0.8,0.21500456668217616,0.21500456668217616,0.2278679937139864,1.0,,1.0,400.0,394.0,0.0,2.0,4,2.0,14.9,6.0,0.06711409395973154,2.7013612129514133,0.6666666666666666,0.21500456668217616,0.21500456668217616,0.21500456668217616,0.21500456668217616,0.21500456668217616,0.21500456668217616,0.21500456668217616,0.21500456668217616,16.0,0.05300082000897109,0.375,0.375,0.15625,0.53125,0.5625,0.09375,0.1875,0.0625,牝,先行,2勝クラス
2026-10-11|京都|8R|c151edd832ec5cab|morning|NA,2026-10-11T08:41:20+09:00,base-1.12-calibrated,morning,2026-10-11,京都,8R,3歳以上2勝クラス,ダート,1800,良,7,ハギノコラソン,◇今村,寺島,True,automation_pre_race,ok,3,0.05240432470924374,0.1778279450183032,20.22156934224823,0.05240432470924374,0.1778279450183032,20.22156934224823,7,☆,,,,,,,4,4,54.0,,,3.4,0.6,3.4394014331558185,3.8,3.0,0.5454545454545454,0.8,0.5,0.21500456668217616,0.21500456668217616,0.23333333333333334,4.0,,5.0,0.0,301.0,0.0,1.0,4,3.0,13.7,5.0,0.07299270072992702,2.617395832834079,0.3333333333333333,0.21500456668217616,0.21500456668217616,0.21500456668217616,0.21500456668217616,0.21500456668217616,0.21500456668217616,0.21500456668217616,0.21500456668217616,16.0,0.057643227600997764,0.3125,0.3125,0.34375,0.53125,0.5625,0.3125,0.125,0.40625,牝,差し,2勝クラス
2026-10-11|京都|8R|c151edd832ec5cab|morning|NA,2026-10-11T08:41:20+09:00,base-1.12-calibrated,morning,2026-10-11,京都,8R,3歳以上2勝クラス,ダート,1800,良,8,オデット,★河原田,緒方,True,automation_pre_race,ok,3,0.045698808205072584,0.08841696015595107,14.735400585562441,0.045698808205072584,0.08841696015595107,14.735400585562441,8,注,,,,,,,4,4,52.0,,,5.4,0.4,2.0,6.0,6.6,0.0,0.2,0.0,0.21500456668217616,0.21500456668217616,0.23333333333333334,1.0,,3.0,-200.0,311.0,0.0,1.0,4,2.0,23.3,11.0,0.04291845493562232,3.1484533605716547,0.0,0.21500456668217616,0.21500456668217616,0.21500456668217616,0.21500456668217616,0.21500456668217616,0.21500456668217616,0.21500456668217616,0.21500456668217616,16.0,0.03389322824608023,0.6875,0.6875,0.53125,0.53125,0.5625,0.9375,0.75,0.9375,牝,先行,2勝クラス
2026-10-11|京都|8R|c151edd832ec5cab|morning|NA,2026-10-11T08:41:20+09:00,base-1.12-calibrated,morning,2026-10-11,京都,8R,3歳以上2勝クラス,ダート,1800,良,15,カルミアクラウン,小沢,吉岡,True,automation_pre_race,ok,3,0.0338863954508284,0.11660486116480605,13.236527688312732,0.0338863954508284,0.11660486116480605,13.236527688312732,9,注,,,,,,,8,4,56.0,,,4.2,0.4,3.4394014331558185,6.0,7.0,0.0,0.0,0.42857142857142855,0.21500456668217616,0.21500456668217616,0.2247081712062257,2.0,,4.0,100.0,308.0,0.0,2.0,4,3.0,15.8,7.0,0.06329113924050632,2.760009940032921,0.6666666666666666,0.21500456668217616,0.21500456668217616,0.21500456668217616,0.21500456668217616,0.21500456668217616,0.21500456668217616,0.21500456668217616,0.21500456668217616,16.0,0.049981785957827166,0.4375,0.4375,0.53125,0.53125,0.5625,0.9375,0.90625,0.5,牝,差し,2勝クラス
2026-10-11|京都|8R|c151edd832ec5cab|morning|NA,2026-10-11T08:41:20+09:00,base-1.12-calibrated,morning,2026-10-11,京都,8R,3歳以上2勝クラス,ダート,1800,良,9,マクノス,田口,鈴木孝,True,automation_pre_race,ok,2,0.02942796136953733,0.07237789144772061,7.299145844536639,0.02942796136953733,0.07237789144772061,7.299145844536639,10,注,,,,,,,5,3,54.0,,,11.0,0.0,4.0,12.0,12.0,0.21500456668217616,0.0,0.0,0.21500456668217616,0.21500456668217616,0.223986856516977,11.0,4.0,12.0,400.0,349.0,0.0,3.0,4,4.0,16.8,9.0,0.05952380952380952,2.8213788864092133,0.0,0.21500456668217616,0.21500456668217616,0.21500456668217616,0.21500456668217616,0.21500456668217616,0.21500456668217616,0.21500456668217616,0.21500456668217616,16.0,0.04700667965081365,0.5625,0.5625,0.90625,0.53125,0.5625,0.75,0.90625,0.9375,牝,追込,2勝クラス
2026-10-11|京都|8R|c151edd832ec5cab|morning|NA,2026-10-11T08:41:20+09:00,base-1.12-calibrated,morning,2026-10-11,京都,8R,3歳以上2勝クラス,ダート,1800,良,4,エターナルプロミス,亀田,茶木,True,automation_pre_race,ok,3,0.023636316423408518,0.08606848797050015,10.5609966401636,0.023636316423408518,0.08606848797050015,10.5609966401636,11,×,,,,,,,2,4,56.0,,,8.0,0.4,6.5,7.6,2.4,0.4,0.21500456668217616,0.4,0.21500456668217616,0.21500456668217616,0.23204787234042554,14.0,,12.0,0.0,298.0,0.0,0.0,4,3.0,20.3,10.0,0.04926108374384236,3.0106208860477417,0.4,0.21500456668217616,0.21500456668217616,0.21500456668217616,0.21500456668217616,0.21500456668217616,0.21500456668217616,0.21500456668217616,0.21500456668217616,16.0,0.03890207971101819,0.625,0.625,0.53125,0.53125,0.5625,0.59375,0.53125,0.59375,牝,差し,2勝クラス
2026-10-11|京都|8R|c151edd832ec5cab|morning|NA,2026-10-11T08:41:20+09:00,base-1.12-calibrated,morning,2026-10-11,京都,8R,3歳以上2勝クラス,ダート,1800,良,1,コスモマルーン,川須,秋本,True,automation_pre_race,ok,3,0.009136972324887103,0.05279668186853368,3.024392024428964,0.009136972324887103,0.05279668186853368,3.024392024428964,12,×,,,,,,,1,6,56.0,,,10.5,0.0,3.4394014331558185,5.0,12.75,0.21500456668217616,0.21500456668217616,0.0,0.21500456668217616,0.21500456668217616,0.23772241992882562,12.0,,6.0,200.0,346.0,0.0,0.0,4,3.0,50.4,14.0,0.01984126984126984,3.919991175077323,0.0,0.21500456668217616,0.21500456668217616,0.21500456668217616,0.21500456668217616,0.21500456668217616,0.21500456668217616,0.21500456668217616,0.21500456668217616,16.0,0.01566889321693788,0.875,0.875,0.90625,0.53125,0.5625,0.75,0.53125,0.9375,牝,差し,2勝クラス
2026-10-11|京都|8R|c151edd832ec5cab|morning|NA,2026-10-11T08:41:20+09:00,base-1.12-calibrated,morning,2026-10-11,京都,8R,3歳以上2勝クラス,ダート,1800,良,5,ラヴァブル,◇古川奈,松下,True,automation_pre_race,ok,3,0.006092028974162632,0.04735014657404469,4.320203527693248,0.006092028974162632,0.04735014657404469,4.320203527693248,13,×,,,,,,,3,4,54.0,,,8.0,0.2,4.5,7.4,8.4,0.4,0.21500456668217616,0.25,0.21500456668217616,0.21500456668217616,0.22263914946841776,1.0,,1.0,0.0,329.0,0.0,1.0,4,4.0,32.3,12.0,0.030959752321981428,3.475067230228611,0.25,0.21500456668217616,0.21500456668217616,0.21500456668217616,0.21500456668217616,0.21500456668217616,0.21500456668217616,0.21500456668217616,0.21500456668217616,16.0,0.02444929467906097,0.75,0.75,0.75,0.53125,0.5625,0.59375,0.53125,0.6875,牝,追込,2勝クラス
2026-10-11|京都|8R|c151edd832ec5cab|morning|NA,2026-10-11T08:41:20+09:00,base-1.12-calibrated,morning,2026-10-11,京都,8R,3歳以上2勝クラス,ダート,1800,良,16,カスバートテソーロ,吉田隼,畠山,True,automation_pre_race,ok,2,0.00593656951590077,0.04397545713065207,8.206835792620947,0.00593656951590077,0.04397545713065207,8.206835792620947,14,×,,,,,,,8,4,56.0,,,3.0,0.6,5.0,4.4,5.2,0.5,0.21500456668217616,0.75,0.21500456668217616,0.21500456668217616,0.2247081712062257,2.0,5.0,5.0,0.0,287.0,0.0,1.0,4,3.0,49.9,13.0,0.02004008016032064,3.910021002757473,0.75,0.21500456668217616,0.21500456668217616,0.21500456668217616,0.21500456668217616,0.21500456668217616,0.21500456668217616,0.21500456668217616,0.21500456668217616,16.0,0.01582589615498335,0.8125,0.8125,0.34375,0.53125,0.5625,0.40625,0.53125,0.1875,牝,差し,2勝クラス
2026-10-11|京都|8R|c151edd832ec5cab|morning|NA,2026-10-11T08:41:20+09:00,base-1.12-calibrated,morning,2026-10-11,京都,8R,3歳以上2勝クラス,ダート,1800,良,6,プウスカンドゥール,中井,坂口,True,automation_pre_race,ok,2,0.002197804136734094,0.040291800957364766,1.4172888406801312,0.002197804136734094,0.040291800957364766,1.4172888406801312,15,×,,,,,,,3,6,56.0,,,10.6,0.0,1.0,8.4,12.4,0.0,0.5,0.18181818181818182,0.21500456668217616,0.21500456668217616,0.22263914946841776,10.0,1.0,8.0,0.0,298.0,0.0,0.0,4,3.0,71.4,15.0,0.014005602240896357,4.268297869345539,0.2222222222222222,0.21500456668217616,0.21500456668217616,0.21500456668217616,0.21500456668217616,0.21500456668217616,0.21500456668217616,0.21500456668217616,0.21500456668217616,16.0,0.011060395211956151,0.9375,0.9375,0.90625,0.53125,0.5625,0.9375,0.25,0.8125,牝,差し,2勝クラス
2026-10-11|京都|8R|c151edd832ec5cab|morning|NA,2026-10-11T08:41:20+09:00,base-1.12-calibrated,morning,2026-10-11,京都,8R,3歳以上2勝クラス,ダート,1800,良,14,ゼットレジーナ,国分恭,吉田,True,automation_pre_race,ok,2,0.0019296662020390069,0.03149423311630814,1.14732931143904,0.0019296662020390069,0.03149423311630814,1.14732931143904,16,×,,,,,,,7,5,56.0,,,10.4,0.0,5.0,10.2,9.8,0.4444444444444444,0.25,0.4,0.21500456668217616,0.21500456668217616,0.21691542288557214,13.0,5.0,13.0,0.0,311.0,0.0,0.0,4,3.0,83.2,16.0,0.012019230769230768,4.421247347827163,0.3333333333333333,0.21500456668217616,0.21500456668217616,0.21500456668217616,0.21500456668217616,0.21500456668217616,0.21500456668217616,0.21500456668217616,0.21500456668217616,16.0,0.009491733391029678,1.0,1.0,0.90625,0.53125,0.5625,0.5,0.3125,0.59375,牝,差し,2勝クラス
2026-10-11|京都|9R|cc9dfa7063aba289|morning|NA,2026-10-11T08:41:21+09:00,base-1.12-calibrated,morning,2026-10-11,京都,9R,円山特別,ダート,1200,良,7,タカスタカスタカス,松山,藤原,True,automation_pre_race,ok,3,0.29379307567856344,0.6880523393979769,92.20130848494942,0.29379307567856344,0.6880523393979769,92.20130848494942,1,◎,,,,,,,4,3,57.0,,,1.0,1.0,3.4394014331558185,2.0,1.0,1.0,0.21500456668217616,1.0,0.21500456668217616,0.21500456668217616,0.1890648952478283,1.0,,2.0,0.0,473.0,0.0,3.0,4,1.0,2.6,1.0,0.3846153846153846,0.9555114450274363,1.0,0.21500456668217616,0.21500456668217616,0.21500456668217616,0.21500456668217616,0.21500456668217616,0.21500456668217616,0.21500456668217616,0.21500456668217616,16.0,0.30363714593679797,0.0625,0.0625,0.125,0.5625,0.53125,0.15625,0.53125,0.1875,牡,逃げ,2勝クラス
2026-10-11|京都|9R|cc9dfa7063aba289|morning|NA,2026-10-11T08:41:21+09:00,base-1.12-calibrated,morning,2026-10-11,京都,9R,円山特別,ダート,1200,良,1,メイショウバルク,田山,安達,True,automation_pre_race,ok,3,0.13210264293717708,0.35235933416930526,48.03592061639982,0.13210264293717708,0.35235933416930526,48.03592061639982,2,○,,,,,,,1,3,57.0,,,3.0,1.0,3.4394014331558185,2.0,3.0,1.0,0.21500456668217616,1.0,0.21500456668217616,0.21500456668217616,0.19655581947743467,3.0,,2.0,0.0,284.0,0.0,2.0,4,2.0,8.0,2.0,0.125,2.0794415416798357,1.0,0.21500456668217616,0.21500456668217616,0.21500456668217616,0.21500456668217616,0.21500456668217616,0.21500456668217616,0.21500456668217616,0.21500456668217616,16.0,0.09868207242945935,0.125,0.125,0.125,0.5625,0.53125,0.15625,0.53125,0.1875,牡,先行,2勝クラス
2026-10-11|京都|9R|cc9dfa7063aba289|morning|NA,2026-10-11T08:41:21+09:00,base-1.12-calibrated,morning,2026-10-11,京都,9R,円山特別,ダート,1200,良,12,アオイレーギーナ,幸,宮地,True,automation_pre_race,ok,3,0.098817432770713,0.22626289537024605,31.51935153676362,0.098817432770713,0.22626289537024605,31.51935153676362,3,▲,,,,,,,6,4,56.0,,,7.0,0.4,1.0,8.2,7.4,0.6,1.0,1.0,0.21500456668217616,0.21500456668217616,0.2037037037037037,1.0,,1.0,0.0,377.0,0.0,1.0,4,2.0,11.3,5.0,0.08849557522123894,2.424802725718295,1.0,0.21500456668217616,0.21500456668217616,0.21500456668217616,0.21500456668217616,0.21500456668217616,0.21500456668217616,0.21500456668217616,0.21500456668217616,16.0,0.06986341410935175,0.3125,0.3125,0.5625,0.5625,0.53125,0.375,0.125,0.1875,牝,先行,2勝クラス
2026-10-11|京都|9R|cc9dfa7063aba289|morning|NA,2026-10-11T08:41:21+09:00,base-1.12-calibrated,morning,2026-10-11,京都,9R,円山特別,ダート,1200,良,10,ダノンプリマ,角田和,千田,True,automation_pre_race,ok,3,0.09472639739701001,0.24618419472654887,33.112266367110045,0.09472639739701001,0.24618419472654887,33.112266367110045,4,△,,,,,,,5,4,56.0,,,3.4,0.6,3.4394014331558185,6.0,4.0,0.6666666666666666,1.0,1.0,0.21500456668217616,0.21500456668217616,0.21343283582089553,3.0,,9.0,-400.0,322.0,0.0,2.0,4,2.0,11.1,4.0,0.0900900900900901,2.4069451083182885,1.0,0.21500456668217616,0.21500456668217616,0.21500456668217616,0.21500456668217616,0.21500456668217616,0.21500456668217616,0.21500456668217616,0.21500456668217616,16.0,0.07112221436357431,0.25,0.25,0.34375,0.5625,0.53125,0.3125,0.125,0.1875,牝,先行,2勝クラス
2026-10-11|京都|9R|cc9dfa7063aba289|morning|NA,2026-10-11T08:41:21+09:00,base-1.12-calibrated,morning,2026-10-11,京都,9R,円山特別,ダート,1200,良,4,ルクスレイモンド,坂井,上原佑,True,automation_pre_race,ok,3,0.0915226326112233,0.23698613634539467,36.17350068316435,0.0915226326112233,0.23698613634539467,36.17350068316435,5,△,,,,,,,2,3,57.0,,,1.3333333333333333,1.0,3.4394014331558185,2.3333333333333335,2.0,1.0,0.21500456668217616,1.0,0.21500456668217616,0.21500456668217616,0.1943207126948775,1.0,,1.0,0.0,298.0,0.0,1.0,4,2.0,13.9,6.0,0.07194244604316546,2.631888840136646,1.0,0.21500456668217616,0.21500456668217616,0.21500456668217616,0.21500456668217616,0.21500456668217616,0.21500456668217616,0.21500456668217616,0.21500456668217616,16.0,0.056795437369473005,0.375,0.375,0.125,0.5625,0.53125,0.15625,0.53125,0.1875,牡,先行,2勝クラス
2026-10-11|京都|9R|cc9dfa7063aba289|morning|NA,2026-10-11T08:41:21+09:00,base-1.12-calibrated,morning,2026-10-11,京都,9R,円山特別,ダート,1200,良,8,タイセイディアマン,田口,大橋,True,automation_pre_race,ok,3,0.08282025694781162,0.2588139748181553,24.79384691774665,0.08282025694781162,0.2588139748181553,24.79384691774665,6,☆,,,,,,,4,4,58.0,,,6.4,0.0,1.0,5.4,6.8,0.5,0.0,0.2857142857142857,0.21500456668217616,0.21500456668217616,0.1890648952478283,7.0,,11.0,-200.0,370.0,0.0,1.0,4,3.0,8.8,3.0,0.11363636363636363,2.174751721484161,0.3333333333333333,0.21500456668217616,0.21500456668217616,0.21500456668217616,0.21500456668217616,0.21500456668217616,0.21500456668217616,0.21500456668217616,0.21500456668217616,16.0,0.08971097493587214,0.1875,0.1875,0.96875,0.5625,0.53125,0.46875,0.875,0.78125,牡,差し,2勝クラス
2026-10-11|京都|9R|cc9dfa7063aba289|morning|NA,2026-10-11T08:41:21+09:00,base-1.12-calibrated,morning,2026-10-11,京都,9R,円山特別,ダート,1200,良,14,カワキタマナレア,斎藤,杉山佳,True,automation_pre_race,ok,3,0.0406980601699744,0.13192199088255147,12.302257597378965,0.0406980601699744,0.13192199088255147,12.302257597378965,7,☆,,,,,,,7,4,56.0,,,10.0,0.0,1.5,4.2,6.8,0.2857142857142857,0.0,0.21500456668217616,0.21500456668217616,0.21500456668217616,0.20925747348119575,12.0,,4.0,-200.0,346.0,0.0,0.0,4,4.0,14.2,7.0,0.07042253521126761,2.653241964607215,0.20929242414002838,0.21500456668217616,0.21500456668217616,0.21500456668217616,0.21500456668217616,0.21500456668217616,0.21500456668217616,0.21500456668217616,0.21500456668217616,16.0,0.055595533763075695,0.4375,0.4375,0.96875,0.5625,0.53125,0.75,0.875,0.90625,牝,追込,2勝クラス
2026-10-11|京都|9R|cc9dfa7063aba289|morning|NA,2026-10-11T08:41:21+09:00,base-1.12-calibrated,morning,2026-10-11,京都,9R,円山特別,ダート,1200,良,2,レッドレベンディス,武豊,庄野,True,automation_pre_race,ok,3,0.03526378749460872,0.12751909442705733,15.989884134195442,0.03526378749460872,0.12751909442705733,15.989884134195442,8,注,,,,,,,1,3,57.0,,,3.75,0.5,7.0,5.25,4.75,0.0,0.21500456668217616,0.0,0.38317757009345793,0.21500456668217616,0.19655581947743467,5.0,,4.0,0.0,284.0,0.0,2.0,4,3.0,15.0,8.0,0.06666666666666667,2.70805020110221,0.0,0.41274658573596357,0.41042345276872966,0.37801989578398865,0.4171392564587272,0.38317757009345793,0.21500456668217616,0.21500456668217616,0.21500456668217616,16.0,0.05263043862904499,0.5,0.5,0.4375,0.0625,0.53125,0.9375,0.53125,1.0,牡,差し,2勝クラス
2026-10-11|京都|9R|cc9dfa7063aba289|morning|NA,2026-10-11T08:41:21+09:00,base-1.12-calibrated,morning,2026-10-11,京都,9R,円山特別,ダート,1200,良,6,セルヴァンス,長岡,小椋,True,automation_pre_race,ok,3,0.03450359433629924,0.11747217766648513,12.570522924235238,0.03450359433629924,0.11747217766648513,12.570522924235238,9,注,,,,,,,3,4,58.0,,,9.8,0.2,3.4394014331558185,9.2,9.2,0.375,0.0,0.5,0.21500456668217616,0.21500456668217616,0.19470899470899472,1.0,,3.0,0.0,301.0,0.0,1.0,4,2.0,26.3,11.0,0.03802281368821293,3.269568939183719,0.5,0.21500456668217616,0.21500456668217616,0.21500456668217616,0.21500456668217616,0.21500456668217616,0.21500456668217616,0.21500456668217616,0.21500456668217616,16.0,0.030017360434816533,0.6875,0.6875,0.84375,0.5625,0.53125,0.6875,0.875,0.46875,せん,先行,2勝クラス
2026-10-11|京都|9R|cc9dfa7063aba289|morning|NA,2026-10-11T08:41:21+09:00,base-1.12-calibrated,morning,2026-10-11,京都,9R,円山特別,ダート,1200,良,15,パールフロント,北村友,寺島,True,automation_pre_race,ok,2,0.02494937724404697,0.11556654938422929,12.409067555066606,0.02494937724404697,0.11556654938422929,12.409067555066606,10,注,,,,,,,8,4,56.0,,,4.8,0.4,3.0,5.2,4.0,0.0,0.25,0.5,0.21500456668217616,0.21500456668217616,0.22035525684109458,3.0,3.0,5.0,-200.0,325.0,0.0,2.0,4,3.0,19.6,9.0,0.0510204081632653,2.975529566236472,0.42857142857142855,0.21500456668217616,0.21500456668217616,0.21500456668217616,0.21500456668217616,0.21500456668217616,0.21500456668217616,0.21500456668217616,0.21500456668217616,16.0,0.04027839690998341,0.5625,0.5625,0.5625,0.5625,0.53125,0.9375,0.3125,0.46875,牝,差し,2勝クラス
2026-10-11|京都|9R|cc9dfa7063aba289|morning|NA,2026-10-11T08:41:21+09:00,base-1.12-calibrated,morning,2026-10-11,京都,9R,円山特別,ダート,1200,良,16,セールヴォラン,松若,北出,True,automation_pre_race,ok,3,0.02022673803347696,0.09290845119518194,12.79775879125945,0.02022673803347696,0.09290845119518194,12.79775879125945,11,×,,,,,,,8,5,58.0,,,3.2,0.6,3.4394014331558185,6.4,2.8,0.4166666666666667,0.5,0.4166666666666667,0.21500456668217616,0.21500456668217616,0.22035525684109458,1.0,,3.0,0.0,418.0,0.0,1.0,4,2.0,36.7,13.0,0.02724795640326975,3.6027767550605247,0.4166666666666667,0.21500456668217616,0.21500456668217616,0.21500456668217616,0.21500456668217616,0.21500456668217616,0.21500456668217616,0.21500456668217616,0.21500456668217616,16.0,0.02151107845873773,0.8125,0.8125,0.34375,0.5625,0.53125,0.5625,0.25,0.5625,牡,先行,2勝クラス
2026-10-11|京都|9R|cc9dfa7063aba289|morning|NA,2026-10-11T08:41:21+09:00,base-1.12-calibrated,morning,2026-10-11,京都,9R,円山特別,ダート,1200,良,3,ストラテージュ,菅原明,荒川,True,automation_pre_race,ok,3,0.02015166342746089,0.1160106192246631,9.358703174424116,0.02015166342746089,0.1160106192246631,9.358703174424116,12,×,,,,,,,2,4,58.0,,,7.0,0.2,3.4394014331558185,8.2,8.2,0.0,0.0,0.2857142857142857,0.21500456668217616,0.21500456668217616,0.1943207126948775,1.0,,1.0,200.0,305.0,0.0,2.0,4,2.0,35.5,12.0,0.028169014084507043,3.56953269648137,0.16666666666666666,0.21500456668217616,0.21500456668217616,0.21500456668217616,0.21500456668217616,0.21500456668217616,0.21500456668217616,0.21500456668217616,0.21500456668217616,16.0,0.022238213505230277,0.75,0.75,0.84375,0.5625,0.53125,0.9375,0.875,0.78125,牡,先行,2勝クラス
2026-10-11|京都|9R|cc9dfa7063aba289|morning|NA,2026-10-11T08:41:21+09:00,base-1.12-calibrated,morning,2026-10-11,京都,9R,円山特別,ダート,1200,良,13,バッハアルプゼー,鮫島駿,橋口,True,automation_pre_race,ok,2,0.01967314879690959,0.1257177617712545,15.495513174257042,0.01967314879690959,0.1257177617712545,15.495513174257042,13,×,,,,,,,7,4,58.0,,,3.6,0.8,1.0,4.4,2.6,1.0,1.0,0.8,0.21500456668217616,0.21500456668217616,0.20925747348119575,3.0,1.0,2.0,0.0,322.0,0.0,1.0,4,3.0,20.7,10.0,0.04830917874396135,3.0301337002713233,0.75,0.21500456668217616,0.21500456668217616,0.21500456668217616,0.21500456668217616,0.21500456668217616,0.21500456668217616,0.21500456668217616,0.21500456668217616,16.0,0.03813799900655434,0.625,0.625,0.25,0.5625,0.53125,0.15625,0.125,0.375,牡,差し,2勝クラス
2026-10-11|京都|9R|cc9dfa7063aba289|morning|NA,2026-10-11T08:41:21+09:00,base-1.12-calibrated,morning,2026-10-11,京都,9R,円山特別,ダート,1200,良,9,フェアリーライズ,川須,秋山,True,automation_pre_race,feature_missing,8,0.005449294329570346,0.07635491332436034,5.264543004878615,0.005449294329570346,0.07635491332436034,5.264543004878615,14,×,,,,,,,5,3,55.0,,,8.025185683020558,0.21500456668217616,3.4394014331558185,7.494719668074899,7.75818987058195,0.21500456668217616,0.21500456668217616,0.21500456668217616,0.21500456668217616,0.21500456668217616,0.21343283582089553,,,,0.0,,0.0,0.0,4,,52.5,16.0,0.01904761904761905,3.960813169597578,0.20929242414002838,0.21500456668217616,0.21500456668217616,0.21500456668217616,0.21500456668217616,0.21500456668217616,0.21500456668217616,0.21500456668217616,0.21500456668217616,16.0,0.01503726817972714,1.0,1.0,0.75,0.5625,0.53125,0.8125,0.53125,0.90625,牝,,2勝クラス
2026-10-11|京都|9R|cc9dfa7063aba289|morning|NA,2026-10-11T08:41:21+09:00,base-1.12-calibrated,morning,2026-10-11,京都,9R,円山特別,ダート,1200,良,11,フレンズプラス,荻野琢,宮本,True,automation_pre_race,ok,3,0.0030047665265733052,0.043812499404803466,5.093432841687935,0.0030047665265733052,0.043812499404803466,5.093432841687935,15,×,,,,,,,6,3,55.0,,,5.0,0.3333333333333333,2.0,5.666666666666667,4.333333333333333,0.5,0.0,0.3333333333333333,0.21500456668217616,0.21500456668217616,0.2037037037037037,7.0,,9.0,0.0,425.0,0.0,2.0,4,3.0,48.7,15.0,0.02053388090349076,3.885679030088544,0.5,0.21500456668217616,0.21500456668217616,0.21500456668217616,0.21500456668217616,0.21500456668217616,0.21500456668217616,0.21500456668217616,0.21500456668217616,16.0,0.016210607380609338,0.9375,0.9375,0.6875,0.5625,0.53125,0.46875,0.875,0.65625,牝,差し,2勝クラス
2026-10-11|京都|9R|cc9dfa7063aba289|morning|NA,2026-10-11T08:41:21+09:00,base-1.12-calibrated,morning,2026-10-11,京都,9R,円山特別,ダート,1200,良,5,クインズシフォン,吉田隼,和田郎,True,automation_pre_race,ok,3,0.00229713129858104,0.04791447764255677,5.70608880809577,0.00229713129858104,0.04791447764255677,5.70608880809577,16,×,,,,,,,3,4,56.0,,,4.8,0.4,4.0,3.2,5.6,0.4,0.21500456668217616,0.3333333333333333,0.21500456668217616,0.21500456668217616,0.19470899470899472,5.0,,2.0,-200.0,377.0,0.0,1.0,4,4.0,42.6,14.0,0.023474178403755867,3.751854253275325,0.0,0.21500456668217616,0.21500456668217616,0.21500456668217616,0.21500456668217616,0.21500456668217616,0.21500456668217616,0.21500456668217616,0.21500456668217616,16.0,0.018531844587691897,0.875,0.875,0.5625,0.5625,0.53125,0.625,0.53125,0.65625,牝,追込,2勝クラス
2026-10-11|京都|10R|f44ac4cbbc44ff71|morning|NA,2026-10-11T08:41:22+09:00,base-1.12-calibrated,morning,2026-10-11,京都,10R,三年坂S,芝,1600,良,4,トミーバローズ,坂井,清水久,True,automation_pre_race,ok,3,0.289227753788579,0.700101739627988,92.5025434906997,0.289227753788579,0.700101739627988,92.5025434906997,1,◎,,,,,,,2,3,55.0,,,2.0,1.0,3.4394014331558185,1.6666666666666667,2.0,1.0,1.0,1.0,0.21500456668217616,0.21500456668217616,0.20925925925925926,1.0,,2.0,0.0,339.0,0.0,3.0,5,2.0,2.3,1.0,0.4347826086956522,0.8329091229351039,1.0,0.21500456668217616,0.21500456668217616,0.21500456668217616,0.21500456668217616,0.21500456668217616,0.21500456668217616,0.21500456668217616,0.21500456668217616,17.0,0.34669835493825707,0.058823529411764705,0.058823529411764705,0.058823529411764705,0.5588235294117647,0.5294117647058824,0.14705882352941177,0.08823529411764706,0.058823529411764705,牡,先行,3勝クラス
2026-10-11|京都|10R|f44ac4cbbc44ff71|morning|NA,2026-10-11T08:41:22+09:00,base-1.12-calibrated,morning,2026-10-11,京都,10R,三年坂S,芝,1600,良,7,アヴィオン,菱田,岡田,True,automation_pre_race,feature_missing,8,0.1710546631707236,0.3955319202082486,50.48055041206484,0.1710546631707236,0.3955319202082486,50.48055041206484,2,○,,,,,,,4,3,53.0,,,8.025185683020558,0.21500456668217616,3.4394014331558185,7.494719668074899,7.75818987058195,0.21500456668217616,0.21500456668217616,0.21500456668217616,0.21500456668217616,0.21500456668217616,0.2506203473945409,,,,0.0,,0.0,0.0,5,,4.7,2.0,0.2127659574468085,1.547562508716013,0.22133347244199458,0.21500456668217616,0.21500456668217616,0.21500456668217616,0.21500456668217616,0.21500456668217616,0.21500456668217616,0.21500456668217616,0.21500456668217616,17.0,0.16966089709744495,0.11764705882352941,0.11764705882352941,0.6470588235294118,0.5588235294117647,0.5294117647058824,0.9117647058823529,0.8529411764705882,0.9117647058823529,牝,,3勝クラス
2026-10-11|京都|10R|f44ac4cbbc44ff71|morning|NA,2026-10-11T08:41:22+09:00,base-1.12-calibrated,morning,2026-10-11,京都,10R,三年坂S,芝,1600,良,8,ミッキージュエリー,中井,中内田,True,automation_pre_race,ok,3,0.15644848002350675,0.3312599176178845,51.44116387265025,0.15644848002350675,0.3312599176178845,51.44116387265025,3,▲,,,,,,,4,4,54.0,,,4.2,0.8,3.0,6.4,2.4,0.75,0.75,0.6666666666666666,0.21500456668217616,0.21500456668217616,0.2506203473945409,2.0,,4.0,0.0,363.0,0.0,0.0,5,1.0,12.6,3.0,0.07936507936507936,2.533696813957432,0.75,0.21500456668217616,0.21500456668217616,0.21500456668217616,0.21500456668217616,0.21500456668217616,0.21500456668217616,0.21500456668217616,0.21500456668217616,17.0,0.06328620764745961,0.17647058823529413,0.17647058823529413,0.14705882352941177,0.5588235294117647,0.5294117647058824,0.29411764705882354,0.17647058823529413,0.17647058823529413,牝,逃げ,3勝クラス
2026-10-11|京都|10R|f44ac4cbbc44ff71|morning|NA,2026-10-11T08:41:22+09:00,base-1.12-calibrated,morning,2026-10-11,京都,10R,三年坂S,芝,1600,良,15,ウォータークラーク,幸,石橋,True,automation_pre_race,ok,3,0.061611556510214445,0.16261589202508978,21.911755821571088,0.061611556510214445,0.16261589202508978,21.911755821571088,4,△,,,,,,,8,4,55.0,,,4.2,0.4,3.4394014331558185,5.0,3.8,1.0,0.3333333333333333,0.4444444444444444,0.21500456668217616,0.21500456668217616,0.24718397997496871,2.0,,1.0,0.0,291.0,0.0,1.0,5,2.0,19.9,8.0,0.05025125628140704,2.990719731730447,0.16666666666666666,0.21500456668217616,0.21500456668217616,0.21500456668217616,0.21500456668217616,0.21500456668217616,0.21500456668217616,0.21500456668217616,0.21500456668217616,17.0,0.040070664138592525,0.47058823529411764,0.47058823529411764,0.5294117647058824,0.5588235294117647,0.5294117647058824,0.14705882352941177,0.7647058823529411,0.5294117647058824,牡,先行,3勝クラス
2026-10-11|京都|10R|f44ac4cbbc44ff71|morning|NA,2026-10-11T08:41:22+09:00,base-1.12-calibrated,morning,2026-10-11,京都,10R,三年坂S,芝,1600,良,11,フェアリーライク,富田,笹田,True,automation_pre_race,ok,3,0.06091485547559032,0.18403305203569306,24.290610749474943,0.06091485547559032,0.18403305203569306,24.290610749474943,5,△,,,,,,,6,4,53.0,,,5.2,0.6,3.4394014331558185,4.0,3.6,0.6666666666666666,1.0,0.625,0.21500456668217616,0.21500456668217616,0.21787296898079764,2.0,,1.0,0.0,360.0,0.0,1.0,5,3.0,13.9,4.0,0.07194244604316546,2.631888840136646,0.5714285714285714,0.21500456668217616,0.21500456668217616,0.21500456668217616,0.21500456668217616,0.21500456668217616,0.21500456668217616,0.21500456668217616,0.21500456668217616,17.0,0.05736735369481951,0.23529411764705882,0.23529411764705882,0.35294117647058826,0.5588235294117647,0.5294117647058824,0.4117647058823529,0.08823529411764706,0.29411764705882354,牝,差し,3勝クラス
2026-10-11|京都|10R|f44ac4cbbc44ff71|morning|NA,2026-10-11T08:41:22+09:00,base-1.12-calibrated,morning,2026-10-11,京都,10R,三年坂S,芝,1600,良,16,エポックヴィーナス,田山,新谷,True,automation_pre_race,ok,3,0.046650591102933195,0.1465482268803553,16.14779090231916,0.046650591102933195,0.1465482268803553,16.14779090231916,6,☆,,,,,,,8,5,54.0,,,5.4,0.2,3.4394014331558185,5.4,9.6,0.4375,0.5555555555555556,0.3888888888888889,0.21500456668217616,0.21500456668217616,0.24718397997496871,6.0,,6.0,0.0,318.0,0.0,0.0,5,3.0,16.8,6.0,0.05952380952380952,2.8213788864092133,0.4666666666666667,0.21500456668217616,0.21500456668217616,0.21500456668217616,0.21500456668217616,0.21500456668217616,0.21500456668217616,0.21500456668217616,0.21500456668217616,17.0,0.04746465573559471,0.35294117647058826,0.35294117647058826,0.7941176470588235,0.5588235294117647,0.5294117647058824,0.7058823529411765,0.5294117647058824,0.6470588235294118,牝,差し,3勝クラス
2026-10-11|京都|10R|f44ac4cbbc44ff71|morning|NA,2026-10-11T08:41:22+09:00,base-1.12-calibrated,morning,2026-10-11,京都,10R,三年坂S,芝,1600,良,17,マトラコーニッシュ,西塚,池添,True,automation_pre_race,ok,3,0.04429367494910273,0.1411524064953903,15.483210575134382,0.04429367494910273,0.1411524064953903,15.483210575134382,7,☆,,,,,,,8,4,53.0,,,4.8,0.2,3.4394014331558185,4.0,4.4,0.21500456668217616,0.6666666666666666,0.42857142857142855,0.21500456668217616,0.21500456668217616,0.24718397997496871,4.0,,2.0,-400.0,311.0,0.0,2.0,5,3.0,18.2,7.0,0.054945054945054944,2.9014215940827497,0.3333333333333333,0.21500456668217616,0.21500456668217616,0.21500456668217616,0.21500456668217616,0.21500456668217616,0.21500456668217616,0.21500456668217616,0.21500456668217616,17.0,0.043813528371318196,0.4117647058823529,0.4117647058823529,0.7941176470588235,0.5588235294117647,0.5294117647058824,0.9117647058823529,0.29411764705882354,0.5882352941176471,牝,差し,3勝クラス
2026-10-11|京都|10R|f44ac4cbbc44ff71|morning|NA,2026-10-11T08:41:22+09:00,base-1.12-calibrated,morning,2026-10-11,京都,10R,三年坂S,芝,1600,良,14,ノクナレア,松山,今野,True,automation_pre_race,ok,3,0.03954085679073749,0.1425758638055847,18.450665833591334,0.03954085679073749,0.1425758638055847,18.450665833591334,8,注,,,,,,,7,4,54.0,,,3.4,0.6,3.4394014331558185,4.0,3.6,0.6666666666666666,0.5,0.6666666666666666,0.21500456668217616,0.21500456668217616,0.2301639344262295,1.0,,4.0,0.0,284.0,0.0,2.0,5,3.0,15.4,5.0,0.06493506493506493,2.7343675094195836,0.5,0.21500456668217616,0.21500456668217616,0.21500456668217616,0.21500456668217616,0.21500456668217616,0.21500456668217616,0.21500456668217616,0.21500456668217616,17.0,0.05177962443883059,0.29411764705882354,0.29411764705882354,0.35294117647058826,0.5588235294117647,0.5294117647058824,0.4117647058823529,0.6176470588235294,0.17647058823529413,牝,差し,3勝クラス
2026-10-11|京都|10R|f44ac4cbbc44ff71|morning|NA,2026-10-11T08:41:22+09:00,base-1.12-calibrated,morning,2026-10-11,京都,10R,三年坂S,芝,1600,良,6,モズカトレア,松若,井上,True,automation_pre_race,ok,3,0.03557040176403939,0.07562858657050613,17.884678190849566,0.03557040176403939,0.07562858657050613,17.884678190849566,9,注,,,,,,,3,4,51.0,,,2.0,0.8,3.4394014331558185,3.6,3.4,0.21500456668217616,0.5,0.21500456668217616,0.21500456668217616,0.21500456668217616,0.24098504837291118,1.0,,2.0,-200.0,325.0,0.0,3.0,5,2.0,31.4,12.0,0.03184713375796178,3.4468078929142076,0.22133347244199458,0.21500456668217616,0.21500456668217616,0.21500456668217616,0.21500456668217616,0.21500456668217616,0.21500456668217616,0.21500456668217616,0.21500456668217616,17.0,0.02539510243178316,0.7058823529411765,0.7058823529411765,0.14705882352941177,0.5588235294117647,0.5294117647058824,0.9117647058823529,0.6176470588235294,0.9117647058823529,牝,先行,3勝クラス
2026-10-11|京都|10R|f44ac4cbbc44ff71|morning|NA,2026-10-11T08:41:22+09:00,base-1.12-calibrated,morning,2026-10-11,京都,10R,三年坂S,芝,1600,良,3,リゾートアイランド,北村友,上原佑,True,automation_pre_race,ok,3,0.024443095567589713,0.1077794086852461,14.854404834393703,0.024443095567589713,0.1077794086852461,14.854404834393703,10,注,,,,,,,2,3,54.0,,,2.6666666666666665,0.6666666666666666,3.4394014331558185,3.6666666666666665,2.0,1.0,0.21500456668217616,0.6666666666666666,0.21500456668217616,0.21500456668217616,0.20925925925925926,2.0,,4.0,0.0,287.0,0.0,2.0,5,2.0,26.8,10.0,0.03731343283582089,3.288401887516811,0.5,0.21500456668217616,0.21500456668217616,0.21500456668217616,0.21500456668217616,0.21500456668217616,0.21500456668217616,0.21500456668217616,0.21500456668217616,17.0,0.029753963296939967,0.5882352941176471,0.5882352941176471,0.23529411764705882,0.5588235294117647,0.5294117647058824,0.14705882352941177,0.8529411764705882,0.17647058823529413,牡,先行,3勝クラス
2026-10-11|京都|10R|f44ac4cbbc44ff71|morning|NA,2026-10-11T08:41:22+09:00,base-1.12-calibrated,morning,2026-10-11,京都,10R,三年坂S,芝,1600,良,5,ハギノアルデバラン,鮫島駿,佐藤悠,True,automation_pre_race,ok,3,0.02198145605118931,0.0871874158307246,7.1197183788121,0.02198145605118931,0.0871874158307246,7.1197183788121,11,×,,,,,,,3,6,56.0,,,8.2,0.0,3.0,5.6,10.0,0.21500456668217616,0.6,0.47368421052631576,0.21500456668217616,0.21500456668217616,0.24098504837291118,4.0,,5.0,-600.0,291.0,0.0,0.0,5,3.0,39.4,13.0,0.025380710659898477,3.673765816303888,0.47058823529411764,0.21500456668217616,0.21500456668217616,0.21500456668217616,0.21500456668217616,0.21500456668217616,0.21500456668217616,0.21500456668217616,0.21500456668217616,17.0,0.02023873645578658,0.7647058823529411,0.7647058823529411,0.9705882352941176,0.5588235294117647,0.5294117647058824,0.9117647058823529,0.4411764705882353,0.4117647058823529,牡,差し,3勝クラス
2026-10-11|京都|10R|f44ac4cbbc44ff71|morning|NA,2026-10-11T08:41:22+09:00,base-1.12-calibrated,morning,2026-10-11,京都,10R,三年坂S,芝,1600,良,13,クスクス,酒井,松下,True,automation_pre_race,ok,3,0.020030832320679485,0.0769196129438677,12.424647179791453,0.020030832320679485,0.0769196129438677,12.424647179791453,12,×,,,,,,,7,5,52.0,,,6.2,0.6,3.4394014331558185,8.8,6.0,0.5,0.4,0.375,0.21500456668217616,0.21500456668217616,0.2301639344262295,12.0,,13.0,0.0,298.0,0.0,1.0,5,2.0,30.3,11.0,0.033003300330033,3.4111477125153233,0.35714285714285715,0.21500456668217616,0.21500456668217616,0.21500456668217616,0.21500456668217616,0.21500456668217616,0.21500456668217616,0.21500456668217616,0.21500456668217616,17.0,0.026317036843498058,0.6470588235294118,0.6470588235294118,0.35294117647058826,0.5588235294117647,0.5294117647058824,0.5882352941176471,0.7058823529411765,0.7352941176470589,牝,先行,3勝クラス
2026-10-11|京都|10R|f44ac4cbbc44ff71|morning|NA,2026-10-11T08:41:22+09:00,base-1.12-calibrated,morning,2026-10-11,京都,10R,三年坂S,芝,1600,良,12,キングメーカー,武豊,須貝,True,automation_pre_race,ok,3,0.013431638212774892,0.07434586248525239,8.877224386680469,0.013431638212774892,0.07434586248525239,8.877224386680469,13,×,,,,,,,6,4,55.0,,,5.4,0.4,3.4394014331558185,5.0,3.6,1.0,0.6666666666666666,0.375,0.38317757009345793,0.21500456668217616,0.21787296898079764,1.0,,2.0,0.0,298.0,0.0,1.0,5,4.0,23.2,9.0,0.04310344827586207,3.1441522786722644,0.375,0.41274658573596357,0.3637160385626643,0.3882121807465619,0.35685109543260307,0.38317757009345793,0.21500456668217616,0.21500456668217616,0.21500456668217616,17.0,0.03437095760163755,0.5294117647058824,0.5294117647058824,0.5294117647058824,0.058823529411764705,0.5294117647058824,0.14705882352941177,0.29411764705882354,0.7352941176470589,牡,追込,3勝クラス
2026-10-11|京都|10R|f44ac4cbbc44ff71|morning|NA,2026-10-11T08:41:22+09:00,base-1.12-calibrated,morning,2026-10-11,京都,10R,三年坂S,芝,1600,良,10,モアリジット,古川奈,西村,True,automation_pre_race,ok,3,0.00812220800405887,0.04415131604417512,4.929138570981569,0.00812220800405887,0.04415131604417512,4.929138570981569,14,×,,,,,,,5,5,54.0,,,8.2,0.2,2.0,10.6,8.2,0.25,0.0,0.2,0.21500456668217616,0.21500456668217616,0.23809523809523808,1.0,,12.0,-400.0,287.0,0.0,2.0,5,2.0,53.3,14.0,0.01876172607879925,3.975936331171799,0.18181818181818182,0.21500456668217616,0.21500456668217616,0.21500456668217616,0.21500456668217616,0.21500456668217616,0.21500456668217616,0.21500456668217616,0.21500456668217616,17.0,0.01496071700484036,0.8235294117647058,0.8235294117647058,0.7941176470588235,0.5588235294117647,0.5294117647058824,0.7647058823529411,0.9705882352941176,1.0,牡,先行,3勝クラス
2026-10-11|京都|10R|f44ac4cbbc44ff71|morning|NA,2026-10-11T08:41:22+09:00,base-1.12-calibrated,morning,2026-10-11,京都,10R,三年坂S,芝,1600,良,1,アルトゥーム,角田和,藤岡健,True,automation_pre_race,ok,3,0.004265220758853146,0.042830529766587785,6.02931354127108,0.004265220758853146,0.042830529766587785,6.02931354127108,15,×,,,,,,,1,5,54.0,,,6.0,0.4,3.4394014331558185,3.8,4.6,0.5,0.6,0.45,0.21500456668217616,0.21500456668217616,0.22308438409311349,11.0,,5.0,0.0,346.0,0.0,0.0,5,3.0,71.6,15.0,0.013966480446927375,4.2710950739666,0.4,0.21500456668217616,0.21500456668217616,0.21500456668217616,0.21500456668217616,0.21500456668217616,0.21500456668217616,0.21500456668217616,0.21500456668217616,17.0,0.011136958329022223,0.8823529411764706,0.8823529411764706,0.5294117647058824,0.5588235294117647,0.5294117647058824,0.5882352941176471,0.4411764705882353,0.47058823529411764,牡,差し,3勝クラス
2026-10-11|京都|10R|f44ac4cbbc44ff71|morning|NA,2026-10-11T08:41:22+09:00,base-1.12-calibrated,morning,2026-10-11,京都,10R,三年坂S,芝,1600,良,9,サクセスアイ,藤懸,北出,True,automation_pre_race,ok,3,0.0018229323980777708,0.027704791465242132,3.10229902495778,0.0018229323980777708,0.027704791465242132,3.10229902495778,16,×,,,,,,,5,6,53.0,,,7.0,0.2,1.0,8.8,5.4,0.6666666666666666,0.6666666666666666,0.5263157894736842,0.21500456668217616,0.21500456668217616,0.23809523809523808,10.0,,11.0,200.0,311.0,0.0,0.0,5,3.0,77.2,16.0,0.012953367875647668,4.3463994570307305,0.5,0.21500456668217616,0.21500456668217616,0.21500456668217616,0.21500456668217616,0.21500456668217616,0.21500456668217616,0.21500456668217616,0.21500456668217616,17.0,0.010329096066813356,0.9411764705882353,0.9411764705882353,0.7941176470588235,0.5588235294117647,0.5294117647058824,0.4117647058823529,0.29411764705882354,0.35294117647058826,牝,差し,3勝クラス
2026-10-11|京都|10R|f44ac4cbbc44ff71|morning|NA,2026-10-11T08:41:22+09:00,base-1.12-calibrated,morning,2026-10-11,京都,10R,三年坂S,芝,1600,良,2,スーサンアッシャー,城戸,鈴木孝,True,automation_pre_race,ok,3,0.0005897831113499288,0.021219955584867372,0.663044614351021,0.0005897831113499288,0.021219955584867372,0.663044614351021,17,×,,,,,,,1,7,54.0,,,8.2,0.0,1.0,6.2,11.6,0.5,0.0,0.3333333333333333,0.21500456668217616,0.21500456668217616,0.22308438409311349,8.0,,12.0,200.0,284.0,0.0,0.0,5,4.0,108.4,17.0,0.00922509225092251,4.685828089005546,0.3157894736842105,0.21500456668217616,0.21500456668217616,0.21500456668217616,0.21500456668217616,0.21500456668217616,0.21500456668217616,0.21500456668217616,0.21500456668217616,17.0,0.007356145907361542,1.0,1.0,0.9705882352941176,0.5588235294117647,0.5294117647058824,0.5882352941176471,0.9705882352941176,0.8235294117647058,牡,追込,3勝クラス
2026-10-11|京都|11R|3d4e23e3cf64c1f3|morning|NA,2026-10-11T08:41:23+09:00,base-1.12-calibrated,morning,2026-10-11,京都,11R,太秦S,ダート,1800,良,13,メルカントゥール,坂井,杉山晴,True,automation_pre_race,ok,3,0.22149246337446998,0.5703622957691653,89.25905739422913,0.22149246337446998,0.5703622957691653,89.25905739422913,1,◎,,,,,,,8,3,55.0,,,1.0,1.0,3.4394014331558185,1.0,2.0,1.0,1.0,1.0,0.21500456668217616,0.21500456668217616,0.2247081712062257,1.0,,1.0,0.0,353.0,0.0,5.0,6,3.0,2.7,1.0,0.37037037037037035,0.9932517730102834,1.0,0.21500456668217616,0.21500456668217616,0.21500456668217616,0.21500456668217616,0.21500456668217616,0.21500456668217616,0.21500456668217616,0.21500456668217616,14.0,0.29188680665534134,0.07142857142857142,0.07142857142857142,0.07142857142857142,0.5714285714285714,0.5357142857142857,0.14285714285714285,0.17857142857142858,0.07142857142857142,牡,差し,オープン
2026-10-11|京都|11R|3d4e23e3cf64c1f3|morning|NA,2026-10-11T08:41:23+09:00,base-1.12-calibrated,morning,2026-10-11,京都,11R,太秦S,ダート,1800,良,2,パシアンジャン,田口,鈴木孝,True,automation_pre_race,ok,2,0.12197260693105122,0.3317858622542565,44.08918028328666,0.12197260693105122,0.3317858622542565,44.08918028328666,2,○,,,,,,,2,5,57.0,,,5.4,0.0,1.0,4.0,3.6,0.5,0.625,0.4166666666666667,0.21500456668217616,0.21500456668217616,0.23204787234042554,4.0,1.0,4.0,0.0,311.0,0.0,1.0,6,2.0,10.3,4.0,0.0970873786407767,2.33214389523559,0.375,0.21500456668217616,0.21500456668217616,0.21500456668217616,0.21500456668217616,0.21500456668217616,0.21500456668217616,0.21500456668217616,0.21500456668217616,14.0,0.07651401727858463,0.2857142857142857,0.2857142857142857,0.8928571428571429,0.5714285714285714,0.5357142857142857,0.6071428571428571,0.6071428571428571,0.6428571428571429,牡,先行,オープン
2026-10-11|京都|11R|3d4e23e3cf64c1f3|morning|NA,2026-10-11T08:41:23+09:00,base-1.12-calibrated,morning,2026-10-11,京都,11R,太秦S,ダート,1800,良,5,タガノバビロン,松山,西園翔,True,automation_pre_race,ok,3,0.10795302999443801,0.3443430946903145,46.28887403620208,0.10795302999443801,0.3443430946903145,46.28887403620208,3,▲,,,,,,,4,4,57.0,,,3.2,0.6,3.4394014331558185,2.2,1.4,0.6666666666666666,1.0,0.6666666666666666,0.21500456668217616,0.21500456668217616,0.23333333333333334,4.0,,4.0,0.0,284.0,0.0,0.0,6,4.0,6.4,3.0,0.15625,1.8562979903656263,1.0,0.21500456668217616,0.21500456668217616,0.21500456668217616,0.21500456668217616,0.21500456668217616,0.21500456668217616,0.21500456668217616,0.21500456668217616,14.0,0.12313974655772214,0.21428571428571427,0.21428571428571427,0.35714285714285715,0.5714285714285714,0.5357142857142857,0.35714285714285715,0.17857142857142858,0.21428571428571427,牡,追込,オープン
2026-10-11|京都|11R|3d4e23e3cf64c1f3|morning|NA,2026-10-11T08:41:23+09:00,base-1.12-calibrated,morning,2026-10-11,京都,11R,太秦S,ダート,1800,良,4,ハナウマビーチ,横山琉,西園翔,True,automation_pre_race,ok,3,0.10751863150463187,0.2909675814004393,44.827006011594605,0.10751863150463187,0.2909675814004393,44.827006011594605,4,△,,,,,,,3,4,58.0,,,2.2,0.6,3.4394014331558185,2.6,2.6,0.8,1.0,0.625,0.21500456668217616,0.21500456668217616,0.22263914946841776,1.0,,1.0,0.0,329.0,0.0,4.0,6,2.0,11.2,5.0,0.08928571428571429,2.4159137783010487,0.6666666666666666,0.21500456668217616,0.21500456668217616,0.21500456668217616,0.21500456668217616,0.21500456668217616,0.21500456668217616,0.21500456668217616,0.21500456668217616,14.0,0.07036556946155552,0.35714285714285715,0.35714285714285715,0.35714285714285715,0.5714285714285714,0.5357142857142857,0.2857142857142857,0.17857142857142858,0.2857142857142857,牡,先行,オープン
2026-10-11|京都|11R|3d4e23e3cf64c1f3|morning|NA,2026-10-11T08:41:23+09:00,base-1.12-calibrated,morning,2026-10-11,京都,11R,太秦S,ダート,1800,良,1,モックモック,武豊,寺島,True,automation_pre_race,ok,3,0.1045554021862272,0.2715880480124657,43.472917408056034,0.1045554021862272,0.2715880480124657,43.472917408056034,5,△,,,,,,,1,6,58.0,,,4.0,0.6,3.4394014331558185,5.2,2.8,1.0,0.6666666666666666,0.6,0.38317757009345793,0.21500456668217616,0.23772241992882562,1.0,,3.0,0.0,346.0,0.0,2.0,6,3.0,5.6,2.0,0.17857142857142858,1.7227665977411035,0.5,0.41274658573596357,0.41042345276872966,0.3882121807465619,0.4171392564587272,0.38317757009345793,0.21500456668217616,0.21500456668217616,0.21500456668217616,14.0,0.14073113892311104,0.14285714285714285,0.14285714285714285,0.35714285714285715,0.07142857142857142,0.5357142857142857,0.14285714285714285,0.5,0.35714285714285715,牡,差し,オープン
2026-10-11|京都|11R|3d4e23e3cf64c1f3|morning|NA,2026-10-11T08:41:23+09:00,base-1.12-calibrated,morning,2026-10-11,京都,11R,太秦S,ダート,1800,良,3,バスタードサフラン,酒井,渡辺,True,automation_pre_race,ok,3,0.08082090082635503,0.1816060844508495,34.25815349911709,0.08082090082635503,0.1816060844508495,34.25815349911709,6,☆,,,,,,,3,5,55.0,,,3.4,0.6,3.4394014331558185,5.4,3.4,0.6363636363636364,0.625,0.5833333333333334,0.21500456668217616,0.21500456668217616,0.22263914946841776,1.0,,3.0,0.0,476.0,0.0,1.0,6,2.0,12.3,6.0,0.08130081300813008,2.509599262378372,0.5555555555555556,0.21500456668217616,0.21500456668217616,0.21500456668217616,0.21500456668217616,0.21500456668217616,0.21500456668217616,0.21500456668217616,0.21500456668217616,14.0,0.06407271365605055,0.42857142857142855,0.42857142857142855,0.35714285714285715,0.5714285714285714,0.5357142857142857,0.42857142857142855,0.6071428571428571,0.42857142857142855,牝,先行,オープン
2026-10-11|京都|11R|3d4e23e3cf64c1f3|morning|NA,2026-10-11T08:41:23+09:00,base-1.12-calibrated,morning,2026-10-11,京都,11R,太秦S,ダート,1800,良,7,ヴィンセンシオ,吉田隼,森一,True,automation_pre_race,ok,3,0.06405429493852259,0.16074665872412378,26.816277490943307,0.06405429493852259,0.16074665872412378,26.816277490943307,7,☆,,,,,,,5,4,57.0,,,5.6,0.4,3.4394014331558185,7.0,3.6,0.0,0.21500456668217616,0.0,0.21500456668217616,0.21500456668217616,0.223986856516977,9.0,,13.0,-200.0,294.0,0.0,0.0,6,2.0,16.2,8.0,0.0617283950617284,2.785011242238338,0.20929242414002838,0.21500456668217616,0.21500456668217616,0.21500456668217616,0.21500456668217616,0.21500456668217616,0.21500456668217616,0.21500456668217616,0.21500456668217616,14.0,0.048647801109223565,0.5714285714285714,0.5714285714285714,0.6071428571428571,0.5714285714285714,0.5357142857142857,0.9642857142857143,0.8571428571428571,1.0,せん,先行,オープン
2026-10-11|京都|11R|3d4e23e3cf64c1f3|morning|NA,2026-10-11T08:41:23+09:00,base-1.12-calibrated,morning,2026-10-11,京都,11R,太秦S,ダート,1800,良,10,レアンダー,菱田,大根田,True,automation_pre_race,ok,3,0.04824215351597855,0.12415906679152192,17.26129801050163,0.04824215351597855,0.12415906679152192,17.26129801050163,8,注,,,,,,,6,5,57.0,,,9.8,0.0,1.5,13.0,10.6,0.2,0.125,0.25,0.21500456668217616,0.21500456668217616,0.2278679937139864,4.0,,10.0,0.0,322.0,0.0,0.0,6,1.0,49.8,13.0,0.020080321285140562,3.9080149840306073,0.25,0.21500456668217616,0.21500456668217616,0.21500456668217616,0.21500456668217616,0.21500456668217616,0.21500456668217616,0.21500456668217616,0.21500456668217616,14.0,0.01582518831263899,0.9285714285714286,0.9285714285714286,0.8928571428571429,0.5714285714285714,0.5357142857142857,0.8571428571428571,0.9285714285714286,0.7857142857142857,牡,逃げ,オープン
2026-10-11|京都|11R|3d4e23e3cf64c1f3|morning|NA,2026-10-11T08:41:23+09:00,base-1.12-calibrated,morning,2026-10-11,京都,11R,太秦S,ダート,1800,良,8,シュラザック,古川吉,大根田,True,automation_pre_race,ok,3,0.042465553762533206,0.1607668183121948,22.481269404702115,0.042465553762533206,0.1607668183121948,22.481269404702115,9,注,,,,,,,5,4,57.0,,,2.8,0.6,3.4394014331558185,2.8,5.0,0.5,1.0,0.5,0.21500456668217616,0.21500456668217616,0.223986856516977,6.0,,6.0,200.0,394.0,0.0,0.0,6,3.0,14.6,7.0,0.0684931506849315,2.681021528714291,0.5,0.21500456668217616,0.21500456668217616,0.21500456668217616,0.21500456668217616,0.21500456668217616,0.21500456668217616,0.21500456668217616,0.21500456668217616,14.0,0.053979066984206965,0.5,0.5,0.35714285714285715,0.5714285714285714,0.5357142857142857,0.6071428571428571,0.17857142857142858,0.5714285714285714,牡,差し,オープン
2026-10-11|京都|11R|3d4e23e3cf64c1f3|morning|NA,2026-10-11T08:41:23+09:00,base-1.12-calibrated,morning,2026-10-11,京都,11R,太秦S,ダート,1800,良,6,ブルーサン,富田,宮地,True,automation_pre_race,ok,3,0.02962839628267076,0.1182216234160956,15.650399674660143,0.02962839628267076,0.1182216234160956,15.650399674660143,10,注,,,,,,,4,5,57.0,,,6.2,0.4,4.0,7.4,5.4,0.5555555555555556,0.8,0.5555555555555556,0.21500456668217616,0.21500456668217616,0.23333333333333334,6.0,,5.0,100.0,688.0,0.0,0.0,6,1.0,63.6,14.0,0.015723270440251572,4.152613470346076,0.5,0.21500456668217616,0.21500456668217616,0.21500456668217616,0.21500456668217616,0.21500456668217616,0.21500456668217616,0.21500456668217616,0.21500456668217616,14.0,0.012391421037255058,1.0,1.0,0.6071428571428571,0.5714285714285714,0.5357142857142857,0.5,0.39285714285714285,0.5,牡,逃げ,オープン
2026-10-11|京都|11R|3d4e23e3cf64c1f3|morning|NA,2026-10-11T08:41:23+09:00,base-1.12-calibrated,morning,2026-10-11,京都,11R,太秦S,ダート,1800,良,12,ペイシャモノノフ,池添,畑端,True,automation_pre_race,ok,3,0.029138728424101992,0.10966785672157121,13.292855760939709,0.029138728424101992,0.10966785672157121,13.292855760939709,11,×,,,,,,,7,6,57.0,,,6.8,0.2,3.4394014331558185,8.6,7.4,0.0,0.3333333333333333,0.16666666666666666,0.21500456668217616,0.21500456668217616,0.21691542288557214,10.0,,12.0,-300.0,719.0,0.0,1.0,6,2.0,34.6,12.0,0.028901734104046242,3.543853682063679,0.2,0.21500456668217616,0.21500456668217616,0.21500456668217616,0.21500456668217616,0.21500456668217616,0.21500456668217616,0.21500456668217616,0.21500456668217616,14.0,0.022777294160965945,0.8571428571428571,0.8571428571428571,0.7142857142857143,0.5714285714285714,0.5357142857142857,0.9642857142857143,0.7857142857142857,0.9285714285714286,牡,先行,オープン
2026-10-11|京都|11R|3d4e23e3cf64c1f3|morning|NA,2026-10-11T08:41:23+09:00,base-1.12-calibrated,morning,2026-10-11,京都,11R,太秦S,ダート,1800,良,9,ベルウェザー,田山,茶木,True,automation_pre_race,ok,3,0.021653191558406344,0.11634331886630908,9.26300889592437,0.021653191558406344,0.11634331886630908,9.26300889592437,12,×,,,,,,,6,5,57.0,,,8.0,0.0,3.4394014331558185,2.4,6.0,0.3333333333333333,0.5,0.3333333333333333,0.21500456668217616,0.21500456668217616,0.2278679937139864,6.0,,2.0,0.0,336.0,0.0,1.0,6,3.0,29.8,10.0,0.03355704697986577,3.3945083935113587,0.42857142857142855,0.21500456668217616,0.21500456668217616,0.21500456668217616,0.21500456668217616,0.21500456668217616,0.21500456668217616,0.21500456668217616,0.21500456668217616,14.0,0.02644612006608798,0.7142857142857143,0.7142857142857143,0.8928571428571429,0.5714285714285714,0.5357142857142857,0.7142857142857143,0.7142857142857143,0.7142857142857143,牡,差し,オープン
2026-10-11|京都|11R|3d4e23e3cf64c1f3|morning|NA,2026-10-11T08:41:23+09:00,base-1.12-calibrated,morning,2026-10-11,京都,11R,太秦S,ダート,1800,良,11,マリオロード,国分優,安達,True,automation_pre_race,ok,2,0.013096401020247244,0.09162503092492014,6.133944201871812,0.013096401020247244,0.09162503092492014,6.133944201871812,13,×,,,,,,,7,7,58.0,,,7.4,0.0,5.0,6.4,12.2,0.22727272727272727,0.0,0.22580645161290322,0.21500456668217616,0.21500456668217616,0.21691542288557214,8.0,5.0,10.0,0.0,284.0,0.0,0.0,6,3.0,27.2,9.0,0.03676470588235294,3.3032169733019514,0.2,0.21500456668217616,0.21500456668217616,0.21500456668217616,0.21500456668217616,0.21500456668217616,0.21500456668217616,0.21500456668217616,0.21500456668217616,14.0,0.02897405801358168,0.6428571428571429,0.6428571428571429,0.8928571428571429,0.5714285714285714,0.5357142857142857,0.7857142857142857,1.0,0.8571428571428571,牡,差し,オープン
2026-10-11|京都|11R|3d4e23e3cf64c1f3|morning|NA,2026-10-11T08:41:23+09:00,base-1.12-calibrated,morning,2026-10-11,京都,11R,太秦S,ダート,1800,良,14,ミッキークレスト,幸,大久保,True,automation_pre_race,ok,3,0.007408245680365804,0.0661901285653087,11.828804474782887,0.007408245680365804,0.0661901285653087,11.828804474782887,14,×,,,,,,,8,5,57.0,,,4.0,0.8,3.5,4.8,2.8,1.0,0.8,0.875,0.21500456668217616,0.21500456668217616,0.2247081712062257,13.0,,12.0,-100.0,349.0,0.0,0.0,6,3.0,32.5,11.0,0.03076923076923077,3.481240089335692,0.8571428571428571,0.21500456668217616,0.21500456668217616,0.21500456668217616,0.21500456668217616,0.21500456668217616,0.21500456668217616,0.21500456668217616,0.21500456668217616,14.0,0.024249057783674515,0.7857142857142857,0.7857142857142857,0.14285714285714285,0.5714285714285714,0.5357142857142857,0.14285714285714285,0.39285714285714285,0.14285714285714285,牡,差し,オープン
2026-10-11|京都|12R|7749e122b2427c9d|morning|NA,2026-10-11T08:41:24+09:00,base-1.12-calibrated,morning,2026-10-11,京都,12R,3歳以上1勝クラス,芝,1600,良,3,ダークマルス,松山,杉山晴,True,automation_pre_race,ok,3,0.22172798539569163,0.5703743127532563,89.2593578188314,0.22172798539569163,0.5703743127532563,89.2593578188314,1,◎,,,,,,,2,3,56.0,,,2.0,1.0,3.4394014331558185,3.5,3.5,0.21500456668217616,1.0,1.0,0.21500456668217616,0.21500456668217616,0.20925925925925926,3.0,,4.0,-400.0,353.0,0.0,0.0,3,1.0,4.0,1.0,0.25,1.3862943611198906,1.0,0.21500456668217616,0.21500456668217616,0.21500456668217616,0.21500456668217616,0.21500456668217616,0.21500456668217616,0.21500456668217616,0.21500456668217616,16.0,0.19888805084193598,0.0625,0.0625,0.1875,0.5625,0.5625,0.71875,0.125,0.1875,せん,逃げ,1勝クラス
2026-10-11|京都|12R|7749e122b2427c9d|morning|NA,2026-10-11T08:41:24+09:00,base-1.12-calibrated,morning,2026-10-11,京都,12R,3歳以上1勝クラス,芝,1600,良,11,マゲバスピード,坂井,藤原,True,automation_pre_race,ok,3,0.1807296519461826,0.5217410682063083,76.02478369686143,0.1807296519461826,0.5217410682063083,76.02478369686143,2,○,,,,,,,6,3,56.0,,,2.0,1.0,3.4394014331558185,3.0,4.0,1.0,0.21500456668217616,1.0,0.21500456668217616,0.21500456668217616,0.21787296898079764,2.0,,3.0,0.0,311.0,0.0,2.0,3,1.0,5.7,2.0,0.17543859649122806,1.7404661748405046,1.0,0.21500456668217616,0.21500456668217616,0.21500456668217616,0.21500456668217616,0.21500456668217616,0.21500456668217616,0.21500456668217616,0.21500456668217616,16.0,0.13957056199434104,0.125,0.125,0.1875,0.5625,0.5625,0.15625,0.53125,0.1875,牡,逃げ,1勝クラス
2026-10-11|京都|12R|7749e122b2427c9d|morning|NA,2026-10-11T08:41:24+09:00,base-1.12-calibrated,morning,2026-10-11,京都,12R,3歳以上1勝クラス,芝,1600,良,7,ウォーターデライト,鮫島駿,高柳大,True,automation_pre_race,ok,2,0.09945948416451471,0.2310446645655012,44.9328622507173,0.09945948416451471,0.2310446645655012,44.9328622507173,3,▲,,,,,,,4,3,56.0,,,2.0,1.0,2.0,10.0,2.0,0.21500456668217616,0.21500456668217616,1.0,0.21500456668217616,0.21500456668217616,0.2506203473945409,2.0,2.0,10.0,200.0,411.0,0.0,2.0,3,1.0,14.0,7.0,0.07142857142857142,2.6390573296152584,0.22133347244199458,0.21500456668217616,0.21500456668217616,0.21500456668217616,0.21500456668217616,0.21500456668217616,0.21500456668217616,0.21500456668217616,0.21500456668217616,16.0,0.05682515738341028,0.4375,0.4375,0.1875,0.5625,0.5625,0.71875,0.53125,0.1875,牡,逃げ,1勝クラス
2026-10-11|京都|12R|7749e122b2427c9d|morning|NA,2026-10-11T08:41:24+09:00,base-1.12-calibrated,morning,2026-10-11,京都,12R,3歳以上1勝クラス,芝,1600,良,2,タイムレスキス,菅原明,吉村,True,automation_pre_race,ok,3,0.09020049244524303,0.26225669968812,42.9988712874591,0.09020049244524303,0.26225669968812,42.9988712874591,4,△,,,,,,,1,3,54.0,,,1.5,1.0,3.4394014331558185,1.5,1.0,1.0,1.0,1.0,0.21500456668217616,0.21500456668217616,0.22308438409311349,1.0,,1.0,0.0,360.0,0.0,1.0,3,2.0,10.0,4.0,0.1,2.302585092994046,1.0,0.21500456668217616,0.21500456668217616,0.21500456668217616,0.21500456668217616,0.21500456668217616,0.21500456668217616,0.21500456668217616,0.21500456668217616,16.0,0.0795552203367744,0.25,0.25,0.1875,0.5625,0.5625,0.15625,0.125,0.1875,牝,先行,1勝クラス
2026-10-11|京都|12R|7749e122b2427c9d|morning|NA,2026-10-11T08:41:24+09:00,base-1.12-calibrated,morning,2026-10-11,京都,12R,3歳以上1勝クラス,芝,1600,良,15,ニシノイツキムスメ,◇今村,北出,True,automation_pre_race,ok,3,0.07321802450672439,0.21318729250033142,30.793691848534856,0.07321802450672439,0.21318729250033142,30.793691848534856,5,△,,,,,,,8,4,54.0,,,4.4,0.4,1.0,7.2,9.8,0.2857142857142857,0.0,0.2727272727272727,0.21500456668217616,0.21500456668217616,0.24718397997496871,7.0,,8.0,0.0,370.0,0.0,0.0,3,2.0,13.5,6.0,0.07407407407407407,2.6026896854443837,0.2727272727272727,0.21500456668217616,0.21500456668217616,0.21500456668217616,0.21500456668217616,0.21500456668217616,0.21500456668217616,0.21500456668217616,0.21500456668217616,16.0,0.0589297928420551,0.375,0.375,0.6875,0.5625,0.5625,0.4375,0.875,0.625,牝,先行,1勝クラス
2026-10-11|京都|12R|7749e122b2427c9d|morning|NA,2026-10-11T08:41:24+09:00,base-1.12-calibrated,morning,2026-10-11,京都,12R,3歳以上1勝クラス,芝,1600,良,4,ペイシャシス,武豊,加藤公,True,automation_pre_race,ok,3,0.06666030280178252,0.23049483717105343,35.30397130228932,0.06666030280178252,0.23049483717105343,35.30397130228932,6,☆,,,,,,,2,3,54.0,,,3.0,1.0,3.4394014331558185,9.0,4.0,1.0,0.21500456668217616,1.0,0.38317757009345793,0.21500456668217616,0.20925925925925926,3.0,,9.0,0.0,287.0,0.0,2.0,3,2.0,8.4,3.0,0.11904761904761904,2.128231705849268,1.0,0.41274658573596357,0.3637160385626643,0.3882121807465619,0.35685109543260307,0.38317757009345793,0.21500456668217616,0.21500456668217616,0.21500456668217616,16.0,0.09470859563901712,0.1875,0.1875,0.1875,0.0625,0.5625,0.15625,0.53125,0.1875,牝,先行,1勝クラス
2026-10-11|京都|12R|7749e122b2427c9d|morning|NA,2026-10-11T08:41:24+09:00,base-1.12-calibrated,morning,2026-10-11,京都,12R,3歳以上1勝クラス,芝,1600,良,12,レインボーステート,小沢,茶木,True,automation_pre_race,ok,3,0.050712396665999755,0.18948757663980806,22.936962713627395,0.050712396665999755,0.18948757663980806,22.936962713627395,7,☆,,,,,,,6,3,56.0,,,7.666666666666667,0.3333333333333333,3.4394014331558185,5.666666666666667,7.0,0.21500456668217616,0.5,0.0,0.21500456668217616,0.21500456668217616,0.21787296898079764,7.0,,8.0,200.0,287.0,0.0,1.0,3,3.0,13.4,5.0,0.07462686567164178,2.5952547069568657,0.0,0.21500456668217616,0.21500456668217616,0.21500456668217616,0.21500456668217616,0.21500456668217616,0.21500456668217616,0.21500456668217616,0.21500456668217616,16.0,0.05936956741550327,0.3125,0.3125,0.75,0.5625,0.5625,0.71875,0.34375,0.875,牡,差し,1勝クラス
2026-10-11|京都|12R|7749e122b2427c9d|morning|NA,2026-10-11T08:41:24+09:00,base-1.12-calibrated,morning,2026-10-11,京都,12R,3歳以上1勝クラス,芝,1600,良,6,ルートサーティーン,角田和,辻野,True,automation_pre_race,ok,3,0.049739252843278466,0.1981431698320842,27.034740162604994,0.049739252843278466,0.1981431698320842,27.034740162604994,8,注,,,,,,,3,3,56.0,,,3.0,0.75,3.4394014331558185,4.5,3.5,1.0,1.0,0.75,0.21500456668217616,0.21500456668217616,0.24098504837291118,5.0,,11.0,200.0,363.0,0.0,-3.0,3,2.0,14.3,8.0,0.06993006993006992,2.6602595372658615,0.75,0.21500456668217616,0.21500456668217616,0.21500456668217616,0.21500456668217616,0.21500456668217616,0.21500456668217616,0.21500456668217616,0.21500456668217616,16.0,0.05563302121452754,0.5,0.5,0.375,0.5625,0.5625,0.15625,0.125,0.375,牡,先行,1勝クラス
2026-10-11|京都|12R|7749e122b2427c9d|morning|NA,2026-10-11T08:41:24+09:00,base-1.12-calibrated,morning,2026-10-11,京都,12R,3歳以上1勝クラス,芝,1600,良,5,サトノセプター,北村友,上村,True,automation_pre_race,ok,3,0.04253787454279244,0.13608284621999686,20.872133697885854,0.04253787454279244,0.13608284621999686,20.872133697885854,9,注,,,,,,,3,3,56.0,,,3.0,0.5,3.4394014331558185,3.0,1.5,0.5,0.0,0.5,0.21500456668217616,0.21500456668217616,0.24098504837291118,1.0,,2.0,0.0,287.0,0.0,1.0,3,3.0,16.2,10.0,0.0617283950617284,2.785011242238338,0.5,0.21500456668217616,0.21500456668217616,0.21500456668217616,0.21500456668217616,0.21500456668217616,0.21500456668217616,0.21500456668217616,0.21500456668217616,16.0,0.04910816070171259,0.625,0.625,0.5625,0.5625,0.5625,0.375,0.875,0.5,牡,差し,1勝クラス
2026-10-11|京都|12R|7749e122b2427c9d|morning|NA,2026-10-11T08:41:24+09:00,base-1.12-calibrated,morning,2026-10-11,京都,12R,3歳以上1勝クラス,芝,1600,良,16,ウインラウダ,☆田山,梅田,True,automation_pre_race,ok,3,0.03669401479524117,0.11119035036185446,13.53668219130617,0.03669401479524117,0.11119035036185446,13.53668219130617,10,注,,,,,,,8,5,57.0,,,9.4,0.0,3.4394014331558185,8.2,10.4,0.0,0.16666666666666666,0.0,0.21500456668217616,0.21500456668217616,0.24718397997496871,11.0,,8.0,0.0,301.0,0.0,0.0,3,4.0,14.5,9.0,0.06896551724137931,2.6741486494265287,0.0,0.21500456668217616,0.21500456668217616,0.21500456668217616,0.21500456668217616,0.21500456668217616,0.21500456668217616,0.21500456668217616,0.21500456668217616,16.0,0.05486566919777544,0.5625,0.5625,0.90625,0.5625,0.5625,1.0,0.6875,0.875,牡,追込,1勝クラス
2026-10-11|京都|12R|7749e122b2427c9d|morning|NA,2026-10-11T08:41:24+09:00,base-1.12-calibrated,morning,2026-10-11,京都,12R,3歳以上1勝クラス,芝,1600,良,1,メイショウトウコウ,幸,石橋,True,automation_pre_race,ok,3,0.02895979330083427,0.11802514259100329,16.440249580340417,0.02895979330083427,0.11802514259100329,16.440249580340417,11,×,,,,,,,1,3,56.0,,,4.5,0.5,3.4394014331558185,2.5,6.0,0.21500456668217616,0.5,0.5,0.21500456668217616,0.21500456668217616,0.22308438409311349,6.0,,3.0,200.0,363.0,0.0,1.0,3,3.0,23.3,12.0,0.04291845493562232,3.1484533605716547,0.5,0.21500456668217616,0.21500456668217616,0.21500456668217616,0.21500456668217616,0.21500456668217616,0.21500456668217616,0.21500456668217616,0.21500456668217616,16.0,0.03414387138917356,0.75,0.75,0.5625,0.5625,0.5625,0.71875,0.34375,0.5,牡,差し,1勝クラス
2026-10-11|京都|12R|7749e122b2427c9d|morning|NA,2026-10-11T08:41:24+09:00,base-1.12-calibrated,morning,2026-10-11,京都,12R,3歳以上1勝クラス,芝,1600,良,8,エグジスタンス,田口,奥村豊,True,automation_pre_race,ok,2,0.025241830688380876,0.10474403791743427,10.018293827554821,0.025241830688380876,0.10474403791743427,10.018293827554821,12,×,,,,,,,4,3,56.0,,,7.5,0.0,2.0,8.75,8.75,0.21500456668217616,0.0,0.0,0.21500456668217616,0.23968139029688632,0.2506203473945409,8.0,2.0,10.0,-200.0,339.0,0.0,1.0,3,3.0,17.9,11.0,0.0558659217877095,2.884800712846709,0.0,0.21500456668217616,0.21500456668217616,0.21500456668217616,0.21500456668217616,0.21500456668217616,0.25405405405405407,0.23024638912489379,0.2314516129032258,16.0,0.04444425717138235,0.6875,0.6875,0.90625,0.5625,0.0625,0.71875,0.875,0.875,牡,差し,1勝クラス
2026-10-11|京都|12R|7749e122b2427c9d|morning|NA,2026-10-11T08:41:24+09:00,base-1.12-calibrated,morning,2026-10-11,京都,12R,3歳以上1勝クラス,芝,1600,良,10,ルディシャ,松若,森田,True,automation_pre_race,ok,2,0.015505724104209757,0.08013348813453798,6.54887106989367,0.015505724104209757,0.08013348813453798,6.54887106989367,13,×,,,,,,,5,4,58.0,,,10.8,0.0,3.3333333333333335,11.6,10.0,0.21500456668217616,0.21500456668217616,0.0,0.21500456668217616,0.21500456668217616,0.23809523809523808,15.0,5.0,15.0,-1000.0,305.0,0.0,1.0,3,2.0,47.1,16.0,0.021231422505307854,3.8522730010223722,0.0,0.21500456668217616,0.21500456668217616,0.21500456668217616,0.21500456668217616,0.21500456668217616,0.21500456668217616,0.21500456668217616,0.21500456668217616,16.0,0.01689070495472917,1.0,1.0,0.90625,0.5625,0.5625,0.71875,0.53125,0.875,牡,先行,1勝クラス
2026-10-11|京都|12R|7749e122b2427c9d|morning|NA,2026-10-11T08:41:24+09:00,base-1.12-calibrated,morning,2026-10-11,京都,12R,3歳以上1勝クラス,芝,1600,良,9,ミッキーコンドル,荻野琢,大久保,True,automation_pre_race,ok,3,0.009546375577211066,0.0641733022430965,10.402871547045832,0.009546375577211066,0.0641733022430965,10.402871547045832,14,×,,,,,,,5,4,58.0,,,4.0,0.6,3.4394014331558185,4.4,4.0,0.21500456668217616,0.6666666666666666,0.0,0.21500456668217616,0.21500456668217616,0.23809523809523808,1.0,,2.0,-100.0,305.0,0.0,1.0,3,3.0,38.4,13.0,0.026041666666666668,3.648057459593681,0.0,0.21500456668217616,0.21500456668217616,0.21500456668217616,0.21500456668217616,0.21500456668217616,0.21500456668217616,0.21500456668217616,0.21500456668217616,16.0,0.020717505296035,0.8125,0.8125,0.4375,0.5625,0.5625,0.71875,0.25,0.875,牡,差し,1勝クラス
2026-10-11|京都|12R|7749e122b2427c9d|morning|NA,2026-10-11T08:41:24+09:00,base-1.12-calibrated,morning,2026-10-11,京都,12R,3歳以上1勝クラス,芝,1600,良,13,ドーギッド,◇古川奈,矢作,True,automation_pre_race,ok,2,0.005962280260216962,0.05825172887530064,3.20414754086932,0.005962280260216962,0.05825172887530064,3.20414754086932,15,×,,,,,,,7,4,54.0,,,8.2,0.0,2.5,8.2,9.2,0.21500456668217616,0.0,0.14285714285714285,0.21500456668217616,0.21500456668217616,0.2301639344262295,12.0,3.0,12.0,-200.0,301.0,0.0,0.0,3,3.0,42.0,14.0,0.023809523809523808,3.7376696182833684,0.16666666666666666,0.21500456668217616,0.21500456668217616,0.21500456668217616,0.21500456668217616,0.21500456668217616,0.21500456668217616,0.21500456668217616,0.21500456668217616,16.0,0.018941719127803427,0.875,0.875,0.90625,0.5625,0.5625,0.71875,0.875,0.6875,牝,差し,1勝クラス
2026-10-11|京都|12R|7749e122b2427c9d|morning|NA,2026-10-11T08:41:24+09:00,base-1.12-calibrated,morning,2026-10-11,京都,12R,3歳以上1勝クラス,芝,1600,良,14,エスティヴァリス,酒井,高橋康,True,automation_pre_race,ok,2,0.003104515961696385,0.042222638719926577,6.965660997951863,0.003104515961696385,0.042222638719926577,6.965660997951863,16,×,,,,,,,7,3,54.0,,,6.0,0.5,5.333333333333333,6.5,5.5,0.6666666666666666,0.0,0.5,0.21500456668217616,0.21500456668217616,0.2301639344262295,11.0,5.0,11.0,200.0,294.0,0.0,0.0,3,3.0,45.7,15.0,0.02188183807439825,3.822098297900159,0.5,0.21500456668217616,0.21500456668217616,0.21500456668217616,0.21500456668217616,0.21500456668217616,0.21500456668217616,0.21500456668217616,0.21500456668217616,16.0,0.01740814449382372,0.9375,0.9375,0.5625,0.5625,0.5625,0.3125,0.875,0.5,牝,差し,1勝クラス
